{"train_loss": 0.05122226431727583, "_timestamp": 1697027902.8083935, "_runtime": 39.18254852294922, "_step": 276, "val_acc": 84.97109985351562, "_wandb": {"runtime": 38}}