{"train_loss": 0.1720619707389973, "_timestamp": 1697114373.9454434, "_runtime": 10.636537313461304, "_step": 51, "val_acc": 84.39306640625, "_wandb": {"runtime": 10}}