{"train_loss": 0.061158406970545996, "_timestamp": 1697018871.0902107, "_runtime": 35.217432737350464, "_step": 242, "val_acc": 81.50289154052734, "_wandb": {"runtime": 34}}