{"train_loss": 0.13842516840803762, "_timestamp": 1697099881.4663563, "_runtime": 12.224062204360962, "_step": 65, "val_acc": 84.39306640625, "_wandb": {"runtime": 11}}