{"train_loss": 0.026143346193008298, "_timestamp": 1697024348.7838554, "_runtime": 35.79512143135071, "_step": 296, "val_acc": 87.28323364257812, "_wandb": {"runtime": 35}}