{"train_loss": 0.22388553021605626, "_timestamp": 1697006120.0630014, "_runtime": 8.62621545791626, "_step": 42, "val_acc": 85.54913330078125, "_wandb": {"runtime": 8}}