{"train_loss": 0.12948184061882106, "_timestamp": 1697028256.7357051, "_runtime": 29.481872081756592, "_step": 200, "val_acc": 88.4393081665039, "_wandb": {"runtime": 29}}