{"train_loss": 0.12491369593975156, "_timestamp": 1697069860.4480562, "_runtime": 20.177054166793823, "_step": 150, "val_acc": 83.81502532958984, "_wandb": {"runtime": 19}}