{"train_loss": 0.04372436232150121, "_timestamp": 1697033173.837087, "_runtime": 32.10700082778931, "_step": 263, "val_acc": 87.86127471923828, "_wandb": {"runtime": 31}}