{"train_loss": 0.0194363783947517, "_timestamp": 1697083310.0629504, "_runtime": 28.22225332260132, "_step": 225, "val_acc": 87.28323364257812, "_wandb": {"runtime": 27}}