{"train_loss": 0.12608405654210336, "_timestamp": 1697065135.7974973, "_runtime": 23.314918279647827, "_step": 149, "val_acc": 83.81502532958984, "_wandb": {"runtime": 22}}