{"train_loss": 0.1672352611325508, "_timestamp": 1697050591.496619, "_runtime": 8.906325101852417, "_step": 44, "val_acc": 86.7052001953125, "_wandb": {"runtime": 8}}