{"train_loss": 0.11174451863003332, "_timestamp": 1697119408.9443285, "_runtime": 26.60571551322937, "_step": 179, "val_acc": 86.12716674804688, "_wandb": {"runtime": 26}}