{"train_loss": 0.18024858990467565, "_timestamp": 1697002590.637979, "_runtime": 12.068534135818481, "_step": 62, "val_acc": 84.97109985351562, "_wandb": {"runtime": 11}}