{"train_loss": 0.10321302735246718, "_timestamp": 1697012927.2629719, "_runtime": 35.85439395904541, "_step": 245, "val_acc": 84.97109985351562, "_wandb": {"runtime": 35}}