{"train_loss": 0.028866115359854776, "_timestamp": 1697011380.1819859, "_runtime": 34.04770088195801, "_step": 278, "val_acc": 86.12716674804688, "_wandb": {"runtime": 33}}