{"train_loss": 0.05516258067299807, "_timestamp": 1697075177.8580468, "_runtime": 19.82494282722473, "_step": 149, "val_acc": 86.12716674804688, "_wandb": {"runtime": 19}}