{"train_loss": 0.06417963820033122, "_timestamp": 1697118088.7426524, "_runtime": 24.512343406677246, "_step": 189, "val_acc": 83.81502532958984, "_wandb": {"runtime": 24}}