{"train_loss": 0.15740999293535254, "_timestamp": 1697003167.0328722, "_runtime": 20.94208312034607, "_step": 153, "val_acc": 84.39306640625, "_wandb": {"runtime": 20}}