{"train_loss": 0.11078800108327075, "_timestamp": 1696997449.0907238, "_runtime": 18.711565732955933, "_step": 111, "val_acc": 84.39306640625, "_wandb": {"runtime": 18}}