{"train_loss": 0.013877710018870096, "_timestamp": 1697025234.2004912, "_runtime": 27.768676280975342, "_step": 221, "val_acc": 84.39306640625, "_wandb": {"runtime": 27}}