{"train_loss": 0.17402006229818906, "_timestamp": 1697023321.952427, "_runtime": 18.188458919525146, "_step": 110, "val_acc": 82.08092498779297, "_wandb": {"runtime": 17}}