{"train_loss": 0.21313874562119328, "_timestamp": 1697033243.3932757, "_runtime": 24.51203179359436, "_step": 189, "val_acc": 84.39306640625, "_wandb": {"runtime": 24}}