{"train_loss": 0.037923417327557364, "_timestamp": 1697018220.134514, "_runtime": 36.44159698486328, "_step": 299, "val_acc": 86.12716674804688, "_wandb": {"runtime": 36}}