{"train_loss": 0.05044571601641554, "_timestamp": 1697032325.553068, "_runtime": 43.47122383117676, "_step": 299, "val_acc": 82.6589584350586, "_wandb": {"runtime": 41}}