{"train_loss": 0.05259954491034583, "_timestamp": 1697066000.162016, "_runtime": 24.45655584335327, "_step": 189, "val_acc": 84.97109985351562, "_wandb": {"runtime": 24}}