{"train_loss": 0.059897711110669515, "_timestamp": 1697051690.9852636, "_runtime": 15.100021600723267, "_step": 101, "val_acc": 83.81502532958984, "_wandb": {"runtime": 14}}