{"train_loss": 0.15834386560654398, "_timestamp": 1697052492.694215, "_runtime": 27.487051963806152, "_step": 182, "val_acc": 82.6589584350586, "_wandb": {"runtime": 27}}