{"train_loss": 0.17670544397172538, "_timestamp": 1697103619.246333, "_runtime": 15.852186918258667, "_step": 90, "val_acc": 84.97109985351562, "_wandb": {"runtime": 15}}