{"train_loss": 0.10990178070929942, "_timestamp": 1697128250.8582687, "_runtime": 24.336951732635498, "_step": 158, "val_acc": 82.6589584350586, "_wandb": {"runtime": 23}}