{"train_loss": 0.079489318471873, "_timestamp": 1697083671.605536, "_runtime": 33.94718408584595, "_step": 236, "val_acc": 86.7052001953125, "_wandb": {"runtime": 33}}