{"train_loss": 0.17495729423366313, "_timestamp": 1697073847.2069707, "_runtime": 9.3168466091156, "_step": 48, "val_acc": 85.54913330078125, "_wandb": {"runtime": 8}}