{"train_loss": 0.059398968097602214, "_timestamp": 1696996548.88145, "_runtime": 20.710903882980347, "_step": 155, "val_acc": 83.81502532958984, "_wandb": {"runtime": 20}}