{"train_loss": 0.06004043311140565, "_timestamp": 1697074166.192305, "_runtime": 29.026782989501953, "_step": 228, "val_acc": 87.28323364257812, "_wandb": {"runtime": 28}}