{"train_loss": 0.14693054883892454, "_timestamp": 1696996329.7843118, "_runtime": 19.974761724472046, "_step": 120, "val_acc": 83.23699188232422, "_wandb": {"runtime": 19}}