{"train_loss": 0.026363586594058245, "_timestamp": 1696998431.8283615, "_runtime": 30.816224575042725, "_step": 245, "val_acc": 84.97109985351562, "_wandb": {"runtime": 30}}