{"train_loss": 0.2013774878280454, "_timestamp": 1697019787.1616879, "_runtime": 12.064718961715698, "_step": 63, "val_acc": 84.39306640625, "_wandb": {"runtime": 11}}