{"train_loss": 0.08821160179633257, "_timestamp": 1697101490.2870514, "_runtime": 40.781548500061035, "_step": 288, "val_acc": 86.12716674804688, "_wandb": {"runtime": 40}}