{"train_loss": 0.01451660044657792, "_timestamp": 1697008722.2094395, "_runtime": 35.01942253112793, "_step": 287, "val_acc": 86.7052001953125, "_wandb": {"runtime": 34}}