{"train_loss": 0.017218016488694175, "_timestamp": 1697096465.7294297, "_runtime": 35.10359168052673, "_step": 291, "val_acc": 84.97109985351562, "_wandb": {"runtime": 34}}