{"train_loss": 0.026506607997404456, "_timestamp": 1696994531.1361353, "_runtime": 31.77904438972473, "_step": 252, "val_acc": 84.97109985351562, "_wandb": {"runtime": 31}}