{"train_loss": 0.19457073737109123, "_timestamp": 1697038122.4280488, "_runtime": 14.713973760604858, "_step": 84, "val_acc": 83.23699188232422, "_wandb": {"runtime": 14}}