{"train_loss": 0.15115163702691017, "_timestamp": 1696973817.315664, "_runtime": 13.13101601600647, "_step": 71, "val_acc": 82.6589584350586, "_wandb": {"runtime": 12}}