{"train_loss": 0.019092577422947385, "_timestamp": 1697043352.209111, "_runtime": 33.354300022125244, "_step": 273, "val_acc": 84.97109985351562, "_wandb": {"runtime": 32}}