{"train_loss": 0.06733213463895629, "_timestamp": 1696980409.9596279, "_runtime": 25.393584966659546, "_step": 200, "val_acc": 82.6589584350586, "_wandb": {"runtime": 25}}