{"train_loss": 0.03675449331599656, "_timestamp": 1697046051.2451859, "_runtime": 34.13221192359924, "_step": 276, "val_acc": 84.97109985351562, "_wandb": {"runtime": 33}}