{"train_loss": 0.05625612147932136, "_timestamp": 1697098018.4150617, "_runtime": 25.258532762527466, "_step": 198, "val_acc": 86.7052001953125, "_wandb": {"runtime": 24}}