{"train_loss": 0.03324876076996673, "_timestamp": 1697058034.1355982, "_runtime": 29.853175163269043, "_step": 240, "val_acc": 83.81502532958984, "_wandb": {"runtime": 29}}