{"train_loss": 0.12011461131014796, "_timestamp": 1697002947.2385976, "_runtime": 33.676740646362305, "_step": 228, "val_acc": 85.54913330078125, "_wandb": {"runtime": 33}}