{"train_loss": 0.056380358769634174, "_timestamp": 1697102915.7310944, "_runtime": 31.47222638130188, "_step": 218, "val_acc": 84.39306640625, "_wandb": {"runtime": 31}}