{"train_loss": 0.07597157084599657, "_timestamp": 1697009477.5701048, "_runtime": 31.0796377658844, "_step": 209, "val_acc": 85.54913330078125, "_wandb": {"runtime": 30}}