{"train_loss": 0.07412297906202459, "_timestamp": 1696998650.7781827, "_runtime": 37.77232480049133, "_step": 258, "val_acc": 84.97109985351562, "_wandb": {"runtime": 37}}