{"train_loss": 0.058241469579813784, "_timestamp": 1697104133.2435482, "_runtime": 32.02727222442627, "_step": 219, "val_acc": 89.01734161376953, "_wandb": {"runtime": 31}}