{"train_loss": 0.6855287288510522, "_timestamp": 1697043055.036855, "_runtime": 24.3754620552063, "_step": 189, "val_acc": 84.97109985351562, "_wandb": {"runtime": 24}}