{"train_loss": 0.22758444704028757, "_timestamp": 1697025828.124108, "_runtime": 15.211912155151367, "_step": 87, "val_acc": 84.97109985351562, "_wandb": {"runtime": 14}}