{"train_loss": 0.023823141150154867, "_timestamp": 1697068733.0198264, "_runtime": 29.65104651451111, "_step": 233, "val_acc": 84.39306640625, "_wandb": {"runtime": 28}}