{"train_loss": 0.09921754287490837, "_timestamp": 1697037690.0206492, "_runtime": 33.955199241638184, "_step": 233, "val_acc": 86.7052001953125, "_wandb": {"runtime": 33}}