{"train_loss": 0.21967797923486593, "_timestamp": 1697024567.073944, "_runtime": 10.446287155151367, "_step": 50, "val_acc": 83.81502532958984, "_wandb": {"runtime": 10}}