{"train_loss": 0.044421620550227005, "_timestamp": 1697121905.5467823, "_runtime": 34.00565433502197, "_step": 263, "val_acc": 86.7052001953125, "_wandb": {"runtime": 33}}