{"train_loss": 0.2657987753492455, "_timestamp": 1697004887.0962663, "_runtime": 9.720599174499512, "_step": 42, "val_acc": 83.23699188232422, "_wandb": {"runtime": 9}}