{"train_loss": 0.09707701827540215, "_timestamp": 1697127541.683633, "_runtime": 23.394448041915894, "_step": 150, "val_acc": 84.97109985351562, "_wandb": {"runtime": 23}}