{"train_loss": 0.083398824687614, "_timestamp": 1696998390.0936718, "_runtime": 20.10103178024292, "_step": 144, "val_acc": 83.81502532958984, "_wandb": {"runtime": 19}}