{"train_loss": 0.10064676307076804, "_timestamp": 1697102104.0240464, "_runtime": 19.733806371688843, "_step": 123, "val_acc": 80.92485809326172, "_wandb": {"runtime": 19}}