{"train_loss": 0.12330689243322542, "_timestamp": 1697022588.7533383, "_runtime": 18.113328218460083, "_step": 111, "val_acc": 80.92485809326172, "_wandb": {"runtime": 17}}