{"train_loss": 0.10779650065896296, "_timestamp": 1697046484.8349283, "_runtime": 18.31118631362915, "_step": 111, "val_acc": 85.54913330078125, "_wandb": {"runtime": 17}}