{"train_loss": 0.10601622888515162, "_timestamp": 1697086077.2557054, "_runtime": 21.924220323562622, "_step": 167, "val_acc": 83.81502532958984, "_wandb": {"runtime": 21}}