{"train_loss": 0.03562987562631755, "_timestamp": 1697064446.5526435, "_runtime": 32.74587845802307, "_step": 263, "val_acc": 84.39306640625, "_wandb": {"runtime": 32}}