{"train_loss": 0.07527377092561056, "_timestamp": 1697124962.5603194, "_runtime": 13.710520505905151, "_step": 90, "val_acc": 86.12716674804688, "_wandb": {"runtime": 13}}