{"train_loss": 0.7598619627398114, "_timestamp": 1697068096.010231, "_runtime": 9.001254081726074, "_step": 45, "val_acc": 82.6589584350586, "_wandb": {"runtime": 8}}