{"train_loss": 0.061580319304105846, "_timestamp": 1697071296.4544382, "_runtime": 17.971944093704224, "_step": 128, "val_acc": 86.12716674804688, "_wandb": {"runtime": 17}}