{"train_loss": 0.1547100953432883, "_timestamp": 1697041944.0080085, "_runtime": 17.90602159500122, "_step": 107, "val_acc": 83.81502532958984, "_wandb": {"runtime": 17}}