{"train_loss": NaN, "_timestamp": 1696856742.4219728, "_runtime": 580.5137076377869, "_step": 9, "_wandb": {"runtime": 592}}