{"train_loss": 0.0470991593915536, "_timestamp": 1697085944.8845625, "_runtime": 18.44578242301941, "_step": 134, "val_acc": 87.28323364257812, "_wandb": {"runtime": 18}}