{"train_loss": 0.44337825737027237, "_timestamp": 1697044692.2545705, "_runtime": 7.894778490066528, "_step": 29, "val_acc": 81.50289154052734, "_wandb": {"runtime": 7}}