{"train_loss": 0.22943759475683057, "_timestamp": 1696997509.6968405, "_runtime": 12.004525423049927, "_step": 51, "val_acc": 81.50289154052734, "_wandb": {"runtime": 10}}