{"train_loss": 0.01770397360831889, "_timestamp": 1697072598.2374914, "_runtime": 33.63043236732483, "_step": 273, "val_acc": 88.4393081665039, "_wandb": {"runtime": 33}}