{"train_loss": 0.10769928500752052, "_timestamp": 1696975697.7662985, "_runtime": 25.645336627960205, "_step": 165, "val_acc": 84.39306640625, "_wandb": {"runtime": 25}}