{"train_loss": 0.16834833442645017, "_timestamp": 1697078623.8123388, "_runtime": 9.398388862609863, "_step": 48, "val_acc": 83.81502532958984, "_wandb": {"runtime": 8}}