{"train_loss": 0.10944951680857082, "_timestamp": 1697020608.4833148, "_runtime": 31.11652374267578, "_step": 215, "val_acc": 84.39306640625, "_wandb": {"runtime": 30}}