{"train_loss": 0.03325271959346177, "_timestamp": 1697053514.3992543, "_runtime": 27.91651940345764, "_step": 221, "val_acc": 85.54913330078125, "_wandb": {"runtime": 27}}