{"train_loss": 0.06058652307242588, "_timestamp": 1697058216.5047853, "_runtime": 25.69885230064392, "_step": 201, "val_acc": 86.12716674804688, "_wandb": {"runtime": 25}}