{"train_loss": 0.024282707815155992, "_timestamp": 1696995292.2105129, "_runtime": 35.941457986831665, "_step": 288, "val_acc": 86.7052001953125, "_wandb": {"runtime": 35}}