{"train_loss": 0.07613745130474008, "_timestamp": 1696983600.3619418, "_runtime": 35.15036678314209, "_step": 242, "val_acc": 82.6589584350586, "_wandb": {"runtime": 34}}