{"train_loss": 0.19081993721598803, "_timestamp": 1697097183.7030544, "_runtime": 10.919049501419067, "_step": 53, "val_acc": 86.7052001953125, "_wandb": {"runtime": 10}}