{"train_loss": 0.16760614984885377, "_timestamp": 1696996730.0779016, "_runtime": 21.991986513137817, "_step": 138, "val_acc": 84.39306640625, "_wandb": {"runtime": 21}}