{"train_loss": 0.09127153101008992, "_timestamp": 1696976474.2553644, "_runtime": 11.740893363952637, "_step": 59, "val_acc": 87.28323364257812, "_wandb": {"runtime": 11}}