{"train_loss": 0.10127841135443644, "_timestamp": 1697073596.9912179, "_runtime": 32.63047790527344, "_step": 260, "val_acc": 83.81502532958984, "_wandb": {"runtime": 32}}