{"train_loss": 0.12519939752366005, "_timestamp": 1697067652.3892853, "_runtime": 21.051607370376587, "_step": 134, "val_acc": 83.81502532958984, "_wandb": {"runtime": 20}}