{"train_loss": 0.039511898037744686, "_timestamp": 1696977587.907967, "_runtime": 40.22247505187988, "_step": 288, "val_acc": 85.54913330078125, "_wandb": {"runtime": 39}}