{"train_loss": 0.06892713439396345, "_timestamp": 1697036799.7500498, "_runtime": 41.78297472000122, "_step": 293, "val_acc": 83.81502532958984, "_wandb": {"runtime": 41}}