{"train_loss": 0.09359102103545136, "_timestamp": 1697101411.1041348, "_runtime": 18.363481760025024, "_step": 110, "val_acc": 84.39306640625, "_wandb": {"runtime": 17}}