{"train_loss": 0.13844618412698512, "_timestamp": 1697049538.8113651, "_runtime": 19.651209115982056, "_step": 123, "val_acc": 86.7052001953125, "_wandb": {"runtime": 19}}