{"train_loss": 0.08569522291898381, "_timestamp": 1696972659.5081615, "_runtime": 20.40924644470215, "_step": 152, "val_acc": 83.23699188232422, "_wandb": {"runtime": 20}}