{"train_loss": 0.03628120276478639, "_timestamp": 1697039909.4382572, "_runtime": 32.306153297424316, "_step": 263, "val_acc": 86.7052001953125, "_wandb": {"runtime": 31}}