{"train_loss": 0.09069976395775758, "_timestamp": 1697124314.4130502, "_runtime": 13.632821083068848, "_step": 89, "val_acc": 85.54913330078125, "_wandb": {"runtime": 13}}