{"train_loss": 0.04927033737713341, "_timestamp": 1696988619.943912, "_runtime": 34.27648091316223, "_step": 231, "val_acc": 87.28323364257812, "_wandb": {"runtime": 33}}