{"train_loss": 0.031123546025239278, "_timestamp": 1697043201.188666, "_runtime": 31.63239312171936, "_step": 258, "val_acc": 87.28323364257812, "_wandb": {"runtime": 31}}