{"train_loss": 0.07458354275522017, "_timestamp": 1697113912.3617585, "_runtime": 14.442241430282593, "_step": 96, "val_acc": 85.54913330078125, "_wandb": {"runtime": 14}}