{"train_loss": 0.05623787457697353, "_timestamp": 1696982144.5872138, "_runtime": 25.243212699890137, "_step": 167, "val_acc": 83.81502532958984, "_wandb": {"runtime": 24}}