{"train_loss": 0.14210746300861585, "_timestamp": 1696984732.320367, "_runtime": 14.102330207824707, "_step": 75, "val_acc": 87.28323364257812, "_wandb": {"runtime": 13}}