{"train_loss": 0.042754184252813965, "_timestamp": 1697022214.9984467, "_runtime": 41.215773820877075, "_step": 294, "val_acc": 84.39306640625, "_wandb": {"runtime": 40}}