{"train_loss": 0.14964095847193845, "_timestamp": 1697099618.915248, "_runtime": 27.19196391105652, "_step": 183, "val_acc": 82.08092498779297, "_wandb": {"runtime": 26}}