{"train_loss": 0.06453977795730638, "_timestamp": 1697127754.6584947, "_runtime": 34.7867546081543, "_step": 239, "val_acc": 84.39306640625, "_wandb": {"runtime": 34}}