{"train_loss": 0.06556034373623038, "_timestamp": 1697096698.454911, "_runtime": 35.965487003326416, "_step": 251, "val_acc": 86.12716674804688, "_wandb": {"runtime": 35}}