{"train_loss": 0.1441090166714952, "_timestamp": 1697089320.4394362, "_runtime": 41.441532135009766, "_step": 297, "val_acc": 83.81502532958984, "_wandb": {"runtime": 41}}