{"train_loss": 0.18778710067272186, "_timestamp": 1697079507.6855495, "_runtime": 9.989354610443115, "_step": 47, "val_acc": 83.81502532958984, "_wandb": {"runtime": 9}}