{"train_loss": 0.11370764786464184, "_timestamp": 1696989441.357482, "_runtime": 20.538881063461304, "_step": 123, "val_acc": 85.54913330078125, "_wandb": {"runtime": 20}}