{"train_loss": 0.05518062752576783, "_timestamp": 1696991416.5883763, "_runtime": 42.922675371170044, "_step": 297, "val_acc": 84.39306640625, "_wandb": {"runtime": 42}}