{"train_loss": 0.12420383568306259, "_timestamp": 1697059040.2558916, "_runtime": 33.49205565452576, "_step": 231, "val_acc": 84.39306640625, "_wandb": {"runtime": 33}}