{"train_loss": 0.16705024526671094, "_timestamp": 1696992479.5137918, "_runtime": 19.30705976486206, "_step": 116, "val_acc": 84.97109985351562, "_wandb": {"runtime": 18}}