{"train_loss": 0.023134038973123182, "_timestamp": 1697046157.7243423, "_runtime": 37.316354274749756, "_step": 257, "val_acc": 87.28323364257812, "_wandb": {"runtime": 36}}