{"train_loss": 0.11728818837260871, "_timestamp": 1697010695.1397805, "_runtime": 39.22024750709534, "_step": 276, "val_acc": 85.54913330078125, "_wandb": {"runtime": 38}}