{"train_loss": 0.03621496287104132, "_timestamp": 1697065718.085126, "_runtime": 28.233568906784058, "_step": 224, "val_acc": 89.01734161376953, "_wandb": {"runtime": 27}}