{"train_loss": 0.0764227400663807, "_timestamp": 1697045500.0837998, "_runtime": 19.262576818466187, "_step": 140, "val_acc": 83.81502532958984, "_wandb": {"runtime": 18}}