{"train_loss": 0.12390168732692769, "_timestamp": 1697128442.2022407, "_runtime": 29.0031476020813, "_step": 200, "val_acc": 86.12716674804688, "_wandb": {"runtime": 28}}