{"train_loss": 0.10443399500556637, "_timestamp": 1697082972.8493366, "_runtime": 16.22397470474243, "_step": 95, "val_acc": 83.23699188232422, "_wandb": {"runtime": 15}}