{"train_loss": 0.25223800763054643, "_timestamp": 1697061370.0365856, "_runtime": 12.790454626083374, "_step": 69, "val_acc": 82.6589584350586, "_wandb": {"runtime": 12}}