{"train_loss": 0.09018624662205058, "_timestamp": 1697033279.9535744, "_runtime": 30.20776653289795, "_step": 206, "val_acc": 86.12716674804688, "_wandb": {"runtime": 29}}