{"train_loss": 0.035637573628729685, "_timestamp": 1697000402.2421045, "_runtime": 23.465808629989624, "_step": 177, "val_acc": 85.54913330078125, "_wandb": {"runtime": 23}}