{"train_loss": 0.04694196540147586, "_timestamp": 1697085861.8153713, "_runtime": 28.240928173065186, "_step": 225, "val_acc": 86.7052001953125, "_wandb": {"runtime": 27}}