{"train_loss": 0.0190494921502419, "_timestamp": 1696972182.6877697, "_runtime": 37.965354681015015, "_step": 242, "val_acc": 87.86127471923828, "_wandb": {"runtime": 37}}