{"train_loss": 0.11832547245200636, "_timestamp": 1696998240.6432042, "_runtime": 14.736812114715576, "_step": 98, "val_acc": 86.12716674804688, "_wandb": {"runtime": 14}}