{"train_loss": 0.0897963423671764, "_timestamp": 1696998215.3398008, "_runtime": 15.322304725646973, "_step": 104, "val_acc": 82.6589584350586, "_wandb": {"runtime": 14}}