{"train_loss": 0.07880700258626115, "_timestamp": 1697014037.9726887, "_runtime": 34.13431978225708, "_step": 231, "val_acc": 88.4393081665039, "_wandb": {"runtime": 33}}