{"train_loss": 3.3118984647268475, "_timestamp": 1696811744.7502775, "_runtime": 298.2091884613037, "_step": 4, "_wandb": {"runtime": 297}}