{"train_loss": 0.04899476098199917, "_timestamp": 1697122223.7978947, "_runtime": 37.20551562309265, "_step": 243, "val_acc": 83.81502532958984, "_wandb": {"runtime": 36}}