{"train_loss": 0.07409142107204643, "_timestamp": 1696997750.7598681, "_runtime": 14.610010147094727, "_step": 95, "val_acc": 82.6589584350586, "_wandb": {"runtime": 14}}