{"train_loss": 0.28343363950938677, "_timestamp": 1697113350.7146325, "_runtime": 9.440894603729248, "_step": 42, "val_acc": 84.39306640625, "_wandb": {"runtime": 9}}