{"train_loss": 0.0443183334739229, "_timestamp": 1697099279.0600693, "_runtime": 28.545733213424683, "_step": 228, "val_acc": 85.54913330078125, "_wandb": {"runtime": 28}}