{"train_loss": 0.2096742157672727, "_timestamp": 1697052151.044671, "_runtime": 11.507976055145264, "_step": 57, "val_acc": 82.6589584350586, "_wandb": {"runtime": 11}}