{"train_loss": 0.06926617790135382, "_timestamp": 1697002165.5386078, "_runtime": 35.0493528842926, "_step": 282, "val_acc": 86.12716674804688, "_wandb": {"runtime": 34}}