{"train_loss": 0.047972533884011535, "_timestamp": 1697017585.6147833, "_runtime": 40.909202337265015, "_step": 287, "val_acc": 84.39306640625, "_wandb": {"runtime": 40}}