{"train_loss": 0.14166551741749742, "_timestamp": 1696981189.8568242, "_runtime": 19.130407094955444, "_step": 140, "val_acc": 86.7052001953125, "_wandb": {"runtime": 18}}