{"train_loss": 0.09200987027048371, "_timestamp": 1696994249.9041228, "_runtime": 12.107808828353882, "_step": 72, "val_acc": 83.81502532958984, "_wandb": {"runtime": 11}}