{"train_loss": 0.0759231326262315, "_timestamp": 1697059495.4462976, "_runtime": 40.92461967468262, "_step": 287, "val_acc": 84.97109985351562, "_wandb": {"runtime": 40}}