{"train_loss": 0.30542619543713195, "_timestamp": 1697028317.191399, "_runtime": 7.908827066421509, "_step": 30, "val_acc": 83.23699188232422, "_wandb": {"runtime": 7}}