{"train_loss": 0.06316160072767457, "_timestamp": 1696985596.8309684, "_runtime": 17.908584356307983, "_step": 125, "val_acc": 84.97109985351562, "_wandb": {"runtime": 17}}