{"train_loss": 0.024360294497117053, "_timestamp": 1697060523.1004922, "_runtime": 27.923441171646118, "_step": 221, "val_acc": 87.28323364257812, "_wandb": {"runtime": 27}}