{"train_loss": 0.03601518054601065, "_timestamp": 1697088048.2679267, "_runtime": 33.67935371398926, "_step": 276, "val_acc": 83.81502532958984, "_wandb": {"runtime": 33}}