{"train_loss": 0.13884951468817022, "_timestamp": 1697041462.0313163, "_runtime": 16.48254632949829, "_step": 114, "val_acc": 82.6589584350586, "_wandb": {"runtime": 16}}