{"train_loss": 0.20087334643616234, "_timestamp": 1697106921.8082614, "_runtime": 8.769150495529175, "_step": 44, "val_acc": 84.39306640625, "_wandb": {"runtime": 8}}