{"train_loss": 0.07833715579012236, "_timestamp": 1696980458.9950955, "_runtime": 38.48780941963196, "_step": 270, "val_acc": 83.81502532958984, "_wandb": {"runtime": 38}}