{"train_loss": 0.06923420484811284, "_timestamp": 1697068416.6074655, "_runtime": 32.87207841873169, "_step": 230, "val_acc": 84.97109985351562, "_wandb": {"runtime": 32}}