{"train_loss": 2.790634696194523, "_timestamp": 1696833776.1381109, "_runtime": 580.5300438404083, "_step": 9, "_wandb": {"runtime": 592}}