{"train_loss": 0.09278438960440284, "_timestamp": 1697109852.3800845, "_runtime": 26.064213514328003, "_step": 173, "val_acc": 85.54913330078125, "_wandb": {"runtime": 25}}