{"train_loss": 3.296047042275584, "_timestamp": 1696942000.0015075, "_runtime": 878.6939406394958, "_step": 21, "val_acc": 0.04624277353286743, "_wandb": {"runtime": 878}}