{"train_loss": 0.07626940169490787, "_timestamp": 1697006267.652904, "_runtime": 32.38401412963867, "_step": 222, "val_acc": 89.01734161376953, "_wandb": {"runtime": 32}}