{"train_loss": 0.0951587793953327, "_timestamp": 1697006856.982145, "_runtime": 41.43541502952576, "_step": 299, "val_acc": 83.81502532958984, "_wandb": {"runtime": 41}}