{"train_loss": 0.08330400045798701, "_timestamp": 1697062628.3956978, "_runtime": 27.858558893203735, "_step": 186, "val_acc": 84.97109985351562, "_wandb": {"runtime": 27}}