{"train_loss": 0.029316702841369564, "_timestamp": 1697115801.12701, "_runtime": 29.21667718887329, "_step": 234, "val_acc": 84.39306640625, "_wandb": {"runtime": 28}}