{"train_loss": 0.32050861262304836, "_timestamp": 1696986169.3022609, "_runtime": 8.095383882522583, "_step": 30, "val_acc": 83.23699188232422, "_wandb": {"runtime": 7}}