{"train_loss": 0.05862052757617866, "_timestamp": 1696980118.1768484, "_runtime": 31.132258415222168, "_step": 251, "val_acc": 83.23699188232422, "_wandb": {"runtime": 30}}