{"train_loss": 0.20829008374536453, "_timestamp": 1697035333.0127187, "_runtime": 24.45841360092163, "_step": 159, "val_acc": 82.6589584350586, "_wandb": {"runtime": 24}}