{"train_loss": 0.054797796429633054, "_timestamp": 1697021806.660045, "_runtime": 19.732496976852417, "_step": 146, "val_acc": 84.97109985351562, "_wandb": {"runtime": 19}}