{"train_loss": 0.029907179982834604, "_timestamp": 1697069079.9684544, "_runtime": 26.354979276657104, "_step": 207, "val_acc": 85.54913330078125, "_wandb": {"runtime": 25}}