{"train_loss": 0.08550922773090776, "_timestamp": 1697078966.6859848, "_runtime": 30.379358768463135, "_step": 207, "val_acc": 84.39306640625, "_wandb": {"runtime": 29}}