{"train_loss": 0.04036757964464879, "_timestamp": 1697066969.460377, "_runtime": 35.512803077697754, "_step": 293, "val_acc": 85.54913330078125, "_wandb": {"runtime": 35}}