{"train_loss": 0.05256144065128336, "_timestamp": 1697047130.7863197, "_runtime": 18.583918809890747, "_step": 134, "val_acc": 84.97109985351562, "_wandb": {"runtime": 18}}