{"train_loss": 0.10404887716394177, "_timestamp": 1697080868.066698, "_runtime": 30.987115144729614, "_step": 210, "val_acc": 86.7052001953125, "_wandb": {"runtime": 30}}