{"train_loss": 0.2648805830367776, "_timestamp": 1697002430.9592378, "_runtime": 7.47508692741394, "_step": 30, "val_acc": 84.39306640625, "_wandb": {"runtime": 7}}