{"train_loss": 0.21196174794851347, "_timestamp": 1697103711.614901, "_runtime": 10.489089965820312, "_step": 51, "val_acc": 82.08092498779297, "_wandb": {"runtime": 10}}