{"train_loss": 0.11813661685283837, "_timestamp": 1696979253.8951442, "_runtime": 37.49127411842346, "_step": 266, "val_acc": 83.23699188232422, "_wandb": {"runtime": 37}}