{"train_loss": 0.05618256037421308, "_timestamp": 1697038547.7288945, "_runtime": 26.779711484909058, "_step": 176, "val_acc": 84.39306640625, "_wandb": {"runtime": 26}}