{"train_loss": 0.03446016481435901, "_timestamp": 1697073894.644887, "_runtime": 35.89812397956848, "_step": 245, "val_acc": 86.7052001953125, "_wandb": {"runtime": 35}}