{"train_loss": 2.761074889897806, "_timestamp": 1696897617.071924, "_runtime": 294.51108407974243, "_step": 4, "_wandb": {"runtime": 294}}