{"train_loss": 0.03361702860376343, "_timestamp": 1696985786.482969, "_runtime": 30.974607944488525, "_step": 246, "val_acc": 86.12716674804688, "_wandb": {"runtime": 30}}