{"train_loss": 0.08710500360791419, "_timestamp": 1697093840.958595, "_runtime": 14.12367296218872, "_step": 93, "val_acc": 86.7052001953125, "_wandb": {"runtime": 13}}