{"train_loss": 0.26023227565510326, "_timestamp": 1697049334.8024445, "_runtime": 8.424182415008545, "_step": 39, "val_acc": 84.39306640625, "_wandb": {"runtime": 8}}