{"train_loss": 0.08661261444564822, "_timestamp": 1697079011.1953976, "_runtime": 13.022905588150024, "_step": 83, "val_acc": 85.54913330078125, "_wandb": {"runtime": 12}}