{"train_loss": 0.0759769510856808, "_timestamp": 1697006228.7264583, "_runtime": 14.100788354873657, "_step": 93, "val_acc": 83.81502532958984, "_wandb": {"runtime": 13}}