{"train_loss": 0.1735937804590131, "_timestamp": 1696995590.5012996, "_runtime": 10.052289724349976, "_step": 53, "val_acc": 83.23699188232422, "_wandb": {"runtime": 9}}