{"train_loss": 0.0690707869686966, "_timestamp": 1697075665.599272, "_runtime": 21.637447118759155, "_step": 162, "val_acc": 83.81502532958984, "_wandb": {"runtime": 21}}