{"train_loss": 0.07367086132750088, "_timestamp": 1697109544.7420738, "_runtime": 17.404502868652344, "_step": 125, "val_acc": 84.39306640625, "_wandb": {"runtime": 17}}