{"train_loss": 0.1378193192067556, "_timestamp": 1697058891.7996652, "_runtime": 24.965777158737183, "_step": 167, "val_acc": 82.6589584350586, "_wandb": {"runtime": 24}}