{"train_loss": 3.426035926439041, "_timestamp": 1696881690.2969024, "_runtime": 1284.2592453956604, "_step": 14, "_wandb": {"runtime": 1283}}