{"train_loss": 0.07649749143287367, "_timestamp": 1696992110.0380595, "_runtime": 24.93736958503723, "_step": 158, "val_acc": 86.12716674804688, "_wandb": {"runtime": 24}}