{"train_loss": 0.04423275528215738, "_timestamp": 1697107377.8908606, "_runtime": 20.181047439575195, "_step": 149, "val_acc": 84.39306640625, "_wandb": {"runtime": 19}}