{"train_loss": 0.13062061907636913, "_timestamp": 1697049318.1043725, "_runtime": 17.663198471069336, "_step": 105, "val_acc": 83.81502532958984, "_wandb": {"runtime": 17}}