{"train_loss": 0.07645835688399952, "_timestamp": 1697041821.9321759, "_runtime": 34.107266902923584, "_step": 236, "val_acc": 84.39306640625, "_wandb": {"runtime": 33}}