{"train_loss": 0.07360923871787828, "_timestamp": 1696976960.772642, "_runtime": 21.130879878997803, "_step": 156, "val_acc": 87.28323364257812, "_wandb": {"runtime": 20}}