{"train_loss": 0.0942129596125681, "_timestamp": 1697037946.392231, "_runtime": 29.207685947418213, "_step": 195, "val_acc": 85.54913330078125, "_wandb": {"runtime": 28}}