{"train_loss": 0.059071523984785865, "_timestamp": 1697110533.3230095, "_runtime": 22.468096494674683, "_step": 173, "val_acc": 87.86127471923828, "_wandb": {"runtime": 22}}