{"train_loss": 0.16343448153523685, "_timestamp": 1697081262.4091988, "_runtime": 31.96327567100525, "_step": 219, "val_acc": 84.97109985351562, "_wandb": {"runtime": 31}}