{"train_loss": 0.09957330569429973, "_timestamp": 1696995864.282464, "_runtime": 26.692891120910645, "_step": 171, "val_acc": 83.23699188232422, "_wandb": {"runtime": 26}}