{"train_loss": 0.14514303801927803, "_timestamp": 1697033426.895168, "_runtime": 22.83998417854309, "_step": 147, "val_acc": 84.97109985351562, "_wandb": {"runtime": 22}}