{"train_loss": 0.22948970489723738, "_timestamp": 1697001739.9055123, "_runtime": 26.040730237960815, "_step": 198, "val_acc": 84.97109985351562, "_wandb": {"runtime": 25}}