{"train_loss": 0.24700480974604225, "_timestamp": 1696998834.226422, "_runtime": 15.500437021255493, "_step": 87, "val_acc": 87.86127471923828, "_wandb": {"runtime": 15}}