{"train_loss": 0.10870903067637322, "_timestamp": 1697016030.132999, "_runtime": 12.330725908279419, "_step": 75, "val_acc": 84.97109985351562, "_wandb": {"runtime": 11}}