{"train_loss": 0.12613318689427402, "_timestamp": 1697026454.7460046, "_runtime": 21.3881356716156, "_step": 132, "val_acc": 84.97109985351562, "_wandb": {"runtime": 20}}