{"train_loss": 0.05015908185999061, "_timestamp": 1697092041.8352907, "_runtime": 35.347453594207764, "_step": 246, "val_acc": 86.7052001953125, "_wandb": {"runtime": 34}}