{"train_loss": 0.22531544646724713, "_timestamp": 1697042167.0515652, "_runtime": 8.047598123550415, "_step": 36, "val_acc": 83.81502532958984, "_wandb": {"runtime": 7}}