{"train_loss": 0.04666383704170585, "_timestamp": 1697068132.331239, "_runtime": 24.461375951766968, "_step": 189, "val_acc": 85.54913330078125, "_wandb": {"runtime": 24}}