{"train_loss": 0.052060875362110175, "_timestamp": 1697116156.8865595, "_runtime": 27.810818433761597, "_step": 221, "val_acc": 84.97109985351562, "_wandb": {"runtime": 27}}