{"train_loss": 0.02714944168448795, "_timestamp": 1697041302.9226534, "_runtime": 27.315330505371094, "_step": 215, "val_acc": 87.28323364257812, "_wandb": {"runtime": 26}}