{"train_loss": 0.04578731067852269, "_timestamp": 1697104228.1461754, "_runtime": 23.694631338119507, "_step": 183, "val_acc": 86.7052001953125, "_wandb": {"runtime": 23}}