{"train_loss": 0.2600603197203126, "_timestamp": 1697112040.473041, "_runtime": 8.876049041748047, "_step": 38, "val_acc": 84.39306640625, "_wandb": {"runtime": 8}}