{"train_loss": 0.30451349296802005, "_timestamp": 1697093971.227159, "_runtime": 9.832811117172241, "_step": 45, "val_acc": 85.54913330078125, "_wandb": {"runtime": 9}}