{"train_loss": 0.09999238970509437, "_timestamp": 1697107749.679236, "_runtime": 25.016908884048462, "_step": 167, "val_acc": 80.92485809326172, "_wandb": {"runtime": 24}}