{"train_loss": 0.0664163579511846, "_timestamp": 1697000441.2375245, "_runtime": 30.593522548675537, "_step": 203, "val_acc": 89.01734161376953, "_wandb": {"runtime": 30}}