{"train_loss": 0.14636337666144206, "_timestamp": 1697070450.5724952, "_runtime": 12.3110511302948, "_step": 75, "val_acc": 83.23699188232422, "_wandb": {"runtime": 11}}