{"train_loss": 0.3214237395414086, "_timestamp": 1696994898.3704784, "_runtime": 8.25671648979187, "_step": 36, "val_acc": 85.54913330078125, "_wandb": {"runtime": 7}}