{"train_loss": 0.09243060471923199, "_timestamp": 1697021777.1598034, "_runtime": 21.094948291778564, "_step": 135, "val_acc": 82.6589584350586, "_wandb": {"runtime": 20}}