{"train_loss": 0.0860267388742677, "_timestamp": 1697075809.505261, "_runtime": 15.695801019668579, "_step": 108, "val_acc": 87.28323364257812, "_wandb": {"runtime": 15}}