{"train_loss": 0.09698370259341806, "_timestamp": 1697126732.3094225, "_runtime": 11.162671566009521, "_step": 65, "val_acc": 83.81502532958984, "_wandb": {"runtime": 10}}