{"train_loss": 0.1354509837882117, "_timestamp": 1697025021.2837265, "_runtime": 16.267717361450195, "_step": 83, "val_acc": 86.12716674804688, "_wandb": {"runtime": 15}}