{"train_loss": 0.13671235629184128, "_timestamp": 1697041987.0920007, "_runtime": 19.402790784835815, "_step": 120, "val_acc": 82.6589584350586, "_wandb": {"runtime": 19}}