{"train_loss": 0.23913405757657316, "_timestamp": 1697019401.4465208, "_runtime": 9.555672883987427, "_step": 51, "val_acc": 82.08092498779297, "_wandb": {"runtime": 9}}