{"train_loss": 0.1436900276769234, "_timestamp": 1697027514.265153, "_runtime": 27.479785919189453, "_step": 185, "val_acc": 84.39306640625, "_wandb": {"runtime": 27}}