{"train_loss": 0.8359181897229654, "_timestamp": 1696952608.7817376, "_runtime": 867.2817776203156, "_step": 21, "val_acc": 0.647398829460144, "_wandb": {"runtime": 866}}