{"train_loss": 0.04488706373376772, "_timestamp": 1697080495.2299514, "_runtime": 35.81189727783203, "_step": 252, "val_acc": 86.7052001953125, "_wandb": {"runtime": 35}}