{"train_loss": 0.7917382287424665, "_timestamp": 1697082145.8450954, "_runtime": 10.93895435333252, "_step": 63, "val_acc": 83.81502532958984, "_wandb": {"runtime": 10}}