{"train_loss": 0.052442498486164175, "_timestamp": 1697108095.5868325, "_runtime": 30.169344425201416, "_step": 243, "val_acc": 84.39306640625, "_wandb": {"runtime": 29}}