{"train_loss": 0.09799905012220923, "_timestamp": 1697113730.7927196, "_runtime": 38.072465658187866, "_step": 263, "val_acc": 83.23699188232422, "_wandb": {"runtime": 37}}