{"train_loss": 0.028074970574464734, "_timestamp": 1696977274.0001283, "_runtime": 25.214550256729126, "_step": 197, "val_acc": 87.28323364257812, "_wandb": {"runtime": 24}}