{"train_loss": 0.03510948381966066, "_timestamp": 1697081932.2980056, "_runtime": 38.503586530685425, "_step": 272, "val_acc": 86.12716674804688, "_wandb": {"runtime": 38}}