{"train_loss": 0.1630210613420363, "_timestamp": 1696987999.7281744, "_runtime": 19.640671491622925, "_step": 117, "val_acc": 84.39306640625, "_wandb": {"runtime": 19}}