{"train_loss": 0.0957543034821229, "_timestamp": 1697070546.0142415, "_runtime": 14.923609495162964, "_step": 101, "val_acc": 88.4393081665039, "_wandb": {"runtime": 14}}