{"train_loss": 0.10715884065558744, "_timestamp": 1697049399.321185, "_runtime": 10.182857036590576, "_step": 56, "val_acc": 84.97109985351562, "_wandb": {"runtime": 9}}