{"train_loss": 0.04040598182202598, "_timestamp": 1697111697.9926782, "_runtime": 27.812626123428345, "_step": 222, "val_acc": 86.12716674804688, "_wandb": {"runtime": 27}}