{"train_loss": 0.7439016789890999, "_timestamp": 1697116306.712023, "_runtime": 15.090754985809326, "_step": 101, "val_acc": 80.92485809326172, "_wandb": {"runtime": 14}}