{"train_loss": 0.019168146309269548, "_timestamp": 1697098524.9596624, "_runtime": 36.08207035064697, "_step": 299, "val_acc": 87.28323364257812, "_wandb": {"runtime": 35}}