{"train_loss": 0.08230085180920743, "_timestamp": 1696987297.1612236, "_runtime": 17.020718574523926, "_step": 116, "val_acc": 86.7052001953125, "_wandb": {"runtime": 16}}