{"train_loss": 0.10409189884139355, "_timestamp": 1697061739.6023004, "_runtime": 11.038681507110596, "_step": 63, "val_acc": 83.23699188232422, "_wandb": {"runtime": 10}}