{"train_loss": 0.42724935953007187, "_timestamp": 1697044217.0818007, "_runtime": 24.82032561302185, "_step": 191, "val_acc": 83.81502532958984, "_wandb": {"runtime": 24}}