{"train_loss": 0.0337268574499027, "_timestamp": 1697086151.3725264, "_runtime": 33.80453133583069, "_step": 278, "val_acc": 86.12716674804688, "_wandb": {"runtime": 33}}