{"train_loss": 0.031826562583879676, "_timestamp": 1697105373.630978, "_runtime": 30.152770042419434, "_step": 207, "val_acc": 84.39306640625, "_wandb": {"runtime": 29}}