{"train_loss": 0.1213886548743345, "_timestamp": 1697030945.6046486, "_runtime": 15.158645629882812, "_step": 87, "val_acc": 79.76878356933594, "_wandb": {"runtime": 14}}