{"train_loss": 0.03847752221139841, "_timestamp": 1697051341.0536368, "_runtime": 28.154380798339844, "_step": 224, "val_acc": 84.97109985351562, "_wandb": {"runtime": 27}}