{"train_loss": 0.06145403729101946, "_timestamp": 1697019025.8341484, "_runtime": 25.695821523666382, "_step": 200, "val_acc": 84.97109985351562, "_wandb": {"runtime": 25}}