{"train_loss": 3.2940649508043776, "_timestamp": 1696870134.2669964, "_runtime": 897.3779294490814, "_step": 14, "_wandb": {"runtime": 896}}