{"train_loss": 0.03980602712240503, "_timestamp": 1697075947.7634342, "_runtime": 29.162760257720947, "_step": 234, "val_acc": 85.54913330078125, "_wandb": {"runtime": 28}}