{"train_loss": 0.04947034390859826, "_timestamp": 1697040260.0762978, "_runtime": 21.578539848327637, "_step": 162, "val_acc": 83.81502532958984, "_wandb": {"runtime": 21}}