{"train_loss": 0.02484948269861783, "_timestamp": 1697069460.4883804, "_runtime": 36.027926445007324, "_step": 296, "val_acc": 89.59537506103516, "_wandb": {"runtime": 35}}