{"train_loss": 0.12013716493235078, "_timestamp": 1697052523.374676, "_runtime": 22.211692094802856, "_step": 141, "val_acc": 79.76878356933594, "_wandb": {"runtime": 21}}