{"train_loss": 0.12328354349944654, "_timestamp": 1697095070.1630764, "_runtime": 21.134917497634888, "_step": 132, "val_acc": 82.6589584350586, "_wandb": {"runtime": 20}}