{"train_loss": 0.11794905151581651, "_timestamp": 1697101198.1496952, "_runtime": 38.30053114891052, "_step": 272, "val_acc": 79.76878356933594, "_wandb": {"runtime": 37}}