{"train_loss": 0.052297741876573975, "_timestamp": 1697028006.8525012, "_runtime": 40.95870614051819, "_step": 290, "val_acc": 87.28323364257812, "_wandb": {"runtime": 40}}