{"train_loss": 0.02374313320276912, "_timestamp": 1697005238.863525, "_runtime": 30.809101819992065, "_step": 237, "val_acc": 87.28323364257812, "_wandb": {"runtime": 29}}