{"train_loss": 0.10302226075382773, "_timestamp": 1696974309.0491185, "_runtime": 16.01242446899414, "_step": 108, "val_acc": 88.4393081665039, "_wandb": {"runtime": 15}}