{"train_loss": 0.04628871563181747, "_timestamp": 1697059702.871709, "_runtime": 31.54356813430786, "_step": 218, "val_acc": 84.39306640625, "_wandb": {"runtime": 31}}