{"train_loss": 0.07440346131794327, "_timestamp": 1697006075.645663, "_runtime": 21.039905071258545, "_step": 131, "val_acc": 85.54913330078125, "_wandb": {"runtime": 20}}