{"train_loss": 0.04502449829779771, "_timestamp": 1697072186.5765142, "_runtime": 40.48848533630371, "_step": 291, "val_acc": 85.54913330078125, "_wandb": {"runtime": 40}}