{"train_loss": 0.03884544509847453, "_timestamp": 1696975912.661372, "_runtime": 23.86299204826355, "_step": 183, "val_acc": 86.7052001953125, "_wandb": {"runtime": 23}}