{"train_loss": 0.05453178559451602, "_timestamp": 1697122321.4936328, "_runtime": 42.40610980987549, "_step": 275, "val_acc": 84.39306640625, "_wandb": {"runtime": 42}}