{"train_loss": 0.08585628066320232, "_timestamp": 1697076771.4262486, "_runtime": 20.674986600875854, "_step": 131, "val_acc": 86.7052001953125, "_wandb": {"runtime": 20}}