{"train_loss": 0.017455924486438203, "_timestamp": 1697124408.4952557, "_runtime": 35.2210648059845, "_step": 290, "val_acc": 87.28323364257812, "_wandb": {"runtime": 34}}