{"train_loss": 0.23389900103211403, "_timestamp": 1696992375.2582307, "_runtime": 7.661215782165527, "_step": 32, "val_acc": 85.54913330078125, "_wandb": {"runtime": 7}}