{"train_loss": 0.033337241646814765, "_timestamp": 1697077263.1347146, "_runtime": 33.210763692855835, "_step": 272, "val_acc": 83.81502532958984, "_wandb": {"runtime": 32}}