{"train_loss": 0.06829957556125686, "_timestamp": 1697069042.9169552, "_runtime": 30.329673290252686, "_step": 206, "val_acc": 87.86127471923828, "_wandb": {"runtime": 29}}