{"train_loss": 0.0345471897568597, "_timestamp": 1697095762.119206, "_runtime": 21.957926988601685, "_step": 168, "val_acc": 83.23699188232422, "_wandb": {"runtime": 21}}