{"train_loss": 0.034750758071949835, "_timestamp": 1697016583.75312, "_runtime": 26.521535873413086, "_step": 207, "val_acc": 83.23699188232422, "_wandb": {"runtime": 26}}