{"train_loss": 0.0567474031420208, "_timestamp": 1697095883.4359648, "_runtime": 30.15506887435913, "_step": 203, "val_acc": 83.23699188232422, "_wandb": {"runtime": 29}}