{"train_loss": 0.11068871301642164, "_timestamp": 1697063614.3058202, "_runtime": 16.86064314842224, "_step": 98, "val_acc": 84.97109985351562, "_wandb": {"runtime": 16}}