{"train_loss": 0.10567401499327728, "_timestamp": 1697032010.4731047, "_runtime": 27.273019790649414, "_step": 179, "val_acc": 84.39306640625, "_wandb": {"runtime": 26}}