{"train_loss": 0.052883790435031226, "_timestamp": 1697082444.7908924, "_runtime": 31.528517246246338, "_step": 215, "val_acc": 84.39306640625, "_wandb": {"runtime": 31}}