{"train_loss": 0.11103765789939221, "_timestamp": 1697035583.8983207, "_runtime": 27.302400588989258, "_step": 180, "val_acc": 81.50289154052734, "_wandb": {"runtime": 26}}