{"train_loss": 0.11125397262011849, "_timestamp": 1697019261.057188, "_runtime": 18.8339741230011, "_step": 116, "val_acc": 86.7052001953125, "_wandb": {"runtime": 18}}