{"train_loss": 0.019772005987591868, "_timestamp": 1696981036.859313, "_runtime": 29.870755910873413, "_step": 240, "val_acc": 86.7052001953125, "_wandb": {"runtime": 29}}