{"train_loss": 0.03126208336352436, "_timestamp": 1697101807.7362578, "_runtime": 23.630124807357788, "_step": 182, "val_acc": 86.7052001953125, "_wandb": {"runtime": 23}}