{"train_loss": 0.021765045066320793, "_timestamp": 1697030336.3306687, "_runtime": 31.461898803710938, "_step": 255, "val_acc": 86.12716674804688, "_wandb": {"runtime": 31}}