{"train_loss": 0.03538150819516633, "_timestamp": 1697036432.6793184, "_runtime": 29.865766525268555, "_step": 239, "val_acc": 85.54913330078125, "_wandb": {"runtime": 29}}