{"train_loss": 0.13247116364885209, "_timestamp": 1697004421.2362912, "_runtime": 16.66104221343994, "_step": 96, "val_acc": 83.23699188232422, "_wandb": {"runtime": 16}}