{"train_loss": 0.06144230842027207, "_timestamp": 1697053562.0244906, "_runtime": 18.806567668914795, "_step": 134, "val_acc": 82.6589584350586, "_wandb": {"runtime": 18}}