{"train_loss": 0.07380333469996532, "_timestamp": 1697096095.8779466, "_runtime": 41.71812963485718, "_step": 296, "val_acc": 82.6589584350586, "_wandb": {"runtime": 41}}