{"train_loss": 0.06462899591438039, "_timestamp": 1697016309.8128726, "_runtime": 19.465190649032593, "_step": 140, "val_acc": 86.7052001953125, "_wandb": {"runtime": 19}}