{"train_loss": 0.5885647050170011, "_timestamp": 1697043072.4164913, "_runtime": 10.781780242919922, "_step": 53, "val_acc": 80.92485809326172, "_wandb": {"runtime": 10}}