{"train_loss": 0.15225122860351273, "_timestamp": 1697053801.8009827, "_runtime": 10.005839824676514, "_step": 54, "val_acc": 83.23699188232422, "_wandb": {"runtime": 9}}