{"train_loss": 0.09488650227268768, "_timestamp": 1697051574.9594564, "_runtime": 13.319629430770874, "_step": 84, "val_acc": 84.97109985351562, "_wandb": {"runtime": 12}}