{"train_loss": 0.11528901414685817, "_timestamp": 1697064245.2444692, "_runtime": 17.38743019104004, "_step": 102, "val_acc": 84.39306640625, "_wandb": {"runtime": 16}}