{"train_loss": 0.19392031185372277, "_timestamp": 1697106164.1186275, "_runtime": 13.734155654907227, "_step": 75, "val_acc": 83.81502532958984, "_wandb": {"runtime": 13}}