{"train_loss": 0.08284547049714643, "_timestamp": 1696983055.7995806, "_runtime": 17.70755362510681, "_step": 123, "val_acc": 85.54913330078125, "_wandb": {"runtime": 16}}