{"train_loss": 0.1826813519001007, "_timestamp": 1697100508.4321454, "_runtime": 8.873356342315674, "_step": 44, "val_acc": 85.54913330078125, "_wandb": {"runtime": 8}}