{"train_loss": 0.07441955724146304, "_timestamp": 1697115284.399556, "_runtime": 20.44725203514099, "_step": 152, "val_acc": 83.23699188232422, "_wandb": {"runtime": 20}}