{"train_loss": 0.027562671365367986, "_timestamp": 1697050570.6914644, "_runtime": 29.219090461730957, "_step": 234, "val_acc": 86.7052001953125, "_wandb": {"runtime": 28}}