{"train_loss": 0.08629416810283654, "_timestamp": 1697069671.852303, "_runtime": 31.833181142807007, "_step": 219, "val_acc": 86.7052001953125, "_wandb": {"runtime": 31}}