{"train_loss": 0.14474316294370002, "_timestamp": 1697127341.4921274, "_runtime": 14.312758445739746, "_step": 78, "val_acc": 87.28323364257812, "_wandb": {"runtime": 13}}