{"train_loss": 0.13629190025981083, "_timestamp": 1697116823.8251693, "_runtime": 13.656030416488647, "_step": 89, "val_acc": 82.08092498779297, "_wandb": {"runtime": 13}}