{"train_loss": 0.20212786677185185, "_timestamp": 1697116423.9871612, "_runtime": 13.123877048492432, "_step": 69, "val_acc": 85.54913330078125, "_wandb": {"runtime": 12}}