{"train_loss": 0.0298918507625024, "_timestamp": 1697056828.2306347, "_runtime": 30.597789764404297, "_step": 245, "val_acc": 87.28323364257812, "_wandb": {"runtime": 30}}