{"train_loss": 3.2945162078668906, "_timestamp": 1696860379.8416793, "_runtime": 594.0654852390289, "_step": 9, "_wandb": {"runtime": 606}}