{"train_loss": 0.05523230367730003, "_timestamp": 1696989175.1415815, "_runtime": 22.415698528289795, "_step": 167, "val_acc": 84.97109985351562, "_wandb": {"runtime": 22}}