{"train_loss": 0.14303742819140816, "_timestamp": 1696997774.674227, "_runtime": 17.821757078170776, "_step": 105, "val_acc": 82.08092498779297, "_wandb": {"runtime": 17}}