{"train_loss": NaN, "_timestamp": 1696894870.0156684, "_runtime": 585.7632982730865, "_step": 9, "_wandb": {"runtime": 598}}