{"train_loss": 0.12828340169128982, "_timestamp": 1697054231.4609654, "_runtime": 11.771188497543335, "_step": 71, "val_acc": 83.81502532958984, "_wandb": {"runtime": 11}}