{"train_loss": 0.03793998770848956, "_timestamp": 1697029944.3098462, "_runtime": 20.21107316017151, "_step": 126, "val_acc": 86.7052001953125, "_wandb": {"runtime": 19}}