{"train_loss": 2.022266648983072, "_timestamp": 1696910448.8293943, "_runtime": 583.2808504104614, "_step": 14, "val_acc": 0.24855491518974304, "_wandb": {"runtime": 583}}