{"train_loss": 0.14851975684097513, "_timestamp": 1697054960.0919895, "_runtime": 22.072737455368042, "_step": 141, "val_acc": 85.54913330078125, "_wandb": {"runtime": 21}}