{"train_loss": 0.06480256976900882, "_timestamp": 1697123965.2523465, "_runtime": 36.968886613845825, "_step": 260, "val_acc": 82.6589584350586, "_wandb": {"runtime": 36}}