{"train_loss": 0.05862175699236781, "_timestamp": 1697023294.993218, "_runtime": 37.43843197822571, "_step": 261, "val_acc": 84.97109985351562, "_wandb": {"runtime": 37}}