{"train_loss": 0.024922996391217377, "_timestamp": 1697033468.1555564, "_runtime": 33.17161750793457, "_step": 270, "val_acc": 83.81502532958984, "_wandb": {"runtime": 32}}