{"train_loss": 0.07784089694397936, "_timestamp": 1697029744.5203207, "_runtime": 25.61692762374878, "_step": 168, "val_acc": 87.28323364257812, "_wandb": {"runtime": 25}}