{"train_loss": 0.032384990903326895, "_timestamp": 1697105193.1728992, "_runtime": 35.739662170410156, "_step": 299, "val_acc": 89.01734161376953, "_wandb": {"runtime": 35}}