{"train_loss": 0.14731625259074188, "_timestamp": 1697065394.2984035, "_runtime": 14.965613603591919, "_step": 84, "val_acc": 88.4393081665039, "_wandb": {"runtime": 14}}