{"train_loss": 0.032979172394545966, "_timestamp": 1697001028.8008938, "_runtime": 25.392857789993286, "_step": 195, "val_acc": 87.86127471923828, "_wandb": {"runtime": 25}}