{"train_loss": 0.03862194194482791, "_timestamp": 1697098667.4844232, "_runtime": 34.28701424598694, "_step": 239, "val_acc": 84.97109985351562, "_wandb": {"runtime": 33}}