{"train_loss": 0.03712593969553276, "_timestamp": 1697021599.7287328, "_runtime": 28.517262935638428, "_step": 227, "val_acc": 85.54913330078125, "_wandb": {"runtime": 28}}