{"train_loss": 0.05374203820247203, "_timestamp": 1697078576.4354265, "_runtime": 35.008405447006226, "_step": 288, "val_acc": 86.12716674804688, "_wandb": {"runtime": 34}}