{"train_loss": 0.0601502119165542, "_timestamp": 1697126383.1009345, "_runtime": 39.402676582336426, "_step": 282, "val_acc": 86.12716674804688, "_wandb": {"runtime": 39}}