{"train_loss": 0.15363028578373583, "_timestamp": 1697029250.4713845, "_runtime": 16.25321650505066, "_step": 98, "val_acc": 86.7052001953125, "_wandb": {"runtime": 15}}