{"train_loss": 0.042804833835594594, "_timestamp": 1697032085.6409466, "_runtime": 40.46018862724304, "_step": 287, "val_acc": 85.54913330078125, "_wandb": {"runtime": 40}}