{"train_loss": 0.10352298744742996, "_timestamp": 1697055998.502198, "_runtime": 25.32482600212097, "_step": 165, "val_acc": 83.81502532958984, "_wandb": {"runtime": 24}}