{"train_loss": 0.07891633041029752, "_timestamp": 1697047724.3261192, "_runtime": 17.864546298980713, "_step": 129, "val_acc": 84.39306640625, "_wandb": {"runtime": 17}}