{"train_loss": 0.047998037690101844, "_timestamp": 1697073337.3069487, "_runtime": 40.107720613479614, "_step": 285, "val_acc": 86.12716674804688, "_wandb": {"runtime": 39}}