{"train_loss": 0.2903991870928642, "_timestamp": 1697077580.5868387, "_runtime": 9.170161724090576, "_step": 39, "val_acc": 80.92485809326172, "_wandb": {"runtime": 8}}