{"train_loss": 0.10558548323582685, "_timestamp": 1697120314.9963655, "_runtime": 21.487085580825806, "_step": 137, "val_acc": 85.54913330078125, "_wandb": {"runtime": 20}}