{"train_loss": 0.06214033079274042, "_timestamp": 1697081572.288949, "_runtime": 32.976064920425415, "_step": 270, "val_acc": 84.39306640625, "_wandb": {"runtime": 32}}