{"train_loss": 0.05836125120092833, "_timestamp": 1696981594.643527, "_runtime": 37.84036302566528, "_step": 263, "val_acc": 87.28323364257812, "_wandb": {"runtime": 37}}