{"train_loss": 0.04555899818796058, "_timestamp": 1697095039.452627, "_runtime": 41.55398082733154, "_step": 297, "val_acc": 83.23699188232422, "_wandb": {"runtime": 41}}