{"train_loss": 0.0830960963530531, "_timestamp": 1697004784.2488766, "_runtime": 39.84552764892578, "_step": 278, "val_acc": 84.39306640625, "_wandb": {"runtime": 39}}