{"train_loss": 0.05978783332677775, "_timestamp": 1697076487.6968052, "_runtime": 20.53340721130371, "_step": 153, "val_acc": 84.39306640625, "_wandb": {"runtime": 20}}