{"train_loss": 0.03881173678619657, "_timestamp": 1697027725.5821216, "_runtime": 37.006821632385254, "_step": 263, "val_acc": 89.01734161376953, "_wandb": {"runtime": 36}}