{"train_loss": 0.07700263360125381, "_timestamp": 1697028932.2712762, "_runtime": 12.809584140777588, "_step": 69, "val_acc": 86.7052001953125, "_wandb": {"runtime": 12}}