{"train_loss": 0.09939831101638806, "_timestamp": 1697104918.069451, "_runtime": 23.382630109786987, "_step": 152, "val_acc": 84.97109985351562, "_wandb": {"runtime": 23}}