{"train_loss": 0.04947974721408384, "_timestamp": 1696982602.0826073, "_runtime": 26.35960626602173, "_step": 207, "val_acc": 84.97109985351562, "_wandb": {"runtime": 25}}