{"train_loss": 0.06713768976827174, "_timestamp": 1697074949.4131532, "_runtime": 33.55124616622925, "_step": 230, "val_acc": 88.4393081665039, "_wandb": {"runtime": 33}}