{"train_loss": 0.0294546662818987, "_timestamp": 1697097750.875914, "_runtime": 32.93261408805847, "_step": 267, "val_acc": 88.4393081665039, "_wandb": {"runtime": 32}}