{"train_loss": 0.15951532454684722, "_timestamp": 1697013185.8054557, "_runtime": 32.32823371887207, "_step": 257, "val_acc": 83.81502532958984, "_wandb": {"runtime": 31}}