{"train_loss": 0.07843837902209787, "_timestamp": 1697008467.2610567, "_runtime": 16.858280658721924, "_step": 117, "val_acc": 84.39306640625, "_wandb": {"runtime": 16}}