{"train_loss": 0.05655396249968299, "_timestamp": 1697019649.5883384, "_runtime": 38.88785648345947, "_step": 272, "val_acc": 84.39306640625, "_wandb": {"runtime": 38}}