{"train_loss": 0.03953296835683178, "_timestamp": 1697074400.3467367, "_runtime": 30.312195777893066, "_step": 245, "val_acc": 87.28323364257812, "_wandb": {"runtime": 29}}