{"train_loss": 0.22556992533595063, "_timestamp": 1697130295.7466571, "_runtime": 8.963474035263062, "_step": 44, "val_acc": 84.39306640625, "_wandb": {"runtime": 8}}