{"train_loss": 0.1721495634951997, "_timestamp": 1697008300.0901432, "_runtime": 15.116316318511963, "_step": 86, "val_acc": 82.08092498779297, "_wandb": {"runtime": 14}}