{"train_loss": 0.052594607329093525, "_timestamp": 1697003641.8530185, "_runtime": 40.63570261001587, "_step": 281, "val_acc": 84.39306640625, "_wandb": {"runtime": 40}}