{"train_loss": 0.10200263373012286, "_timestamp": 1697031770.1041338, "_runtime": 30.3804829120636, "_step": 203, "val_acc": 83.81502532958984, "_wandb": {"runtime": 29}}