{"train_loss": 0.12258623692553577, "_timestamp": 1697108406.391868, "_runtime": 21.198260068893433, "_step": 132, "val_acc": 86.12716674804688, "_wandb": {"runtime": 20}}