{"train_loss": 0.26770749358936796, "_timestamp": 1697001291.1602678, "_runtime": 8.501733779907227, "_step": 33, "val_acc": 86.7052001953125, "_wandb": {"runtime": 8}}