{"train_loss": 0.04219571286595838, "_timestamp": 1696988420.4686556, "_runtime": 17.879413604736328, "_step": 126, "val_acc": 87.86127471923828, "_wandb": {"runtime": 17}}