{"train_loss": 0.03623045844480742, "_timestamp": 1697072349.869314, "_runtime": 28.644037008285522, "_step": 227, "val_acc": 86.12716674804688, "_wandb": {"runtime": 28}}