{"train_loss": 0.06748783531826162, "_timestamp": 1697058417.597356, "_runtime": 41.03466510772705, "_step": 287, "val_acc": 86.7052001953125, "_wandb": {"runtime": 40}}