{"train_loss": 0.04507721116398136, "_timestamp": 1696995482.4465141, "_runtime": 20.992249011993408, "_step": 153, "val_acc": 86.7052001953125, "_wandb": {"runtime": 20}}