{"train_loss": 0.055682241185676565, "_timestamp": 1697051956.3283, "_runtime": 33.49049711227417, "_step": 228, "val_acc": 81.50289154052734, "_wandb": {"runtime": 33}}