{"train_loss": 0.204528049804097, "_timestamp": 1697115998.5196276, "_runtime": 9.397651672363281, "_step": 41, "val_acc": 86.7052001953125, "_wandb": {"runtime": 9}}