{"train_loss": 0.0547360033697048, "_timestamp": 1697088421.1373506, "_runtime": 28.7475426197052, "_step": 197, "val_acc": 88.4393081665039, "_wandb": {"runtime": 28}}