{"train_loss": 0.5938616900943047, "_timestamp": 1697013279.9974265, "_runtime": 8.184104442596436, "_step": 38, "val_acc": 80.92485809326172, "_wandb": {"runtime": 7}}