{"train_loss": 0.11990268374684938, "_timestamp": 1697046873.6949203, "_runtime": 14.090744256973267, "_step": 78, "val_acc": 82.6589584350586, "_wandb": {"runtime": 13}}