{"train_loss": 3.439839446613955, "_timestamp": 1696816254.6679072, "_runtime": 588.0639781951904, "_step": 9, "_wandb": {"runtime": 600}}