{"train_loss": 0.04887447815908249, "_timestamp": 1697019296.9441469, "_runtime": 23.775577783584595, "_step": 182, "val_acc": 88.4393081665039, "_wandb": {"runtime": 23}}