{"train_loss": 0.09707712173613525, "_timestamp": 1697070683.4959233, "_runtime": 23.161654233932495, "_step": 150, "val_acc": 86.12716674804688, "_wandb": {"runtime": 22}}