{"train_loss": 0.017684193986581723, "_timestamp": 1697012717.631127, "_runtime": 36.72831916809082, "_step": 299, "val_acc": 86.7052001953125, "_wandb": {"runtime": 36}}