{"train_loss": 0.12224745837061904, "_timestamp": 1697121122.5724204, "_runtime": 21.697790384292603, "_step": 135, "val_acc": 85.54913330078125, "_wandb": {"runtime": 21}}