{"train_loss": 0.18047357378744108, "_timestamp": 1697034144.798104, "_runtime": 11.757436990737915, "_step": 60, "val_acc": 84.39306640625, "_wandb": {"runtime": 11}}