{"train_loss": 0.1663146507817992, "_timestamp": 1696984209.1198602, "_runtime": 12.952006101608276, "_step": 69, "val_acc": 84.39306640625, "_wandb": {"runtime": 12}}