{"train_loss": 0.039391619689372735, "_timestamp": 1697094280.2578914, "_runtime": 34.595099449157715, "_step": 284, "val_acc": 85.54913330078125, "_wandb": {"runtime": 34}}