{"train_loss": 0.15080380381279906, "_timestamp": 1697089353.6234128, "_runtime": 23.05797576904297, "_step": 150, "val_acc": 84.39306640625, "_wandb": {"runtime": 22}}