{"train_loss": 0.020313174480052536, "_timestamp": 1696998084.5908642, "_runtime": 28.812994241714478, "_step": 227, "val_acc": 87.86127471923828, "_wandb": {"runtime": 28}}