{"train_loss": 0.028028781464875696, "_timestamp": 1697111481.5975873, "_runtime": 30.03086829185486, "_step": 242, "val_acc": 88.4393081665039, "_wandb": {"runtime": 29}}