{"train_loss": 0.08750529639791091, "_timestamp": 1697120399.0526009, "_runtime": 33.23298382759094, "_step": 222, "val_acc": 83.23699188232422, "_wandb": {"runtime": 32}}