{"train_loss": 0.22211880509763263, "_timestamp": 1697019446.258275, "_runtime": 7.816403150558472, "_step": 35, "val_acc": 82.08092498779297, "_wandb": {"runtime": 7}}