{"train_loss": NaN, "_timestamp": 1696864019.276437, "_runtime": 591.5927839279175, "_step": 9, "_wandb": {"runtime": 604}}