{"train_loss": 0.11132014543088803, "_timestamp": 1697082818.9721718, "_runtime": 22.766013860702515, "_step": 144, "val_acc": 86.7052001953125, "_wandb": {"runtime": 22}}