{"train_loss": 0.07921767965240707, "_timestamp": 1697060109.668823, "_runtime": 16.32210397720337, "_step": 113, "val_acc": 86.12716674804688, "_wandb": {"runtime": 15}}