{"train_loss": 0.07378265244323154, "_timestamp": 1697091964.6066885, "_runtime": 15.037688493728638, "_step": 101, "val_acc": 85.54913330078125, "_wandb": {"runtime": 14}}