{"train_loss": 0.1078502208124413, "_timestamp": 1697067387.3990445, "_runtime": 20.6969895362854, "_step": 131, "val_acc": 86.7052001953125, "_wandb": {"runtime": 20}}