{"train_loss": 0.06858270026223603, "_timestamp": 1697096404.5166984, "_runtime": 30.752134323120117, "_step": 248, "val_acc": 86.7052001953125, "_wandb": {"runtime": 30}}