{"train_loss": 0.026652234181393543, "_timestamp": 1697074615.807493, "_runtime": 28.810263872146606, "_step": 194, "val_acc": 87.28323364257812, "_wandb": {"runtime": 28}}