{"train_loss": 0.03385846766096345, "_timestamp": 1697051141.4843006, "_runtime": 29.62409472465515, "_step": 236, "val_acc": 87.28323364257812, "_wandb": {"runtime": 29}}