{"train_loss": 0.056944075319374544, "_timestamp": 1697001274.5757823, "_runtime": 22.836252212524414, "_step": 144, "val_acc": 86.12716674804688, "_wandb": {"runtime": 22}}