{"train_loss": 0.07121217242498926, "_timestamp": 1697101755.555064, "_runtime": 38.50268602371216, "_step": 275, "val_acc": 79.76878356933594, "_wandb": {"runtime": 38}}