{"train_loss": 0.04947283115714442, "_timestamp": 1697087559.5070539, "_runtime": 24.415990829467773, "_step": 191, "val_acc": 85.54913330078125, "_wandb": {"runtime": 24}}