{"train_loss": 0.04669379550140611, "_timestamp": 1697003565.3465889, "_runtime": 15.753530740737915, "_step": 108, "val_acc": 85.54913330078125, "_wandb": {"runtime": 15}}