{"train_loss": 0.22173273901260176, "_timestamp": 1697030467.8279712, "_runtime": 8.765104293823242, "_step": 44, "val_acc": 82.6589584350586, "_wandb": {"runtime": 8}}