{"train_loss": 0.21526160086829996, "_timestamp": 1696989193.1318557, "_runtime": 9.559393644332886, "_step": 41, "val_acc": 84.39306640625, "_wandb": {"runtime": 9}}