{"train_loss": 0.024900965476516893, "_timestamp": 1697047966.1919055, "_runtime": 26.355214595794678, "_step": 207, "val_acc": 86.12716674804688, "_wandb": {"runtime": 25}}