{"train_loss": 0.23899402763954428, "_timestamp": 1697079720.421045, "_runtime": 10.260002136230469, "_step": 57, "val_acc": 85.54913330078125, "_wandb": {"runtime": 9}}