{"train_loss": 0.050412740736393, "_timestamp": 1697017393.724528, "_runtime": 29.818628072738647, "_step": 236, "val_acc": 86.12716674804688, "_wandb": {"runtime": 29}}