{"train_loss": 0.0752755495892881, "_timestamp": 1697106283.0509365, "_runtime": 24.65587854385376, "_step": 162, "val_acc": 82.08092498779297, "_wandb": {"runtime": 24}}