{"train_loss": 0.02454140653622575, "_timestamp": 1697077788.9198897, "_runtime": 31.90253758430481, "_step": 258, "val_acc": 87.28323364257812, "_wandb": {"runtime": 31}}