{"train_loss": 0.06458349284299021, "_timestamp": 1697021564.2892196, "_runtime": 34.43827962875366, "_step": 236, "val_acc": 84.97109985351562, "_wandb": {"runtime": 34}}