{"train_loss": 0.09813848618001049, "_timestamp": 1697020171.747334, "_runtime": 34.97864103317261, "_step": 242, "val_acc": 84.97109985351562, "_wandb": {"runtime": 34}}