{"train_loss": 2.866303551776767, "_timestamp": 1696872535.0273495, "_runtime": 585.1634013652802, "_step": 9, "_wandb": {"runtime": 597}}