{"train_loss": 0.05921375117708691, "_timestamp": 1697019532.599184, "_runtime": 19.913218021392822, "_step": 147, "val_acc": 84.39306640625, "_wandb": {"runtime": 19}}