{"train_loss": 0.10894578088854634, "_timestamp": 1697017669.3100786, "_runtime": 22.031927585601807, "_step": 168, "val_acc": 86.12716674804688, "_wandb": {"runtime": 21}}