{"train_loss": 0.1552799236608756, "_timestamp": 1697105655.2921364, "_runtime": 18.088772535324097, "_step": 111, "val_acc": 83.23699188232422, "_wandb": {"runtime": 17}}