{"train_loss": 0.0754137028314628, "_timestamp": 1697017106.3713768, "_runtime": 40.6005117893219, "_step": 290, "val_acc": 87.28323364257812, "_wandb": {"runtime": 40}}