{"train_loss": 0.018708778569626428, "_timestamp": 1697095711.0709198, "_runtime": 32.842262744903564, "_step": 269, "val_acc": 86.12716674804688, "_wandb": {"runtime": 32}}