{"train_loss": 0.11523597241043611, "_timestamp": 1697062311.7725315, "_runtime": 42.16278958320618, "_step": 299, "val_acc": 85.54913330078125, "_wandb": {"runtime": 41}}