{"train_loss": 0.06416922407211238, "_timestamp": 1697100963.450347, "_runtime": 36.16911196708679, "_step": 255, "val_acc": 83.23699188232422, "_wandb": {"runtime": 35}}