{"train_loss": 0.05153067857243641, "_timestamp": 1697100073.1512885, "_runtime": 18.20603656768799, "_step": 131, "val_acc": 82.08092498779297, "_wandb": {"runtime": 17}}