{"train_loss": 0.039724871471556726, "_timestamp": 1697092595.2319272, "_runtime": 25.520705223083496, "_step": 200, "val_acc": 86.7052001953125, "_wandb": {"runtime": 25}}