{"train_loss": 0.055567024600540485, "_timestamp": 1697101834.8950133, "_runtime": 19.793575286865234, "_step": 147, "val_acc": 84.39306640625, "_wandb": {"runtime": 19}}