{"train_loss": 0.05124976070527377, "_timestamp": 1697073257.2980456, "_runtime": 27.218615531921387, "_step": 215, "val_acc": 85.54913330078125, "_wandb": {"runtime": 26}}