{"train_loss": 0.02087726462415831, "_timestamp": 1697007854.2210312, "_runtime": 32.45997619628906, "_step": 264, "val_acc": 86.12716674804688, "_wandb": {"runtime": 32}}