{"train_loss": 0.24056655904927918, "_timestamp": 1697034212.243383, "_runtime": 11.738099813461304, "_step": 60, "val_acc": 84.97109985351562, "_wandb": {"runtime": 11}}