{"train_loss": 0.04983873090498301, "_timestamp": 1697120618.544725, "_runtime": 40.49632382392883, "_step": 291, "val_acc": 82.08092498779297, "_wandb": {"runtime": 40}}