{"train_loss": 0.1317032185643045, "_timestamp": 1697108437.1928585, "_runtime": 20.95802640914917, "_step": 131, "val_acc": 84.39306640625, "_wandb": {"runtime": 20}}