{"train_loss": 0.022670957465591127, "_timestamp": 1697029470.1810133, "_runtime": 29.84031343460083, "_step": 239, "val_acc": 86.7052001953125, "_wandb": {"runtime": 29}}