{"train_loss": 0.11303607624181178, "_timestamp": 1696980929.2263286, "_runtime": 24.94830560684204, "_step": 162, "val_acc": 83.23699188232422, "_wandb": {"runtime": 24}}