{"train_loss": 0.2648919569545014, "_timestamp": 1697022042.1813495, "_runtime": 7.63911247253418, "_step": 33, "val_acc": 80.92485809326172, "_wandb": {"runtime": 7}}