{"train_loss": 0.04679363845917938, "_timestamp": 1697094989.7775426, "_runtime": 22.931260585784912, "_step": 176, "val_acc": 87.86127471923828, "_wandb": {"runtime": 22}}