{"train_loss": 0.24638633741888888, "_timestamp": 1697008395.0952106, "_runtime": 12.045112609863281, "_step": 74, "val_acc": 84.39306640625, "_wandb": {"runtime": 11}}