{"train_loss": 3.4266639017435008, "_timestamp": 1696813852.7541795, "_runtime": 301.2303674221039, "_step": 4, "_wandb": {"runtime": 300}}