{"train_loss": 0.07253204514868124, "_timestamp": 1697003861.803547, "_runtime": 33.39326000213623, "_step": 230, "val_acc": 87.86127471923828, "_wandb": {"runtime": 33}}