{"train_loss": 0.036444922914555256, "_timestamp": 1697043019.9465685, "_runtime": 35.31552457809448, "_step": 288, "val_acc": 86.12716674804688, "_wandb": {"runtime": 34}}