{"train_loss": 0.10572248190468134, "_timestamp": 1697110863.515329, "_runtime": 11.979290962219238, "_step": 71, "val_acc": 84.97109985351562, "_wandb": {"runtime": 11}}