{"train_loss": 1.4656707125318564, "_timestamp": 1696896393.2479222, "_runtime": 889.0070421695709, "_step": 14, "_wandb": {"runtime": 888}}