{"train_loss": 0.09680976870274821, "_timestamp": 1697008974.1567445, "_runtime": 14.306268453598022, "_step": 95, "val_acc": 84.97109985351562, "_wandb": {"runtime": 13}}