{"train_loss": 0.2145231196353602, "_timestamp": 1696978666.180119, "_runtime": 12.007575035095215, "_step": 62, "val_acc": 86.7052001953125, "_wandb": {"runtime": 11}}