{"train_loss": 0.09259914699941874, "_timestamp": 1696985135.8857653, "_runtime": 20.71832823753357, "_step": 129, "val_acc": 85.54913330078125, "_wandb": {"runtime": 20}}