{"train_loss": 0.05493128679991906, "_timestamp": 1696984253.582103, "_runtime": 36.57191205024719, "_step": 254, "val_acc": 84.97109985351562, "_wandb": {"runtime": 36}}