{"train_loss": 0.11944431713024198, "_timestamp": 1696978689.202383, "_runtime": 13.35479211807251, "_step": 86, "val_acc": 83.81502532958984, "_wandb": {"runtime": 12}}