{"train_loss": 1.0164844379868618, "_timestamp": 1697039301.556549, "_runtime": 8.645893096923828, "_step": 42, "val_acc": 78.03468322753906, "_wandb": {"runtime": 8}}