{"train_loss": 0.06490034034183292, "_timestamp": 1697028107.8595314, "_runtime": 39.84369349479675, "_step": 285, "val_acc": 82.08092498779297, "_wandb": {"runtime": 39}}