{"train_loss": 0.2300538346171379, "_timestamp": 1697054356.2262013, "_runtime": 12.125625371932983, "_step": 62, "val_acc": 85.54913330078125, "_wandb": {"runtime": 11}}