{"train_loss": 0.0482541324765703, "_timestamp": 1697046085.1767907, "_runtime": 21.830410718917847, "_step": 164, "val_acc": 84.97109985351562, "_wandb": {"runtime": 21}}