{"train_loss": 0.023649736537684707, "_timestamp": 1697037623.696986, "_runtime": 30.531734943389893, "_step": 245, "val_acc": 85.54913330078125, "_wandb": {"runtime": 30}}