{"train_loss": 0.1886124527948194, "_timestamp": 1697128892.165333, "_runtime": 14.418508052825928, "_step": 80, "val_acc": 84.97109985351562, "_wandb": {"runtime": 13}}