{"train_loss": 0.22143169587781264, "_timestamp": 1697063734.7711334, "_runtime": 7.987172365188599, "_step": 35, "val_acc": 86.12716674804688, "_wandb": {"runtime": 7}}