{"train_loss": 0.07996781392098773, "_timestamp": 1697125101.2387877, "_runtime": 33.26581263542175, "_step": 228, "val_acc": 86.12716674804688, "_wandb": {"runtime": 32}}