{"train_loss": 0.020293127438784468, "_timestamp": 1697098249.664844, "_runtime": 29.210576057434082, "_step": 234, "val_acc": 86.7052001953125, "_wandb": {"runtime": 28}}