{"train_loss": 0.11780980554257714, "_timestamp": 1697014675.8587193, "_runtime": 12.206491231918335, "_step": 75, "val_acc": 89.01734161376953, "_wandb": {"runtime": 11}}