{"train_loss": 0.07669799307058024, "_timestamp": 1696991954.5694182, "_runtime": 19.002936124801636, "_step": 135, "val_acc": 86.12716674804688, "_wandb": {"runtime": 18}}