{"train_loss": 0.09762158203696789, "_timestamp": 1697035300.6116567, "_runtime": 18.660207748413086, "_step": 113, "val_acc": 83.81502532958984, "_wandb": {"runtime": 18}}