{"train_loss": 0.1434506778496989, "_timestamp": 1697027853.7602856, "_runtime": 15.977230548858643, "_step": 92, "val_acc": 86.12716674804688, "_wandb": {"runtime": 15}}