{"train_loss": 0.09897994922492978, "_timestamp": 1697079581.3301916, "_runtime": 37.01743149757385, "_step": 266, "val_acc": 84.39306640625, "_wandb": {"runtime": 36}}