{"train_loss": 0.04185450638016296, "_timestamp": 1696997399.9334953, "_runtime": 20.49476933479309, "_step": 149, "val_acc": 86.12716674804688, "_wandb": {"runtime": 20}}