{"train_loss": 0.024882581403078294, "_timestamp": 1697094579.8088999, "_runtime": 35.814995765686035, "_step": 294, "val_acc": 86.12716674804688, "_wandb": {"runtime": 35}}