{"train_loss": 0.04322676296917137, "_timestamp": 1697040901.0438905, "_runtime": 28.90713357925415, "_step": 231, "val_acc": 87.86127471923828, "_wandb": {"runtime": 28}}