{"train_loss": 0.10720853553001963, "_timestamp": 1697101708.3879468, "_runtime": 17.328828811645508, "_step": 105, "val_acc": 86.12716674804688, "_wandb": {"runtime": 16}}