{"train_loss": 0.11766955166307906, "_timestamp": 1696990759.5594347, "_runtime": 23.97654962539673, "_step": 152, "val_acc": 84.97109985351562, "_wandb": {"runtime": 23}}