{"train_loss": 0.06654040154806057, "_timestamp": 1697093103.3068454, "_runtime": 14.368385314941406, "_step": 95, "val_acc": 85.54913330078125, "_wandb": {"runtime": 13}}