{"train_loss": 0.20168907721635215, "_timestamp": 1697018704.7505548, "_runtime": 13.372852802276611, "_step": 74, "val_acc": 85.54913330078125, "_wandb": {"runtime": 12}}