{"train_loss": 0.03500340199219821, "_timestamp": 1697028217.6616073, "_runtime": 41.583553314208984, "_step": 294, "val_acc": 87.28323364257812, "_wandb": {"runtime": 41}}