{"train_loss": 0.06267626475824346, "_timestamp": 1697072135.199222, "_runtime": 20.171444177627563, "_step": 147, "val_acc": 84.97109985351562, "_wandb": {"runtime": 19}}