{"train_loss": 0.14325271300473358, "_timestamp": 1697107905.1594856, "_runtime": 14.846288681030273, "_step": 83, "val_acc": 84.39306640625, "_wandb": {"runtime": 14}}