{"train_loss": 0.045301383351744696, "_timestamp": 1697073736.8111348, "_runtime": 32.940555810928345, "_step": 264, "val_acc": 84.39306640625, "_wandb": {"runtime": 32}}