{"train_loss": 0.0559181145517234, "_timestamp": 1697032691.6336665, "_runtime": 34.192110538482666, "_step": 236, "val_acc": 87.86127471923828, "_wandb": {"runtime": 33}}