{"train_loss": 0.15456269716107568, "_timestamp": 1697055455.7815871, "_runtime": 9.919946193695068, "_step": 45, "val_acc": 83.81502532958984, "_wandb": {"runtime": 9}}