{"train_loss": 0.05821296181746347, "_timestamp": 1696997272.794334, "_runtime": 17.17871594429016, "_step": 120, "val_acc": 85.54913330078125, "_wandb": {"runtime": 16}}