{"train_loss": 0.2613298164377379, "_timestamp": 1697044129.4363556, "_runtime": 9.854832649230957, "_step": 44, "val_acc": 85.54913330078125, "_wandb": {"runtime": 9}}