{"train_loss": 0.1199943189208699, "_timestamp": 1697100762.0223649, "_runtime": 36.0016188621521, "_step": 254, "val_acc": 85.54913330078125, "_wandb": {"runtime": 35}}