{"train_loss": 0.21417562005131743, "_timestamp": 1696998191.913061, "_runtime": 12.624743938446045, "_step": 66, "val_acc": 82.6589584350586, "_wandb": {"runtime": 12}}