{"train_loss": 0.06532595122536254, "_timestamp": 1697118223.1030302, "_runtime": 24.45454216003418, "_step": 189, "val_acc": 86.12716674804688, "_wandb": {"runtime": 24}}