{"train_loss": 0.04608711729443437, "_timestamp": 1696994205.7618718, "_runtime": 24.61474585533142, "_step": 183, "val_acc": 85.54913330078125, "_wandb": {"runtime": 24}}