{"train_loss": 0.021026583732279062, "_timestamp": 1697061902.8286824, "_runtime": 30.284496307373047, "_step": 242, "val_acc": 85.54913330078125, "_wandb": {"runtime": 29}}