{"train_loss": 0.1319129707963141, "_timestamp": 1697073643.7201731, "_runtime": 12.363439083099365, "_step": 77, "val_acc": 84.39306640625, "_wandb": {"runtime": 12}}