{"train_loss": 0.08757651192785869, "_timestamp": 1697113682.514934, "_runtime": 15.830381155014038, "_step": 110, "val_acc": 84.39306640625, "_wandb": {"runtime": 15}}