{"train_loss": 0.0532688082704797, "_timestamp": 1696994650.2630298, "_runtime": 22.32236385345459, "_step": 164, "val_acc": 86.7052001953125, "_wandb": {"runtime": 21}}