{"train_loss": 0.0387294267217607, "_timestamp": 1696984842.3004227, "_runtime": 25.88711977005005, "_step": 195, "val_acc": 86.12716674804688, "_wandb": {"runtime": 25}}