{"train_loss": 0.10234902090282007, "_timestamp": 1697034833.7132003, "_runtime": 41.2562153339386, "_step": 290, "val_acc": 81.50289154052734, "_wandb": {"runtime": 40}}