{"train_loss": 3.294967989935431, "_timestamp": 1696877836.4229934, "_runtime": 1299.1253035068512, "_step": 14, "_wandb": {"runtime": 1298}}