{"train_loss": 0.11003918571094441, "_timestamp": 1697032226.776994, "_runtime": 11.511962890625, "_step": 68, "val_acc": 84.97109985351562, "_wandb": {"runtime": 11}}