{"train_loss": 0.11046435233465461, "_timestamp": 1697128667.9428601, "_runtime": 27.982076168060303, "_step": 221, "val_acc": 84.97109985351562, "_wandb": {"runtime": 27}}