{"train_loss": 0.05186777570295732, "_timestamp": 1697042125.428508, "_runtime": 23.841365098953247, "_step": 180, "val_acc": 87.28323364257812, "_wandb": {"runtime": 23}}