{"train_loss": 0.04068959253125413, "_timestamp": 1697110066.8988118, "_runtime": 23.64077591896057, "_step": 176, "val_acc": 86.7052001953125, "_wandb": {"runtime": 22}}