{"train_loss": 0.01730200800121502, "_timestamp": 1697049947.8646457, "_runtime": 36.675442695617676, "_step": 255, "val_acc": 84.97109985351562, "_wandb": {"runtime": 36}}