{"train_loss": 0.048907026209933466, "_timestamp": 1697049379.8312993, "_runtime": 21.865150213241577, "_step": 165, "val_acc": 84.39306640625, "_wandb": {"runtime": 21}}