{"train_loss": 0.14384393909469592, "_timestamp": 1697050483.9586437, "_runtime": 9.468584775924683, "_step": 50, "val_acc": 86.7052001953125, "_wandb": {"runtime": 9}}