{"train_loss": 0.06019497544742947, "_timestamp": 1697102212.5185978, "_runtime": 20.013927936553955, "_step": 125, "val_acc": 85.54913330078125, "_wandb": {"runtime": 19}}