{"train_loss": 0.07368971354620488, "_timestamp": 1697040703.7604988, "_runtime": 16.67368483543396, "_step": 116, "val_acc": 86.7052001953125, "_wandb": {"runtime": 16}}