{"train_loss": 0.03384755336852788, "_timestamp": 1697045626.6912348, "_runtime": 26.895991802215576, "_step": 209, "val_acc": 86.7052001953125, "_wandb": {"runtime": 26}}