{"train_loss": 0.09536044446881427, "_timestamp": 1697055673.5475078, "_runtime": 20.814419746398926, "_step": 132, "val_acc": 82.6589584350586, "_wandb": {"runtime": 20}}