{"train_loss": 0.09345189954403268, "_timestamp": 1697112743.5143917, "_runtime": 32.1364266872406, "_step": 222, "val_acc": 87.28323364257812, "_wandb": {"runtime": 31}}