{"train_loss": 0.0751417659136445, "_timestamp": 1697100579.6363916, "_runtime": 18.01842474937439, "_step": 129, "val_acc": 83.23699188232422, "_wandb": {"runtime": 17}}