{"train_loss": 0.23097569304843282, "_timestamp": 1696991316.027207, "_runtime": 9.313708782196045, "_step": 47, "val_acc": 86.12716674804688, "_wandb": {"runtime": 8}}