{"train_loss": 0.04753699455664731, "_timestamp": 1697038933.442188, "_runtime": 36.419533014297485, "_step": 255, "val_acc": 86.7052001953125, "_wandb": {"runtime": 36}}