{"train_loss": 0.031066312641446846, "_timestamp": 1697083628.028461, "_runtime": 21.366599082946777, "_step": 162, "val_acc": 87.28323364257812, "_wandb": {"runtime": 20}}