{"train_loss": 0.128737406718523, "_timestamp": 1697120641.5666075, "_runtime": 12.060338497161865, "_step": 74, "val_acc": 85.54913330078125, "_wandb": {"runtime": 11}}