{"train_loss": 0.03929094905791761, "_timestamp": 1697041548.9104118, "_runtime": 25.79046082496643, "_step": 201, "val_acc": 89.01734161376953, "_wandb": {"runtime": 25}}