{"train_loss": NaN, "_timestamp": 1696851336.9949765, "_runtime": 294.6663234233856, "_step": 4, "_wandb": {"runtime": 294}}