{"train_loss": 0.09871521132435043, "_timestamp": 1696989266.2050483, "_runtime": 20.510669231414795, "_step": 125, "val_acc": 87.86127471923828, "_wandb": {"runtime": 20}}