{"train_loss": 0.056886755103288694, "_timestamp": 1697100419.7246168, "_runtime": 18.077244758605957, "_step": 132, "val_acc": 87.86127471923828, "_wandb": {"runtime": 17}}