{"train_loss": 0.14858298111966875, "_timestamp": 1697115487.9078863, "_runtime": 11.097070217132568, "_step": 65, "val_acc": 86.12716674804688, "_wandb": {"runtime": 10}}