{"train_loss": 0.0620820748072854, "_timestamp": 1697084664.277648, "_runtime": 20.021549940109253, "_step": 126, "val_acc": 84.39306640625, "_wandb": {"runtime": 19}}