{"train_loss": 0.044333853865811214, "_timestamp": 1697119895.105458, "_runtime": 40.649588108062744, "_step": 291, "val_acc": 85.54913330078125, "_wandb": {"runtime": 40}}