{"train_loss": NaN, "_timestamp": 1696820477.2066457, "_runtime": 586.6804678440094, "_step": 9, "_wandb": {"runtime": 598}}