{"train_loss": 0.09449350209581818, "_timestamp": 1697114915.772951, "_runtime": 39.49880886077881, "_step": 281, "val_acc": 84.39306640625, "_wandb": {"runtime": 38}}