{"train_loss": 0.04873821611223786, "_timestamp": 1697109938.5120974, "_runtime": 29.377644300460815, "_step": 237, "val_acc": 86.7052001953125, "_wandb": {"runtime": 29}}