{"train_loss": 0.03734551680776518, "_timestamp": 1697019762.507961, "_runtime": 38.594839096069336, "_step": 272, "val_acc": 88.4393081665039, "_wandb": {"runtime": 38}}