{"train_loss": 0.0808672267986938, "_timestamp": 1697037219.5800602, "_runtime": 13.889362335205078, "_step": 90, "val_acc": 86.7052001953125, "_wandb": {"runtime": 13}}