{"train_loss": 0.1054435157498648, "_timestamp": 1697086955.632038, "_runtime": 17.79824709892273, "_step": 128, "val_acc": 86.12716674804688, "_wandb": {"runtime": 17}}