{"train_loss": 0.11288053208832131, "_timestamp": 1697066323.1662421, "_runtime": 28.08367419242859, "_step": 189, "val_acc": 87.86127471923828, "_wandb": {"runtime": 27}}