{"train_loss": 0.032883217801924707, "_timestamp": 1696994333.1573045, "_runtime": 28.6117525100708, "_step": 221, "val_acc": 85.54913330078125, "_wandb": {"runtime": 28}}