{"train_loss": 0.036739161497978276, "_timestamp": 1697000012.5243154, "_runtime": 30.114065408706665, "_step": 239, "val_acc": 84.97109985351562, "_wandb": {"runtime": 29}}