{"train_loss": 0.025442955383305373, "_timestamp": 1697012341.5295775, "_runtime": 32.070942401885986, "_step": 257, "val_acc": 86.12716674804688, "_wandb": {"runtime": 31}}