{"train_loss": 0.05561960323951965, "_timestamp": 1697123385.388904, "_runtime": 27.727445125579834, "_step": 218, "val_acc": 86.7052001953125, "_wandb": {"runtime": 27}}