{"train_loss": 1.27278002921632, "_timestamp": 1696935792.0901854, "_runtime": 868.0221173763275, "_step": 21, "val_acc": 0.4219653308391571, "_wandb": {"runtime": 867}}