{"train_loss": 0.04408644686546447, "_timestamp": 1696978732.4759922, "_runtime": 35.99722909927368, "_step": 254, "val_acc": 85.54913330078125, "_wandb": {"runtime": 35}}