{"train_loss": 0.0975205157287852, "_timestamp": 1697033900.1012092, "_runtime": 24.213648080825806, "_step": 159, "val_acc": 86.7052001953125, "_wandb": {"runtime": 23}}