{"train_loss": 0.1756883994351293, "_timestamp": 1697002906.7334888, "_runtime": 13.95446491241455, "_step": 75, "val_acc": 83.81502532958984, "_wandb": {"runtime": 13}}