{"train_loss": 0.060047401593142556, "_timestamp": 1696999683.73224, "_runtime": 39.289236068725586, "_step": 278, "val_acc": 86.12716674804688, "_wandb": {"runtime": 38}}