{"train_loss": 0.04996121328237445, "_timestamp": 1697090290.5047143, "_runtime": 20.915728330612183, "_step": 132, "val_acc": 86.7052001953125, "_wandb": {"runtime": 20}}