{"train_loss": 0.11013810670133246, "_timestamp": 1697106637.9643006, "_runtime": 12.589874744415283, "_step": 66, "val_acc": 84.97109985351562, "_wandb": {"runtime": 12}}