{"train_loss": 0.12577443130227717, "_timestamp": 1697062761.3303576, "_runtime": 26.924325466156006, "_step": 177, "val_acc": 82.6589584350586, "_wandb": {"runtime": 26}}