{"train_loss": 0.019365119818208175, "_timestamp": 1697044383.9141097, "_runtime": 36.278130769729614, "_step": 299, "val_acc": 88.4393081665039, "_wandb": {"runtime": 35}}