{"train_loss": NaN, "_timestamp": 1696886340.395699, "_runtime": 297.48786306381226, "_step": 4, "_wandb": {"runtime": 296}}