{"train_loss": 0.07448107755992042, "_timestamp": 1697091941.4681044, "_runtime": 22.93126630783081, "_step": 150, "val_acc": 84.97109985351562, "_wandb": {"runtime": 22}}