{"train_loss": 1.4810409181637918, "_timestamp": 1696968610.3564112, "_runtime": 881.5649421215057, "_step": 21, "val_acc": 0.4450867176055908, "_wandb": {"runtime": 881}}