{"train_loss": 0.10936793249078788, "_timestamp": 1696999609.597247, "_runtime": 31.828375816345215, "_step": 213, "val_acc": 83.81502532958984, "_wandb": {"runtime": 31}}