{"train_loss": 0.08942930335666291, "_timestamp": 1697100003.4479938, "_runtime": 30.558084726333618, "_step": 209, "val_acc": 84.97109985351562, "_wandb": {"runtime": 30}}