{"train_loss": 0.12099658427110245, "_timestamp": 1697063588.3248289, "_runtime": 16.683753967285156, "_step": 99, "val_acc": 83.81502532958984, "_wandb": {"runtime": 16}}