{"train_loss": 0.03846751719843163, "_timestamp": 1697008857.0796392, "_runtime": 25.9624662399292, "_step": 203, "val_acc": 85.54913330078125, "_wandb": {"runtime": 25}}