{"train_loss": 0.10466837459027248, "_timestamp": 1697074832.655176, "_runtime": 13.611186981201172, "_step": 84, "val_acc": 85.54913330078125, "_wandb": {"runtime": 13}}