{"train_loss": 1.1413898034594367, "_timestamp": 1696944650.5068536, "_runtime": 870.5326995849609, "_step": 21, "val_acc": 0.5375722646713257, "_wandb": {"runtime": 870}}