{"train_loss": 0.030191154506187454, "_timestamp": 1697029816.7303488, "_runtime": 30.810316801071167, "_step": 249, "val_acc": 85.54913330078125, "_wandb": {"runtime": 30}}