{"train_loss": 0.06038152111144628, "_timestamp": 1697118023.5084262, "_runtime": 36.99479413032532, "_step": 257, "val_acc": 85.54913330078125, "_wandb": {"runtime": 36}}