{"train_loss": 0.1492836715891784, "_timestamp": 1697129548.4852617, "_runtime": 24.912203788757324, "_step": 158, "val_acc": 83.23699188232422, "_wandb": {"runtime": 23}}