{"train_loss": 0.11210336407299998, "_timestamp": 1697129959.7701726, "_runtime": 21.268786668777466, "_step": 135, "val_acc": 83.81502532958984, "_wandb": {"runtime": 20}}