{"train_loss": 0.14712543695688593, "_timestamp": 1697050334.4385364, "_runtime": 16.319727420806885, "_step": 96, "val_acc": 84.97109985351562, "_wandb": {"runtime": 15}}