{"train_loss": 0.09464618937264002, "_timestamp": 1697066791.7943575, "_runtime": 23.011014461517334, "_step": 147, "val_acc": 83.23699188232422, "_wandb": {"runtime": 22}}