{"train_loss": 0.059236409684080026, "_timestamp": 1697092832.5220354, "_runtime": 26.584264278411865, "_step": 210, "val_acc": 84.39306640625, "_wandb": {"runtime": 26}}