{"train_loss": 0.039696617328783844, "_timestamp": 1697019200.781072, "_runtime": 30.42225480079651, "_step": 245, "val_acc": 86.7052001953125, "_wandb": {"runtime": 30}}