{"train_loss": 0.0989409402922489, "_timestamp": 1697053313.5370286, "_runtime": 12.82844853401184, "_step": 81, "val_acc": 85.54913330078125, "_wandb": {"runtime": 12}}