{"train_loss": 0.08246496334931878, "_timestamp": 1697010291.9450872, "_runtime": 18.68912410736084, "_step": 135, "val_acc": 87.86127471923828, "_wandb": {"runtime": 18}}