{"train_loss": 0.13192614165762828, "_timestamp": 1696974147.9102862, "_runtime": 14.410527229309082, "_step": 81, "val_acc": 86.7052001953125, "_wandb": {"runtime": 14}}