{"train_loss": 0.13859937911809878, "_timestamp": 1697127708.9876227, "_runtime": 10.008598804473877, "_step": 54, "val_acc": 86.12716674804688, "_wandb": {"runtime": 9}}