{"train_loss": 0.054296770241371424, "_timestamp": 1697115058.2204993, "_runtime": 21.561957359313965, "_step": 162, "val_acc": 86.7052001953125, "_wandb": {"runtime": 21}}