{"train_loss": 0.1656996917066186, "_timestamp": 1697110366.5127003, "_runtime": 17.48289132118225, "_step": 102, "val_acc": 82.6589584350586, "_wandb": {"runtime": 17}}