{"train_loss": 0.11657821637210111, "_timestamp": 1697107158.889808, "_runtime": 13.708940982818604, "_step": 75, "val_acc": 84.39306640625, "_wandb": {"runtime": 13}}