{"train_loss": 0.37496999434606976, "_timestamp": 1697029159.369159, "_runtime": 8.117753982543945, "_step": 32, "val_acc": 84.97109985351562, "_wandb": {"runtime": 7}}