{"train_loss": 0.05144969119046013, "_timestamp": 1697099238.2690985, "_runtime": 28.80621361732483, "_step": 195, "val_acc": 84.97109985351562, "_wandb": {"runtime": 28}}