{"train_loss": 1.2293058190234871, "_timestamp": 1697091835.6640692, "_runtime": 20.015671253204346, "_step": 149, "val_acc": 76.30057525634766, "_wandb": {"runtime": 19}}