{"train_loss": 0.054620223596345545, "_timestamp": 1696976812.52868, "_runtime": 32.61443209648132, "_step": 222, "val_acc": 84.39306640625, "_wandb": {"runtime": 32}}