{"train_loss": 0.060972374725848606, "_timestamp": 1697009391.0225627, "_runtime": 32.69747471809387, "_step": 222, "val_acc": 84.39306640625, "_wandb": {"runtime": 32}}