{"train_loss": 0.030919670528017505, "_timestamp": 1697032582.7263813, "_runtime": 33.15421533584595, "_step": 269, "val_acc": 88.4393081665039, "_wandb": {"runtime": 32}}