{"train_loss": 0.11631264682956646, "_timestamp": 1697065597.8679879, "_runtime": 26.755945920944214, "_step": 177, "val_acc": 86.7052001953125, "_wandb": {"runtime": 26}}