{"train_loss": 0.09026969500870151, "_timestamp": 1697102665.7899115, "_runtime": 39.093268394470215, "_step": 275, "val_acc": 83.81502532958984, "_wandb": {"runtime": 38}}