{"train_loss": 0.08692439774127114, "_timestamp": 1697118168.3978431, "_runtime": 36.886850118637085, "_step": 261, "val_acc": 84.39306640625, "_wandb": {"runtime": 36}}