{"train_loss": 0.13058146088773948, "_timestamp": 1696995320.2216473, "_runtime": 18.0417742729187, "_step": 105, "val_acc": 79.76878356933594, "_wandb": {"runtime": 17}}