{"train_loss": 0.08413359623938409, "_timestamp": 1697084571.6943154, "_runtime": 40.68619346618652, "_step": 290, "val_acc": 84.39306640625, "_wandb": {"runtime": 40}}