{"train_loss": 0.0764415845069168, "_timestamp": 1697084810.441206, "_runtime": 42.28284287452698, "_step": 294, "val_acc": 86.7052001953125, "_wandb": {"runtime": 41}}