{"train_loss": 0.057363402480151246, "_timestamp": 1697079084.381023, "_runtime": 39.29068303108215, "_step": 276, "val_acc": 83.81502532958984, "_wandb": {"runtime": 38}}