{"train_loss": 0.12609127880247353, "_timestamp": 1696974006.0417922, "_runtime": 32.19201612472534, "_step": 222, "val_acc": 82.6589584350586, "_wandb": {"runtime": 31}}