{"train_loss": 0.10521140932863535, "_timestamp": 1696973321.4756289, "_runtime": 9.76514983177185, "_step": 53, "val_acc": 86.7052001953125, "_wandb": {"runtime": 9}}