{"train_loss": 0.021467832257554238, "_timestamp": 1697076554.6398993, "_runtime": 30.780243158340454, "_step": 249, "val_acc": 84.39306640625, "_wandb": {"runtime": 30}}