{"train_loss": 0.17062631258091263, "_timestamp": 1697105818.495869, "_runtime": 9.258162021636963, "_step": 48, "val_acc": 84.97109985351562, "_wandb": {"runtime": 8}}