{"train_loss": 0.06745992201315455, "_timestamp": 1697088577.9946156, "_runtime": 15.77464246749878, "_step": 110, "val_acc": 86.7052001953125, "_wandb": {"runtime": 15}}