{"train_loss": 0.06963601658055775, "_timestamp": 1697019674.5981834, "_runtime": 12.773916482925415, "_step": 81, "val_acc": 86.7052001953125, "_wandb": {"runtime": 12}}