{"train_loss": NaN, "_timestamp": 1696823799.5202258, "_runtime": 879.8867638111115, "_step": 14, "_wandb": {"runtime": 879}}