{"train_loss": 0.09357165410129223, "_timestamp": 1697055610.6465683, "_runtime": 30.087483406066895, "_step": 206, "val_acc": 84.97109985351562, "_wandb": {"runtime": 29}}