{"train_loss": 0.09443673244298458, "_timestamp": 1697018047.9630013, "_runtime": 29.96767830848694, "_step": 203, "val_acc": 84.39306640625, "_wandb": {"runtime": 29}}