{"train_loss": 0.04995030923854819, "_timestamp": 1697078206.7856915, "_runtime": 20.85128140449524, "_step": 155, "val_acc": 86.7052001953125, "_wandb": {"runtime": 20}}