{"train_loss": 0.06267654447448115, "_timestamp": 1697117148.6568382, "_runtime": 22.644105195999146, "_step": 174, "val_acc": 83.23699188232422, "_wandb": {"runtime": 22}}