{"train_loss": 0.03965736091743375, "_timestamp": 1696988395.3679452, "_runtime": 28.64863419532776, "_step": 221, "val_acc": 84.39306640625, "_wandb": {"runtime": 28}}