{"train_loss": 0.08430635596647165, "_timestamp": 1697085553.820486, "_runtime": 33.28776216506958, "_step": 234, "val_acc": 83.23699188232422, "_wandb": {"runtime": 32}}