{"train_loss": 0.03062607957656647, "_timestamp": 1697123917.380635, "_runtime": 30.4372501373291, "_step": 246, "val_acc": 83.81502532958984, "_wandb": {"runtime": 30}}