{"train_loss": 0.052802197380684486, "_timestamp": 1697089269.8148408, "_runtime": 21.87852382659912, "_step": 167, "val_acc": 84.39306640625, "_wandb": {"runtime": 21}}