{"train_loss": 0.07833430759180987, "_timestamp": 1697094235.3916144, "_runtime": 30.694756507873535, "_step": 210, "val_acc": 84.97109985351562, "_wandb": {"runtime": 30}}