{"train_loss": 0.05377873098261134, "_timestamp": 1697080977.5797536, "_runtime": 16.73909068107605, "_step": 99, "val_acc": 82.6589584350586, "_wandb": {"runtime": 16}}