{"train_loss": 0.08547125142175964, "_timestamp": 1697126310.7941058, "_runtime": 18.936011791229248, "_step": 137, "val_acc": 83.23699188232422, "_wandb": {"runtime": 18}}