{"train_loss": 0.19717078261770482, "_timestamp": 1697092427.51321, "_runtime": 13.166504144668579, "_step": 71, "val_acc": 83.81502532958984, "_wandb": {"runtime": 12}}