{"train_loss": 0.2794743573596311, "_timestamp": 1697005776.2566175, "_runtime": 7.65989351272583, "_step": 33, "val_acc": 82.6589584350586, "_wandb": {"runtime": 7}}