{"train_loss": 0.06253423416434765, "_timestamp": 1697110005.9523444, "_runtime": 34.73946952819824, "_step": 248, "val_acc": 83.81502532958984, "_wandb": {"runtime": 34}}