{"train_loss": 0.11057309170123623, "_timestamp": 1697115433.1743817, "_runtime": 29.87778878211975, "_step": 204, "val_acc": 82.6589584350586, "_wandb": {"runtime": 29}}