{"train_loss": 0.42627321495566256, "_timestamp": 1697129660.1728876, "_runtime": 8.150432586669922, "_step": 36, "val_acc": 82.6589584350586, "_wandb": {"runtime": 7}}