{"train_loss": 0.03919903482418767, "_timestamp": 1697098984.5729446, "_runtime": 37.827372550964355, "_step": 270, "val_acc": 87.28323364257812, "_wandb": {"runtime": 37}}