{"train_loss": 0.1630598388958809, "_timestamp": 1696983694.1431162, "_runtime": 21.005694150924683, "_step": 132, "val_acc": 86.12716674804688, "_wandb": {"runtime": 20}}