{"train_loss": 0.06134739100153363, "_timestamp": 1697063950.258239, "_runtime": 27.055520057678223, "_step": 212, "val_acc": 82.08092498779297, "_wandb": {"runtime": 26}}