{"train_loss": 0.07236480420701703, "_timestamp": 1697113576.4014528, "_runtime": 38.19714283943176, "_step": 272, "val_acc": 84.39306640625, "_wandb": {"runtime": 37}}