{"train_loss": 0.11590030993102118, "_timestamp": 1696974655.268929, "_runtime": 25.827794075012207, "_step": 170, "val_acc": 84.97109985351562, "_wandb": {"runtime": 25}}