{"train_loss": 0.09679830217731272, "_timestamp": 1697066082.8270802, "_runtime": 35.10747027397156, "_step": 245, "val_acc": 83.23699188232422, "_wandb": {"runtime": 34}}