{"train_loss": 0.15792478027558604, "_timestamp": 1697083427.6888366, "_runtime": 12.127750635147095, "_step": 62, "val_acc": 84.97109985351562, "_wandb": {"runtime": 11}}