{"train_loss": 0.12700751635278468, "_timestamp": 1696986111.7854633, "_runtime": 32.49543523788452, "_step": 216, "val_acc": 82.6589584350586, "_wandb": {"runtime": 32}}