{"train_loss": 0.18698636010873976, "_timestamp": 1696974761.2838635, "_runtime": 12.943553447723389, "_step": 69, "val_acc": 81.50289154052734, "_wandb": {"runtime": 12}}