{"train_loss": 0.0548426131907374, "_timestamp": 1697001608.0790193, "_runtime": 38.03734731674194, "_step": 260, "val_acc": 84.97109985351562, "_wandb": {"runtime": 37}}