{"train_loss": 0.21191237669784663, "_timestamp": 1697114003.6891804, "_runtime": 12.83774733543396, "_step": 68, "val_acc": 85.54913330078125, "_wandb": {"runtime": 12}}