{"train_loss": 0.2805562935509654, "_timestamp": 1697089661.1724193, "_runtime": 10.203409194946289, "_step": 47, "val_acc": 81.50289154052734, "_wandb": {"runtime": 9}}