{"train_loss": 0.13357777615297087, "_timestamp": 1697118695.0225961, "_runtime": 41.78506517410278, "_step": 291, "val_acc": 84.97109985351562, "_wandb": {"runtime": 40}}