{"train_loss": 0.07073641750896566, "_timestamp": 1697009661.133952, "_runtime": 14.522926807403564, "_step": 96, "val_acc": 83.23699188232422, "_wandb": {"runtime": 14}}