{"train_loss": 0.9612973027251231, "_timestamp": 1696919902.1901612, "_runtime": 869.5714182853699, "_step": 21, "val_acc": 0.6647399067878723, "_wandb": {"runtime": 869}}