{"train_loss": 0.09255659997024639, "_timestamp": 1696972491.8245845, "_runtime": 40.792258501052856, "_step": 279, "val_acc": 85.54913330078125, "_wandb": {"runtime": 40}}