{"train_loss": 0.0293856383474587, "_timestamp": 1697072391.255879, "_runtime": 28.857937812805176, "_step": 227, "val_acc": 86.12716674804688, "_wandb": {"runtime": 28}}