{"train_loss": 0.1266477995790368, "_timestamp": 1697067217.7834191, "_runtime": 15.851577043533325, "_step": 90, "val_acc": 82.6589584350586, "_wandb": {"runtime": 15}}