{"train_loss": 0.1843940561642697, "_timestamp": 1696978772.796135, "_runtime": 30.24328303337097, "_step": 204, "val_acc": 86.12716674804688, "_wandb": {"runtime": 29}}