{"train_loss": 0.03140677523062846, "_timestamp": 1697080827.6354527, "_runtime": 32.15266275405884, "_step": 263, "val_acc": 84.39306640625, "_wandb": {"runtime": 31}}