{"train_loss": 0.0611189276055801, "_timestamp": 1696971355.9638028, "_runtime": 28.216315746307373, "_step": 149, "val_acc": 85.54913330078125, "_wandb": {"runtime": 27}}