{"train_loss": 0.040938636066045524, "_timestamp": 1697037153.3698573, "_runtime": 30.072595357894897, "_step": 240, "val_acc": 86.7052001953125, "_wandb": {"runtime": 29}}