{"train_loss": 0.018143937786293845, "_timestamp": 1697125651.435097, "_runtime": 33.19917106628418, "_step": 272, "val_acc": 88.4393081665039, "_wandb": {"runtime": 32}}