{"train_loss": 0.10593345462409563, "_timestamp": 1697089171.3182912, "_runtime": 16.73460817337036, "_step": 116, "val_acc": 84.97109985351562, "_wandb": {"runtime": 16}}