{"train_loss": 0.1203485029413863, "_timestamp": 1697040033.0163734, "_runtime": 16.50152039527893, "_step": 96, "val_acc": 85.54913330078125, "_wandb": {"runtime": 16}}