{"train_loss": 0.15400998190391896, "_timestamp": 1697034940.5536416, "_runtime": 14.756099462509155, "_step": 84, "val_acc": 84.39306640625, "_wandb": {"runtime": 14}}