{"train_loss": 0.02702307895497354, "_timestamp": 1697020361.400924, "_runtime": 30.500590085983276, "_step": 246, "val_acc": 84.39306640625, "_wandb": {"runtime": 30}}