{"train_loss": 0.12446483583081254, "_timestamp": 1697102003.8784363, "_runtime": 12.8321213722229, "_step": 68, "val_acc": 81.50289154052734, "_wandb": {"runtime": 12}}