{"train_loss": NaN, "_timestamp": 1696851032.295563, "_runtime": 886.7169420719147, "_step": 14, "_wandb": {"runtime": 886}}