{"train_loss": 0.025695194471302595, "_timestamp": 1697057355.963438, "_runtime": 27.17019510269165, "_step": 215, "val_acc": 86.7052001953125, "_wandb": {"runtime": 26}}