{"train_loss": 0.3470452809922917, "_timestamp": 1697107174.7689145, "_runtime": 8.805027484893799, "_step": 38, "val_acc": 84.97109985351562, "_wandb": {"runtime": 8}}