{"train_loss": 0.10161645515540312, "_timestamp": 1696973939.573355, "_runtime": 12.115328073501587, "_step": 75, "val_acc": 84.97109985351562, "_wandb": {"runtime": 11}}