{"train_loss": 0.12077167890099592, "_timestamp": 1697105960.7785516, "_runtime": 11.236584663391113, "_step": 65, "val_acc": 86.7052001953125, "_wandb": {"runtime": 10}}