{"train_loss": 0.05859154724884172, "_timestamp": 1697014851.1707757, "_runtime": 23.093758583068848, "_step": 174, "val_acc": 84.97109985351562, "_wandb": {"runtime": 22}}