{"train_loss": 0.060773659303248316, "_timestamp": 1696975648.802885, "_runtime": 38.35749411582947, "_step": 269, "val_acc": 88.4393081665039, "_wandb": {"runtime": 37}}