{"train_loss": 0.318852019951094, "_timestamp": 1697001624.3347285, "_runtime": 8.111960411071777, "_step": 30, "val_acc": 83.81502532958984, "_wandb": {"runtime": 7}}