{"train_loss": 0.057235719078372035, "_timestamp": 1697010783.6430469, "_runtime": 20.299587965011597, "_step": 150, "val_acc": 83.23699188232422, "_wandb": {"runtime": 19}}