{"train_loss": 1.2341574436473732, "_timestamp": 1696917257.1265414, "_runtime": 866.8777363300323, "_step": 21, "val_acc": 0.6936416029930115, "_wandb": {"runtime": 866}}