{"train_loss": 3.174963121869612, "_timestamp": 1696897312.2354908, "_runtime": 298.62702989578247, "_step": 4, "_wandb": {"runtime": 298}}