{"train_loss": 0.028308287558015868, "_timestamp": 1697080290.9105866, "_runtime": 28.118485689163208, "_step": 222, "val_acc": 89.01734161376953, "_wandb": {"runtime": 27}}