{"train_loss": 0.048581668083707605, "_timestamp": 1697048972.6190937, "_runtime": 22.336721658706665, "_step": 168, "val_acc": 87.28323364257812, "_wandb": {"runtime": 21}}