{"train_loss": 0.02905326792672493, "_timestamp": 1697083561.7486277, "_runtime": 32.17040777206421, "_step": 261, "val_acc": 87.86127471923828, "_wandb": {"runtime": 31}}