{"train_loss": 0.1374910898008492, "_timestamp": 1697123550.8413012, "_runtime": 10.7191321849823, "_step": 60, "val_acc": 83.23699188232422, "_wandb": {"runtime": 10}}