{"train_loss": 0.1696449627796578, "_timestamp": 1696975205.6142821, "_runtime": 8.921654224395752, "_step": 45, "val_acc": 85.54913330078125, "_wandb": {"runtime": 8}}