{"train_loss": 0.10373329738328277, "_timestamp": 1697105939.707362, "_runtime": 21.162869930267334, "_step": 131, "val_acc": 84.97109985351562, "_wandb": {"runtime": 20}}