{"train_loss": 0.19713276434083318, "_timestamp": 1697059515.2186549, "_runtime": 8.722043752670288, "_step": 42, "val_acc": 84.39306640625, "_wandb": {"runtime": 8}}