{"train_loss": 0.07425925996544402, "_timestamp": 1697125950.4003944, "_runtime": 15.339811325073242, "_step": 104, "val_acc": 82.6589584350586, "_wandb": {"runtime": 14}}