{"train_loss": 0.07116737209604294, "_timestamp": 1697024615.736792, "_runtime": 38.39982008934021, "_step": 270, "val_acc": 83.23699188232422, "_wandb": {"runtime": 38}}