{"train_loss": 0.06196545948122823, "_timestamp": 1697064476.8196352, "_runtime": 21.29081416130066, "_step": 158, "val_acc": 87.86127471923828, "_wandb": {"runtime": 20}}