{"train_loss": 0.14326486582759507, "_timestamp": 1697120839.7834816, "_runtime": 18.7512686252594, "_step": 114, "val_acc": 84.39306640625, "_wandb": {"runtime": 18}}