{"train_loss": 0.09512154538141088, "_timestamp": 1696986333.1461077, "_runtime": 11.914328575134277, "_step": 57, "val_acc": 87.28323364257812, "_wandb": {"runtime": 11}}