{"train_loss": 0.09184591782950731, "_timestamp": 1697096159.9374802, "_runtime": 13.715503215789795, "_step": 89, "val_acc": 84.97109985351562, "_wandb": {"runtime": 13}}