{"train_loss": 1.2393641749858153, "_timestamp": 1696914295.5522869, "_runtime": 876.5130307674408, "_step": 21, "val_acc": 0.5028901696205139, "_wandb": {"runtime": 876}}