{"train_loss": 0.06835176483514789, "_timestamp": 1697060381.4597049, "_runtime": 35.38117480278015, "_step": 249, "val_acc": 85.54913330078125, "_wandb": {"runtime": 35}}