{"train_loss": 0.0864816254849524, "_timestamp": 1697030364.4354515, "_runtime": 18.57023859024048, "_step": 113, "val_acc": 83.81502532958984, "_wandb": {"runtime": 18}}