{"train_loss": 0.08271170550480832, "_timestamp": 1697013656.3617253, "_runtime": 12.694207429885864, "_step": 66, "val_acc": 86.7052001953125, "_wandb": {"runtime": 12}}