{"train_loss": 0.07588295724248341, "_timestamp": 1697003248.7979999, "_runtime": 30.885626792907715, "_step": 207, "val_acc": 85.54913330078125, "_wandb": {"runtime": 30}}