{"train_loss": 0.08731454011488728, "_timestamp": 1697103170.5014143, "_runtime": 32.26162934303284, "_step": 227, "val_acc": 83.81502532958984, "_wandb": {"runtime": 31}}