{"train_loss": 0.091295144386687, "_timestamp": 1697095377.2267506, "_runtime": 33.517263650894165, "_step": 233, "val_acc": 82.6589584350586, "_wandb": {"runtime": 33}}