{"train_loss": 0.10155575412737075, "_timestamp": 1696974165.2012246, "_runtime": 11.103859663009644, "_step": 65, "val_acc": 86.12716674804688, "_wandb": {"runtime": 10}}