{"train_loss": 0.18912587570416373, "_timestamp": 1697000973.6908262, "_runtime": 11.852574110031128, "_step": 60, "val_acc": 84.39306640625, "_wandb": {"runtime": 11}}