{"train_loss": 1.949212814486304, "_timestamp": 1697055889.5748496, "_runtime": 9.323338508605957, "_step": 48, "val_acc": 62.4277458190918, "_wandb": {"runtime": 8}}