{"train_loss": 0.06969511193537348, "_timestamp": 1696973919.9513748, "_runtime": 33.346853733062744, "_step": 228, "val_acc": 84.39306640625, "_wandb": {"runtime": 32}}