{"train_loss": 0.04117156776361341, "_timestamp": 1697127104.281213, "_runtime": 31.018415927886963, "_step": 251, "val_acc": 86.12716674804688, "_wandb": {"runtime": 30}}