{"train_loss": 0.16803146469904934, "_timestamp": 1697088792.8177633, "_runtime": 14.666465282440186, "_step": 81, "val_acc": 85.54913330078125, "_wandb": {"runtime": 14}}