{"train_loss": 0.07830670754273616, "_timestamp": 1697059255.7717874, "_runtime": 28.21034336090088, "_step": 188, "val_acc": 86.12716674804688, "_wandb": {"runtime": 27}}