{"train_loss": 0.05664165702013591, "_timestamp": 1697009712.828906, "_runtime": 40.401883125305176, "_step": 291, "val_acc": 83.23699188232422, "_wandb": {"runtime": 40}}