{"train_loss": 0.059865975070224946, "_timestamp": 1696983420.5978153, "_runtime": 16.85443925857544, "_step": 117, "val_acc": 86.7052001953125, "_wandb": {"runtime": 16}}