{"train_loss": 0.13063771766068977, "_timestamp": 1697104948.025474, "_runtime": 22.269237995147705, "_step": 146, "val_acc": 83.81502532958984, "_wandb": {"runtime": 21}}