{"train_loss": 0.2422036601360454, "_timestamp": 1697099052.874022, "_runtime": 8.150933980941772, "_step": 38, "val_acc": 83.23699188232422, "_wandb": {"runtime": 7}}