{"train_loss": 0.07086234059466352, "_timestamp": 1697127905.5632274, "_runtime": 30.02420949935913, "_step": 200, "val_acc": 83.81502532958984, "_wandb": {"runtime": 29}}