{"train_loss": 0.07276793924528499, "_timestamp": 1697091052.5768092, "_runtime": 20.144735097885132, "_step": 126, "val_acc": 89.59537506103516, "_wandb": {"runtime": 19}}