{"train_loss": 0.109443346731538, "_timestamp": 1697112330.790345, "_runtime": 10.743149995803833, "_step": 62, "val_acc": 87.86127471923828, "_wandb": {"runtime": 10}}