{"train_loss": 0.028903539188282, "_timestamp": 1697115982.0112312, "_runtime": 34.001429080963135, "_step": 282, "val_acc": 86.7052001953125, "_wandb": {"runtime": 33}}