{"train_loss": 0.059982219629726094, "_timestamp": 1697102352.668454, "_runtime": 30.64326786994934, "_step": 210, "val_acc": 86.12716674804688, "_wandb": {"runtime": 30}}