{"train_loss": 0.04724404407830281, "_timestamp": 1697012619.5812147, "_runtime": 31.383724689483643, "_step": 243, "val_acc": 83.23699188232422, "_wandb": {"runtime": 30}}