{"train_loss": 0.10425852402790212, "_timestamp": 1697017241.3855305, "_runtime": 26.617380380630493, "_step": 173, "val_acc": 81.50289154052734, "_wandb": {"runtime": 26}}