{"train_loss": 0.11000136802037962, "_timestamp": 1696973458.7750697, "_runtime": 22.63977360725403, "_step": 147, "val_acc": 82.08092498779297, "_wandb": {"runtime": 22}}