{"train_loss": 0.04832008443393766, "_timestamp": 1697032858.163837, "_runtime": 30.66201901435852, "_step": 246, "val_acc": 86.7052001953125, "_wandb": {"runtime": 30}}