{"train_loss": 0.036640624060880304, "_timestamp": 1697052365.79405, "_runtime": 29.177704095840454, "_step": 233, "val_acc": 87.28323364257812, "_wandb": {"runtime": 28}}