{"train_loss": 1.118668721165768, "_timestamp": 1697093212.0840595, "_runtime": 9.200120449066162, "_step": 48, "val_acc": 78.61271667480469, "_wandb": {"runtime": 8}}