{"train_loss": 0.0222276012761096, "_timestamp": 1697121404.6979468, "_runtime": 29.997975826263428, "_step": 230, "val_acc": 86.12716674804688, "_wandb": {"runtime": 29}}