{"train_loss": 1.3510895466071227, "_timestamp": 1696962417.0603242, "_runtime": 866.7844002246857, "_step": 21, "val_acc": 0.4797687828540802, "_wandb": {"runtime": 866}}