{"train_loss": 0.11267413630496798, "_timestamp": 1697002200.7710943, "_runtime": 24.342977285385132, "_step": 158, "val_acc": 86.7052001953125, "_wandb": {"runtime": 23}}