{"train_loss": 0.055752423938450424, "_timestamp": 1697003892.7120807, "_runtime": 23.36332678794861, "_step": 177, "val_acc": 86.12716674804688, "_wandb": {"runtime": 22}}