{"train_loss": 0.08702403839764207, "_timestamp": 1697049816.5553033, "_runtime": 19.122908353805542, "_step": 140, "val_acc": 84.39306640625, "_wandb": {"runtime": 18}}