{"train_loss": 0.21050135652686275, "_timestamp": 1696988875.8585396, "_runtime": 11.16419768333435, "_step": 63, "val_acc": 84.97109985351562, "_wandb": {"runtime": 10}}