{"train_loss": 0.1060622403909842, "_timestamp": 1697112700.4959848, "_runtime": 40.32648181915283, "_step": 279, "val_acc": 82.08092498779297, "_wandb": {"runtime": 39}}