{"train_loss": 0.3737795760118684, "_timestamp": 1697109457.5724554, "_runtime": 8.005446434020996, "_step": 30, "val_acc": 79.76878356933594, "_wandb": {"runtime": 7}}