{"train_loss": 0.12647062582694818, "_timestamp": 1697105073.2850044, "_runtime": 28.917776346206665, "_step": 194, "val_acc": 84.39306640625, "_wandb": {"runtime": 28}}