{"train_loss": 0.06108910181332206, "_timestamp": 1697116736.4031239, "_runtime": 34.66162085533142, "_step": 242, "val_acc": 81.50289154052734, "_wandb": {"runtime": 34}}