{"train_loss": 0.21758249627296314, "_timestamp": 1697014404.9910529, "_runtime": 9.083881855010986, "_step": 45, "val_acc": 83.81502532958984, "_wandb": {"runtime": 8}}