{"train_loss": 1.1002851918686267, "_timestamp": 1697003423.117446, "_runtime": 7.7585530281066895, "_step": 33, "val_acc": 77.45664978027344, "_wandb": {"runtime": 7}}