{"train_loss": 0.1205973083283319, "_timestamp": 1696989008.7725472, "_runtime": 15.017861127853394, "_step": 83, "val_acc": 82.6589584350586, "_wandb": {"runtime": 14}}