{"train_loss": 0.051518260761229104, "_timestamp": 1697060446.980028, "_runtime": 18.835486888885498, "_step": 137, "val_acc": 84.97109985351562, "_wandb": {"runtime": 18}}