{"train_loss": 0.018804977055054243, "_timestamp": 1696989911.2416093, "_runtime": 36.61571741104126, "_step": 296, "val_acc": 87.28323364257812, "_wandb": {"runtime": 36}}