{"train_loss": 0.08240150096609669, "_timestamp": 1697127839.0367932, "_runtime": 15.439438343048096, "_step": 104, "val_acc": 83.81502532958984, "_wandb": {"runtime": 15}}