{"train_loss": 0.05631417823348974, "_timestamp": 1697041575.1754615, "_runtime": 16.089502573013306, "_step": 111, "val_acc": 85.54913330078125, "_wandb": {"runtime": 15}}