{"train_loss": 0.033255119734920215, "_timestamp": 1697015614.097746, "_runtime": 33.70363998413086, "_step": 273, "val_acc": 85.54913330078125, "_wandb": {"runtime": 33}}