{"train_loss": 0.061315575666010896, "_timestamp": 1697028873.4490519, "_runtime": 36.771875858306885, "_step": 255, "val_acc": 86.12716674804688, "_wandb": {"runtime": 36}}