{"train_loss": 0.20001892879778563, "_timestamp": 1697051497.604501, "_runtime": 18.823523998260498, "_step": 114, "val_acc": 85.54913330078125, "_wandb": {"runtime": 18}}