{"train_loss": 0.056296809684745104, "_timestamp": 1697123582.7959874, "_runtime": 21.22225546836853, "_step": 159, "val_acc": 84.97109985351562, "_wandb": {"runtime": 20}}