{"train_loss": 0.025323782046460873, "_timestamp": 1696987096.0886457, "_runtime": 36.873037815093994, "_step": 297, "val_acc": 84.97109985351562, "_wandb": {"runtime": 36}}