{"train_loss": 0.09636945313189266, "_timestamp": 1696988763.2550557, "_runtime": 17.19198775291443, "_step": 119, "val_acc": 84.97109985351562, "_wandb": {"runtime": 16}}