{"train_loss": 0.04971684739643405, "_timestamp": 1697085490.0079606, "_runtime": 21.261900663375854, "_step": 162, "val_acc": 86.7052001953125, "_wandb": {"runtime": 20}}