{"train_loss": 0.09419485691699286, "_timestamp": 1697128791.0616252, "_runtime": 26.8264262676239, "_step": 177, "val_acc": 86.7052001953125, "_wandb": {"runtime": 26}}