{"train_loss": 0.04138390932145507, "_timestamp": 1697062541.6925535, "_runtime": 35.5371835231781, "_step": 242, "val_acc": 85.54913330078125, "_wandb": {"runtime": 35}}