{"train_loss": 0.09513868513885279, "_timestamp": 1697041610.5377192, "_runtime": 24.905436277389526, "_step": 165, "val_acc": 84.97109985351562, "_wandb": {"runtime": 24}}