{"train_loss": 0.10809415724225949, "_timestamp": 1697046005.9689813, "_runtime": 24.90149235725403, "_step": 161, "val_acc": 80.92485809326172, "_wandb": {"runtime": 24}}