{"train_loss": 0.08476505933199512, "_timestamp": 1697103030.9339523, "_runtime": 17.74846339225769, "_step": 126, "val_acc": 87.28323364257812, "_wandb": {"runtime": 17}}