{"train_loss": 0.03626306048800172, "_timestamp": 1697095983.2520227, "_runtime": 27.20625066757202, "_step": 216, "val_acc": 87.86127471923828, "_wandb": {"runtime": 26}}