{"train_loss": 0.07120086026356318, "_timestamp": 1697006532.9155111, "_runtime": 35.676053047180176, "_step": 248, "val_acc": 83.81502532958984, "_wandb": {"runtime": 35}}