{"train_loss": 3.2941919450843056, "_timestamp": 1696819262.0820901, "_runtime": 884.2016792297363, "_step": 14, "_wandb": {"runtime": 883}}