{"train_loss": 0.09526965805995387, "_timestamp": 1697067084.3897765, "_runtime": 31.743765354156494, "_step": 218, "val_acc": 85.54913330078125, "_wandb": {"runtime": 31}}