{"train_loss": NaN, "_timestamp": 1696860983.6030185, "_runtime": 579.4467055797577, "_step": 9, "_wandb": {"runtime": 592}}