{"train_loss": 0.5886041196279748, "_timestamp": 1697045333.1637483, "_runtime": 12.106204271316528, "_step": 72, "val_acc": 83.81502532958984, "_wandb": {"runtime": 11}}