{"train_loss": 0.0516941259116974, "_timestamp": 1697031187.8650434, "_runtime": 25.207011461257935, "_step": 195, "val_acc": 86.12716674804688, "_wandb": {"runtime": 24}}