{"train_loss": 0.04468012365057718, "_timestamp": 1697012302.5310628, "_runtime": 24.015517950057983, "_step": 155, "val_acc": 87.28323364257812, "_wandb": {"runtime": 23}}