{"train_loss": 0.2294366441147272, "_timestamp": 1697118486.270686, "_runtime": 8.492824792861938, "_step": 41, "val_acc": 83.23699188232422, "_wandb": {"runtime": 8}}