{"train_loss": 0.09426047206740572, "_timestamp": 1697045469.143308, "_runtime": 39.5670440196991, "_step": 279, "val_acc": 86.12716674804688, "_wandb": {"runtime": 39}}