{"train_loss": 0.048451829279318105, "_timestamp": 1697008753.0214999, "_runtime": 19.646291971206665, "_step": 146, "val_acc": 86.12716674804688, "_wandb": {"runtime": 19}}