{"train_loss": 3.2023566812080477, "_timestamp": 1696906866.2292562, "_runtime": 291.8661632537842, "_step": 6, "val_acc": 0.10404624044895172, "_wandb": {"runtime": 291}}