{"train_loss": 0.06460538727155518, "_timestamp": 1697053069.4057846, "_runtime": 31.563841581344604, "_step": 216, "val_acc": 86.12716674804688, "_wandb": {"runtime": 31}}