{"train_loss": 0.03576371815261366, "_timestamp": 1697011024.5704644, "_runtime": 29.426366329193115, "_step": 234, "val_acc": 86.12716674804688, "_wandb": {"runtime": 29}}