{"train_loss": 0.0323508913523171, "_timestamp": 1697083033.230683, "_runtime": 24.726052045822144, "_step": 195, "val_acc": 83.81502532958984, "_wandb": {"runtime": 24}}