{"train_loss": 0.11246233530949022, "_timestamp": 1697099303.2559354, "_runtime": 16.5633544921875, "_step": 99, "val_acc": 83.23699188232422, "_wandb": {"runtime": 16}}