{"train_loss": 0.12660593876268628, "_timestamp": 1697125890.4500349, "_runtime": 22.66601276397705, "_step": 144, "val_acc": 86.7052001953125, "_wandb": {"runtime": 22}}