{"train_loss": 0.05513671015627509, "_timestamp": 1697064121.6586666, "_runtime": 18.079432725906372, "_step": 128, "val_acc": 86.12716674804688, "_wandb": {"runtime": 17}}