{"train_loss": 0.11386500645515531, "_timestamp": 1697007021.1297472, "_runtime": 31.053134202957153, "_step": 209, "val_acc": 86.7052001953125, "_wandb": {"runtime": 30}}