{"train_loss": 0.1128923443990738, "_timestamp": 1697056366.8430471, "_runtime": 27.748221158981323, "_step": 183, "val_acc": 82.6589584350586, "_wandb": {"runtime": 27}}