{"train_loss": 0.03760842481075764, "_timestamp": 1697079277.3473454, "_runtime": 32.11696124076843, "_step": 261, "val_acc": 87.28323364257812, "_wandb": {"runtime": 31}}