{"train_loss": 0.08198857740607372, "_timestamp": 1697025389.2320962, "_runtime": 22.534592151641846, "_step": 146, "val_acc": 83.81502532958984, "_wandb": {"runtime": 22}}