{"train_loss": 0.22218376536702, "_timestamp": 1697021986.8107285, "_runtime": 9.542367458343506, "_step": 44, "val_acc": 83.23699188232422, "_wandb": {"runtime": 9}}