{"train_loss": NaN, "_timestamp": 1696850135.111414, "_runtime": 293.46503591537476, "_step": 4, "_wandb": {"runtime": 293}}