{"train_loss": 0.1220536224143363, "_timestamp": 1697081461.343485, "_runtime": 19.884865045547485, "_step": 125, "val_acc": 86.7052001953125, "_wandb": {"runtime": 19}}