{"train_loss": 0.343293163687164, "_timestamp": 1697095728.5173328, "_runtime": 9.203791856765747, "_step": 41, "val_acc": 80.92485809326172, "_wandb": {"runtime": 8}}