{"train_loss": 0.09431904560864665, "_timestamp": 1697005268.0201023, "_runtime": 19.013403177261353, "_step": 117, "val_acc": 87.28323364257812, "_wandb": {"runtime": 18}}