{"train_loss": 0.09321276982163273, "_timestamp": 1697015001.8627613, "_runtime": 14.564156293869019, "_step": 83, "val_acc": 88.4393081665039, "_wandb": {"runtime": 12}}