{"train_loss": 0.041084822957663865, "_timestamp": 1697035477.2826624, "_runtime": 24.66956329345703, "_step": 191, "val_acc": 85.54913330078125, "_wandb": {"runtime": 24}}