{"train_loss": 0.03556943264096802, "_timestamp": 1696986706.4862118, "_runtime": 29.214505672454834, "_step": 228, "val_acc": 84.97109985351562, "_wandb": {"runtime": 28}}