{"train_loss": 0.1628302111355371, "_timestamp": 1697021035.767769, "_runtime": 11.027244091033936, "_step": 54, "val_acc": 84.97109985351562, "_wandb": {"runtime": 10}}