{"train_loss": 0.4518742027670838, "_timestamp": 1697060045.146651, "_runtime": 8.474506139755249, "_step": 33, "val_acc": 82.08092498779297, "_wandb": {"runtime": 8}}