{"train_loss": 0.03616439233544867, "_timestamp": 1697037287.8293571, "_runtime": 30.20527410507202, "_step": 245, "val_acc": 84.97109985351562, "_wandb": {"runtime": 29}}