{"train_loss": 0.1572027715507808, "_timestamp": 1697055732.2682405, "_runtime": 16.813578367233276, "_step": 98, "val_acc": 84.39306640625, "_wandb": {"runtime": 16}}