{"train_loss": 0.04137082011330613, "_timestamp": 1697118373.2429552, "_runtime": 29.310765266418457, "_step": 234, "val_acc": 88.4393081665039, "_wandb": {"runtime": 28}}