{"train_loss": 0.0476255098271162, "_timestamp": 1696983877.164334, "_runtime": 18.062556982040405, "_step": 131, "val_acc": 87.28323364257812, "_wandb": {"runtime": 17}}