{"train_loss": 0.04984133547648441, "_timestamp": 1697049288.739999, "_runtime": 29.55425715446472, "_step": 236, "val_acc": 87.28323364257812, "_wandb": {"runtime": 29}}