{"train_loss": 0.0329557777988876, "_timestamp": 1697105604.6429474, "_runtime": 29.300976514816284, "_step": 236, "val_acc": 85.54913330078125, "_wandb": {"runtime": 28}}