{"train_loss": 0.23769699115046236, "_timestamp": 1696984749.738566, "_runtime": 10.777436017990112, "_step": 50, "val_acc": 83.81502532958984, "_wandb": {"runtime": 10}}