{"train_loss": 0.06899337040606973, "_timestamp": 1697021869.1186678, "_runtime": 20.531842947006226, "_step": 152, "val_acc": 86.12716674804688, "_wandb": {"runtime": 20}}