{"train_loss": 0.027580953257288352, "_timestamp": 1697058713.565596, "_runtime": 27.58777904510498, "_step": 218, "val_acc": 86.7052001953125, "_wandb": {"runtime": 27}}