{"train_loss": 0.03382010774640908, "_timestamp": 1697115936.7710397, "_runtime": 24.766236782073975, "_step": 194, "val_acc": 87.28323364257812, "_wandb": {"runtime": 24}}