{"train_loss": 0.05548011093552029, "_timestamp": 1696980003.462345, "_runtime": 30.281508922576904, "_step": 209, "val_acc": 86.7052001953125, "_wandb": {"runtime": 29}}