{"train_loss": 0.15165005065500736, "_timestamp": 1697099941.711491, "_runtime": 10.48091721534729, "_step": 59, "val_acc": 86.7052001953125, "_wandb": {"runtime": 10}}