{"train_loss": 0.09396360271480368, "_timestamp": 1696989290.9357932, "_runtime": 14.418298244476318, "_step": 92, "val_acc": 85.54913330078125, "_wandb": {"runtime": 13}}