{"train_loss": 0.19965700536619785, "_timestamp": 1697056163.8609595, "_runtime": 15.563459634780884, "_step": 83, "val_acc": 86.7052001953125, "_wandb": {"runtime": 14}}