{"train_loss": 0.08791366760987182, "_timestamp": 1697123346.164981, "_runtime": 19.593568801879883, "_step": 144, "val_acc": 85.54913330078125, "_wandb": {"runtime": 19}}