{"train_loss": 0.0791411369410885, "_timestamp": 1696978528.7497332, "_runtime": 19.709854125976562, "_step": 146, "val_acc": 86.12716674804688, "_wandb": {"runtime": 19}}