{"train_loss": 0.10785709907365747, "_timestamp": 1696981632.504387, "_runtime": 29.642054796218872, "_step": 201, "val_acc": 84.97109985351562, "_wandb": {"runtime": 29}}