{"train_loss": 0.16103664378440657, "_timestamp": 1696984428.8236783, "_runtime": 11.902442216873169, "_step": 60, "val_acc": 85.54913330078125, "_wandb": {"runtime": 11}}