{"train_loss": 0.15014125206534815, "_timestamp": 1697129744.1391232, "_runtime": 23.954448223114014, "_step": 155, "val_acc": 86.12716674804688, "_wandb": {"runtime": 23}}