{"train_loss": 0.06151392314106573, "_timestamp": 1697049448.1902916, "_runtime": 38.184738636016846, "_step": 264, "val_acc": 85.54913330078125, "_wandb": {"runtime": 37}}