{"train_loss": 0.25243383563708427, "_timestamp": 1697019463.041531, "_runtime": 8.813549995422363, "_step": 38, "val_acc": 83.23699188232422, "_wandb": {"runtime": 8}}