{"train_loss": 0.028876740991701046, "_timestamp": 1696982491.216324, "_runtime": 34.62188220024109, "_step": 285, "val_acc": 86.7052001953125, "_wandb": {"runtime": 34}}