{"train_loss": 0.032024243045165095, "_timestamp": 1697023358.5500705, "_runtime": 28.991710424423218, "_step": 231, "val_acc": 86.12716674804688, "_wandb": {"runtime": 28}}