{"train_loss": 0.7582652629232476, "_timestamp": 1696965946.0787783, "_runtime": 873.5632011890411, "_step": 21, "val_acc": 0.6358381509780884, "_wandb": {"runtime": 873}}