{"train_loss": 0.030897845847120638, "_timestamp": 1697045276.573987, "_runtime": 38.3129301071167, "_step": 263, "val_acc": 87.28323364257812, "_wandb": {"runtime": 37}}