{"train_loss": 0.09148271518981431, "_timestamp": 1697125134.3764107, "_runtime": 25.303743839263916, "_step": 165, "val_acc": 84.97109985351562, "_wandb": {"runtime": 24}}