{"train_loss": 0.07313560759229044, "_timestamp": 1697046308.9477284, "_runtime": 28.65666627883911, "_step": 230, "val_acc": 84.39306640625, "_wandb": {"runtime": 28}}