{"train_loss": 0.04637114227164623, "_timestamp": 1697078925.036838, "_runtime": 29.86807608604431, "_step": 240, "val_acc": 83.23699188232422, "_wandb": {"runtime": 29}}