{"train_loss": 0.03677857803657304, "_timestamp": 1697094902.7512527, "_runtime": 18.651981592178345, "_step": 135, "val_acc": 83.23699188232422, "_wandb": {"runtime": 18}}