{"train_loss": 0.09320587389506833, "_timestamp": 1697006949.4108186, "_runtime": 36.252400636672974, "_step": 249, "val_acc": 84.97109985351562, "_wandb": {"runtime": 35}}