{"train_loss": 0.12351861577697618, "_timestamp": 1697089530.4927437, "_runtime": 35.01028561592102, "_step": 248, "val_acc": 87.28323364257812, "_wandb": {"runtime": 34}}