{"train_loss": 0.04672421252918105, "_timestamp": 1697101080.2946496, "_runtime": 23.569807529449463, "_step": 183, "val_acc": 84.39306640625, "_wandb": {"runtime": 23}}