{"train_loss": 0.0390412021146784, "_timestamp": 1697079974.7444174, "_runtime": 32.70148539543152, "_step": 267, "val_acc": 86.12716674804688, "_wandb": {"runtime": 32}}