{"train_loss": 0.07552943335369576, "_timestamp": 1696985631.0790987, "_runtime": 25.542953729629517, "_step": 168, "val_acc": 81.50289154052734, "_wandb": {"runtime": 25}}