{"train_loss": 1.548913977866949, "_timestamp": 1696998678.777491, "_runtime": 19.74278998374939, "_step": 144, "val_acc": 71.67630004882812, "_wandb": {"runtime": 19}}