{"train_loss": 0.10068326363567436, "_timestamp": 1697035910.2500293, "_runtime": 29.78012728691101, "_step": 203, "val_acc": 82.6589584350586, "_wandb": {"runtime": 29}}