{"train_loss": 0.028047698618963276, "_timestamp": 1697025308.4402285, "_runtime": 34.49265241622925, "_step": 281, "val_acc": 83.81502532958984, "_wandb": {"runtime": 33}}