{"train_loss": 0.14726492955327727, "_timestamp": 1697075008.0117407, "_runtime": 15.059156656265259, "_step": 86, "val_acc": 84.97109985351562, "_wandb": {"runtime": 14}}