{"train_loss": 0.03444656839615903, "_timestamp": 1696981725.8793333, "_runtime": 29.854368209838867, "_step": 239, "val_acc": 87.86127471923828, "_wandb": {"runtime": 29}}