{"train_loss": 0.04513546860462791, "_timestamp": 1697073012.3769531, "_runtime": 20.314539194107056, "_step": 150, "val_acc": 84.39306640625, "_wandb": {"runtime": 19}}