{"train_loss": 0.04126850833715654, "_timestamp": 1697102519.919126, "_runtime": 27.469735145568848, "_step": 221, "val_acc": 87.28323364257812, "_wandb": {"runtime": 27}}