{"train_loss": 0.06944744629334648, "_timestamp": 1697037999.8120432, "_runtime": 41.463805198669434, "_step": 291, "val_acc": 82.08092498779297, "_wandb": {"runtime": 41}}