{"train_loss": 0.12330016521953566, "_timestamp": 1697087526.6720886, "_runtime": 17.575881719589233, "_step": 107, "val_acc": 83.81502532958984, "_wandb": {"runtime": 17}}