{"train_loss": 0.038694244942784874, "_timestamp": 1697061791.3917732, "_runtime": 42.08743119239807, "_step": 297, "val_acc": 87.28323364257812, "_wandb": {"runtime": 41}}