{"train_loss": 3.312771652673566, "_timestamp": 1696809640.8984456, "_runtime": 896.796035528183, "_step": 14, "_wandb": {"runtime": 896}}