{"train_loss": 0.10983178754293815, "_timestamp": 1697059446.4861355, "_runtime": 22.780441522598267, "_step": 147, "val_acc": 82.08092498779297, "_wandb": {"runtime": 22}}