{"train_loss": 0.0289316572503425, "_timestamp": 1697090324.632231, "_runtime": 24.194148063659668, "_step": 189, "val_acc": 86.7052001953125, "_wandb": {"runtime": 23}}