{"train_loss": 0.48035149657449056, "_timestamp": 1697029325.4258797, "_runtime": 18.728851795196533, "_step": 135, "val_acc": 81.50289154052734, "_wandb": {"runtime": 18}}