{"train_loss": 0.12264731501467353, "_timestamp": 1696976132.242928, "_runtime": 15.020550966262817, "_step": 86, "val_acc": 83.23699188232422, "_wandb": {"runtime": 14}}