{"train_loss": 0.024232271326391764, "_timestamp": 1696998938.1826513, "_runtime": 26.674509286880493, "_step": 207, "val_acc": 85.54913330078125, "_wandb": {"runtime": 26}}