{"train_loss": 0.05330185035546852, "_timestamp": 1697000101.283534, "_runtime": 25.957587957382202, "_step": 201, "val_acc": 86.7052001953125, "_wandb": {"runtime": 25}}