{"train_loss": 0.10933432357688976, "_timestamp": 1696980768.8665745, "_runtime": 13.401220560073853, "_step": 87, "val_acc": 84.97109985351562, "_wandb": {"runtime": 13}}