{"train_loss": 0.0535908073679609, "_timestamp": 1697126454.3476756, "_runtime": 28.34405255317688, "_step": 225, "val_acc": 84.97109985351562, "_wandb": {"runtime": 27}}