{"train_loss": 0.0697671994133744, "_timestamp": 1697012959.7488303, "_runtime": 22.38860821723938, "_step": 167, "val_acc": 86.7052001953125, "_wandb": {"runtime": 22}}