{"train_loss": 0.0954654402597699, "_timestamp": 1696995432.2063537, "_runtime": 17.16809868812561, "_step": 117, "val_acc": 85.54913330078125, "_wandb": {"runtime": 16}}