{"train_loss": 0.06811099358005883, "_timestamp": 1697017463.9460554, "_runtime": 27.377464294433594, "_step": 183, "val_acc": 89.59537506103516, "_wandb": {"runtime": 27}}