{"train_loss": 0.1429534623220693, "_timestamp": 1697130578.3735409, "_runtime": 28.626697778701782, "_step": 189, "val_acc": 86.12716674804688, "_wandb": {"runtime": 28}}