{"train_loss": 0.08049868595912284, "_timestamp": 1697087390.4743798, "_runtime": 30.341830730438232, "_step": 207, "val_acc": 83.23699188232422, "_wandb": {"runtime": 29}}