{"train_loss": 0.04229229076787136, "_timestamp": 1696985986.7865176, "_runtime": 20.88590359687805, "_step": 152, "val_acc": 84.97109985351562, "_wandb": {"runtime": 20}}