{"train_loss": 0.07728201321253098, "_timestamp": 1696982565.1774008, "_runtime": 41.62234091758728, "_step": 296, "val_acc": 80.92485809326172, "_wandb": {"runtime": 41}}