{"train_loss": 0.051425012543277686, "_timestamp": 1697102150.4301689, "_runtime": 34.99779796600342, "_step": 288, "val_acc": 86.7052001953125, "_wandb": {"runtime": 34}}