{"train_loss": 1.3219014559954474, "_timestamp": 1696960653.6484966, "_runtime": 871.5424845218658, "_step": 21, "val_acc": 0.5549132823944092, "_wandb": {"runtime": 871}}