{"train_loss": 0.3267319871242656, "_timestamp": 1697071395.2477005, "_runtime": 8.77401351928711, "_step": 36, "val_acc": 84.39306640625, "_wandb": {"runtime": 8}}