{"train_loss": 3.425677698018939, "_timestamp": 1696893657.3745399, "_runtime": 299.8874788284302, "_step": 4, "_wandb": {"runtime": 299}}