{"train_loss": 0.3588422608540155, "_timestamp": 1697111596.5905068, "_runtime": 10.104694843292236, "_step": 47, "val_acc": 82.6589584350586, "_wandb": {"runtime": 9}}