{"train_loss": 0.0356114988193609, "_timestamp": 1697052034.5876613, "_runtime": 34.26777625083923, "_step": 237, "val_acc": 83.81502532958984, "_wandb": {"runtime": 33}}