{"train_loss": 0.04270546606925944, "_timestamp": 1697081337.1120253, "_runtime": 34.61159920692444, "_step": 272, "val_acc": 84.39306640625, "_wandb": {"runtime": 33}}