{"train_loss": 0.0411239595268853, "_timestamp": 1697104599.981385, "_runtime": 29.473283052444458, "_step": 237, "val_acc": 86.12716674804688, "_wandb": {"runtime": 29}}