{"train_loss": 0.04693965812018791, "_timestamp": 1697002357.205946, "_runtime": 36.38933491706848, "_step": 252, "val_acc": 85.54913330078125, "_wandb": {"runtime": 35}}