{"train_loss": 0.03071056517263398, "_timestamp": 1696986203.783977, "_runtime": 26.820332050323486, "_step": 206, "val_acc": 86.7052001953125, "_wandb": {"runtime": 26}}