{"train_loss": 0.05962138644116389, "_timestamp": 1697013476.7025464, "_runtime": 24.752740383148193, "_step": 192, "val_acc": 82.6589584350586, "_wandb": {"runtime": 24}}