{"train_loss": 0.03763533246346078, "_timestamp": 1696978625.6070678, "_runtime": 23.112393856048584, "_step": 177, "val_acc": 86.12716674804688, "_wandb": {"runtime": 22}}