{"train_loss": 0.1616977861768371, "_timestamp": 1697006321.854707, "_runtime": 19.74573802947998, "_step": 110, "val_acc": 82.08092498779297, "_wandb": {"runtime": 17}}