{"train_loss": 0.3143820719316948, "_timestamp": 1697109204.2396154, "_runtime": 7.574045419692993, "_step": 32, "val_acc": 82.6589584350586, "_wandb": {"runtime": 7}}