{"train_loss": 0.11383803931693005, "_timestamp": 1697044438.7450511, "_runtime": 13.884458065032959, "_step": 77, "val_acc": 85.54913330078125, "_wandb": {"runtime": 13}}