{"train_loss": 0.05375191455214219, "_timestamp": 1697008655.8965256, "_runtime": 20.3778235912323, "_step": 152, "val_acc": 86.12716674804688, "_wandb": {"runtime": 19}}