{"train_loss": 0.14588428123009411, "_timestamp": 1697041490.6148539, "_runtime": 19.23856782913208, "_step": 119, "val_acc": 83.23699188232422, "_wandb": {"runtime": 18}}