{"train_loss": 0.30097157915317735, "_timestamp": 1697124217.2969446, "_runtime": 10.013554573059082, "_step": 45, "val_acc": 84.39306640625, "_wandb": {"runtime": 9}}