{"train_loss": 0.09477120355518838, "_timestamp": 1697059825.1024244, "_runtime": 30.483084440231323, "_step": 207, "val_acc": 88.4393081665039, "_wandb": {"runtime": 30}}