{"train_loss": 0.08607988778588384, "_timestamp": 1697092321.4290688, "_runtime": 21.29007577896118, "_step": 161, "val_acc": 84.39306640625, "_wandb": {"runtime": 20}}