{"train_loss": 0.2193248473042839, "_timestamp": 1697024525.8960447, "_runtime": 15.726069688796997, "_step": 92, "val_acc": 80.92485809326172, "_wandb": {"runtime": 15}}