{"train_loss": 0.19337247994316872, "_timestamp": 1697111957.4266424, "_runtime": 14.420834302902222, "_step": 81, "val_acc": 86.7052001953125, "_wandb": {"runtime": 13}}