{"train_loss": 0.04398111606471587, "_timestamp": 1697029867.580986, "_runtime": 40.69092392921448, "_step": 288, "val_acc": 82.6589584350586, "_wandb": {"runtime": 40}}