{"train_loss": 0.2095729383791602, "_timestamp": 1696997246.773622, "_runtime": 12.004873037338257, "_step": 60, "val_acc": 84.97109985351562, "_wandb": {"runtime": 11}}