{"train_loss": 0.05420872131849877, "_timestamp": 1697033744.5437717, "_runtime": 18.884276628494263, "_step": 137, "val_acc": 86.7052001953125, "_wandb": {"runtime": 18}}