{"train_loss": 0.0545856430097808, "_timestamp": 1697030982.958106, "_runtime": 26.557757139205933, "_step": 209, "val_acc": 85.54913330078125, "_wandb": {"runtime": 26}}