{"train_loss": 0.33350967771785206, "_timestamp": 1697044152.3024726, "_runtime": 11.825011491775513, "_step": 56, "val_acc": 81.50289154052734, "_wandb": {"runtime": 11}}