{"train_loss": 0.10420750346587061, "_timestamp": 1697022329.3861814, "_runtime": 22.027042388916016, "_step": 143, "val_acc": 84.39306640625, "_wandb": {"runtime": 21}}