{"train_loss": 0.022364367906892196, "_timestamp": 1697099548.5591462, "_runtime": 23.93110728263855, "_step": 189, "val_acc": 86.7052001953125, "_wandb": {"runtime": 23}}