{"train_loss": 0.08429173798554815, "_timestamp": 1697126599.4038787, "_runtime": 34.106690645217896, "_step": 231, "val_acc": 84.39306640625, "_wandb": {"runtime": 33}}