{"train_loss": 0.025784249317312484, "_timestamp": 1697000511.6829824, "_runtime": 34.13449835777283, "_step": 275, "val_acc": 87.28323364257812, "_wandb": {"runtime": 33}}