{"train_loss": 0.059628687214192955, "_timestamp": 1697096365.2369, "_runtime": 17.39414620399475, "_step": 116, "val_acc": 84.97109985351562, "_wandb": {"runtime": 16}}