{"train_loss": 0.0943405638708798, "_timestamp": 1697124989.354265, "_runtime": 19.534915924072266, "_step": 120, "val_acc": 86.12716674804688, "_wandb": {"runtime": 19}}