{"train_loss": 0.05683308937126597, "_timestamp": 1697033511.7659535, "_runtime": 35.77638244628906, "_step": 254, "val_acc": 84.97109985351562, "_wandb": {"runtime": 35}}