{"train_loss": 0.056685032745346774, "_timestamp": 1697087642.3221157, "_runtime": 19.44119167327881, "_step": 144, "val_acc": 85.54913330078125, "_wandb": {"runtime": 19}}