{"train_loss": 3.29528655804867, "_timestamp": 1696899743.9701214, "_runtime": 302.1667034626007, "_step": 4, "_wandb": {"runtime": 301}}