{"train_loss": 0.12292456838199435, "_timestamp": 1697047516.308453, "_runtime": 33.3366219997406, "_step": 230, "val_acc": 84.39306640625, "_wandb": {"runtime": 32}}