{"train_loss": 0.1223279097534413, "_timestamp": 1697079392.4114099, "_runtime": 33.958173751831055, "_step": 242, "val_acc": 83.81502532958984, "_wandb": {"runtime": 33}}