{"train_loss": 0.1474445830207578, "_timestamp": 1697042437.1383138, "_runtime": 14.94971776008606, "_step": 86, "val_acc": 87.28323364257812, "_wandb": {"runtime": 14}}