{"train_loss": 0.03510403778230728, "_timestamp": 1697021087.2100077, "_runtime": 41.71094369888306, "_step": 297, "val_acc": 84.97109985351562, "_wandb": {"runtime": 41}}