{"train_loss": 0.028417027633918752, "_timestamp": 1697012158.883776, "_runtime": 29.673234939575195, "_step": 234, "val_acc": 85.54913330078125, "_wandb": {"runtime": 29}}