{"train_loss": 0.07349309476964219, "_timestamp": 1697035058.8748963, "_runtime": 35.267810344696045, "_step": 242, "val_acc": 88.4393081665039, "_wandb": {"runtime": 34}}