{"train_loss": 0.045968335435920674, "_timestamp": 1697021217.4750881, "_runtime": 22.95958709716797, "_step": 176, "val_acc": 86.12716674804688, "_wandb": {"runtime": 22}}