{"train_loss": 0.062449377551295815, "_timestamp": 1697108301.2978642, "_runtime": 30.096039295196533, "_step": 209, "val_acc": 85.54913330078125, "_wandb": {"runtime": 29}}