{"train_loss": 0.07572673239506954, "_timestamp": 1696986492.2943776, "_runtime": 20.46612048149109, "_step": 150, "val_acc": 84.97109985351562, "_wandb": {"runtime": 20}}