{"train_loss": 0.054950215897068035, "_timestamp": 1696999786.5324383, "_runtime": 23.20413327217102, "_step": 174, "val_acc": 86.12716674804688, "_wandb": {"runtime": 22}}