{"train_loss": 0.10530077769396674, "_timestamp": 1697048538.726134, "_runtime": 40.885308027267456, "_step": 284, "val_acc": 82.6589584350586, "_wandb": {"runtime": 39}}