{"train_loss": 0.12183400684003827, "_timestamp": 1697130071.857558, "_runtime": 28.992751121520996, "_step": 189, "val_acc": 86.12716674804688, "_wandb": {"runtime": 28}}