{"train_loss": 0.09188919984139936, "_timestamp": 1697130402.3779871, "_runtime": 22.546415090560913, "_step": 170, "val_acc": 87.86127471923828, "_wandb": {"runtime": 22}}