{"train_loss": 0.021039996593297177, "_timestamp": 1696984004.2157593, "_runtime": 35.37969422340393, "_step": 290, "val_acc": 85.54913330078125, "_wandb": {"runtime": 34}}