{"train_loss": 0.4599708741487459, "_timestamp": 1697044413.1040409, "_runtime": 19.322025775909424, "_step": 141, "val_acc": 83.23699188232422, "_wandb": {"runtime": 18}}