{"train_loss": 0.19594307288765733, "_timestamp": 1697128064.1809864, "_runtime": 13.404289484024048, "_step": 72, "val_acc": 86.12716674804688, "_wandb": {"runtime": 13}}