{"train_loss": 0.09188156625997751, "_timestamp": 1697047473.2606077, "_runtime": 36.66862773895264, "_step": 251, "val_acc": 82.6589584350586, "_wandb": {"runtime": 36}}