{"train_loss": 0.19458836533649024, "_timestamp": 1697093857.1730962, "_runtime": 9.447006225585938, "_step": 41, "val_acc": 84.97109985351562, "_wandb": {"runtime": 8}}