{"train_loss": 0.143053297488138, "_timestamp": 1697123029.8054314, "_runtime": 24.89086627960205, "_step": 153, "val_acc": 86.7052001953125, "_wandb": {"runtime": 24}}