{"train_loss": 0.2788982093334198, "_timestamp": 1697092500.9425566, "_runtime": 8.94860553741455, "_step": 29, "val_acc": 83.23699188232422, "_wandb": {"runtime": 6}}