{"train_loss": 0.06150053180808331, "_timestamp": 1697100844.8059244, "_runtime": 26.41155743598938, "_step": 177, "val_acc": 84.39306640625, "_wandb": {"runtime": 26}}