{"train_loss": 0.07800615675812371, "_timestamp": 1697046765.2570481, "_runtime": 14.553168058395386, "_step": 96, "val_acc": 84.39306640625, "_wandb": {"runtime": 14}}