{"train_loss": 0.18073449398629193, "_timestamp": 1696991621.0626223, "_runtime": 20.552780389785767, "_step": 128, "val_acc": 81.50289154052734, "_wandb": {"runtime": 20}}