{"train_loss": 0.17344936264982058, "_timestamp": 1697015159.0403073, "_runtime": 10.350405216217041, "_step": 48, "val_acc": 83.81502532958984, "_wandb": {"runtime": 9}}