{"train_loss": 0.06518613870342284, "_timestamp": 1697109768.9435515, "_runtime": 20.35467553138733, "_step": 152, "val_acc": 85.54913330078125, "_wandb": {"runtime": 20}}