{"train_loss": 0.033957255091843046, "_timestamp": 1697085889.128504, "_runtime": 19.515115976333618, "_step": 143, "val_acc": 85.54913330078125, "_wandb": {"runtime": 19}}