{"train_loss": 0.14803102132485269, "_timestamp": 1697062217.5312145, "_runtime": 30.584492444992065, "_step": 212, "val_acc": 85.54913330078125, "_wandb": {"runtime": 30}}