{"train_loss": 0.09288509900486747, "_timestamp": 1697046585.1887825, "_runtime": 15.228925466537476, "_step": 86, "val_acc": 84.39306640625, "_wandb": {"runtime": 14}}