{"train_loss": 0.2219611589991769, "_timestamp": 1697094665.298169, "_runtime": 8.497249841690063, "_step": 41, "val_acc": 84.39306640625, "_wandb": {"runtime": 8}}