{"train_loss": 0.1076537359825357, "_timestamp": 1696975499.9365807, "_runtime": 29.42741870880127, "_step": 198, "val_acc": 86.7052001953125, "_wandb": {"runtime": 29}}