{"train_loss": 0.041255050453866376, "_timestamp": 1696973070.8791134, "_runtime": 31.11788845062256, "_step": 207, "val_acc": 85.54913330078125, "_wandb": {"runtime": 30}}