{"train_loss": 0.03541471978086372, "_timestamp": 1697113494.5283706, "_runtime": 18.333706617355347, "_step": 132, "val_acc": 87.28323364257812, "_wandb": {"runtime": 17}}