{"train_loss": 0.14241525528649257, "_timestamp": 1697046433.940994, "_runtime": 14.197268962860107, "_step": 80, "val_acc": 86.7052001953125, "_wandb": {"runtime": 13}}