{"train_loss": 0.08668075603714516, "_timestamp": 1697100392.6219661, "_runtime": 22.005770206451416, "_step": 138, "val_acc": 86.12716674804688, "_wandb": {"runtime": 21}}