{"train_loss": 0.036070193326490564, "_timestamp": 1697084452.5204015, "_runtime": 34.61369752883911, "_step": 282, "val_acc": 86.7052001953125, "_wandb": {"runtime": 33}}