{"train_loss": 0.05276048711912577, "_timestamp": 1697006357.437352, "_runtime": 24.482833862304688, "_step": 159, "val_acc": 83.81502532958984, "_wandb": {"runtime": 24}}