{"train_loss": 0.04011543958751095, "_timestamp": 1697035676.621185, "_runtime": 32.68022894859314, "_step": 263, "val_acc": 85.54913330078125, "_wandb": {"runtime": 32}}