{"train_loss": 0.04396623356178468, "_timestamp": 1697057280.6241503, "_runtime": 33.9208881855011, "_step": 278, "val_acc": 86.7052001953125, "_wandb": {"runtime": 33}}