{"train_loss": 0.08858563018784057, "_timestamp": 1696991363.8121803, "_runtime": 36.35094738006592, "_step": 251, "val_acc": 82.08092498779297, "_wandb": {"runtime": 35}}