{"train_loss": 0.061550448843559556, "_timestamp": 1697027476.3154004, "_runtime": 20.58929133415222, "_step": 155, "val_acc": 87.86127471923828, "_wandb": {"runtime": 20}}