{"train_loss": 0.13282986488030835, "_timestamp": 1697054167.669326, "_runtime": 25.231462955474854, "_step": 168, "val_acc": 86.7052001953125, "_wandb": {"runtime": 24}}