{"train_loss": 0.23989845998585224, "_timestamp": 1697033768.285221, "_runtime": 11.716428995132446, "_step": 59, "val_acc": 79.76878356933594, "_wandb": {"runtime": 11}}