{"train_loss": 3.295286156756933, "_timestamp": 1696907468.3393877, "_runtime": 290.8393816947937, "_step": 6, "val_acc": 0.04624277353286743, "_wandb": {"runtime": 290}}