{"train_loss": 0.045520466552007685, "_timestamp": 1697120122.7075834, "_runtime": 20.803213357925415, "_step": 156, "val_acc": 86.12716674804688, "_wandb": {"runtime": 20}}