{"train_loss": 0.0573266813352834, "_timestamp": 1697051877.7505805, "_runtime": 21.87812566757202, "_step": 164, "val_acc": 86.12716674804688, "_wandb": {"runtime": 21}}