{"train_loss": 0.1552976378954427, "_timestamp": 1697052277.9553277, "_runtime": 14.010554790496826, "_step": 78, "val_acc": 83.23699188232422, "_wandb": {"runtime": 13}}