{"train_loss": 0.03745405250066502, "_timestamp": 1697006044.9600391, "_runtime": 21.132493257522583, "_step": 159, "val_acc": 87.28323364257812, "_wandb": {"runtime": 20}}