{"train_loss": 0.033525147296618235, "_timestamp": 1697020433.0080466, "_runtime": 30.25036358833313, "_step": 233, "val_acc": 83.81502532958984, "_wandb": {"runtime": 28}}