{"train_loss": 0.04609411259095163, "_timestamp": 1697026858.4419503, "_runtime": 31.443727254867554, "_step": 215, "val_acc": 87.28323364257812, "_wandb": {"runtime": 31}}