{"train_loss": 0.16626312916416155, "_timestamp": 1697041404.0532084, "_runtime": 15.302841424942017, "_step": 87, "val_acc": 86.12716674804688, "_wandb": {"runtime": 14}}