{"train_loss": 0.18738558992667687, "_timestamp": 1696978482.7714984, "_runtime": 25.352343559265137, "_step": 164, "val_acc": 82.08092498779297, "_wandb": {"runtime": 24}}