{"train_loss": 0.03274980323865663, "_timestamp": 1697004518.784036, "_runtime": 36.572399854660034, "_step": 297, "val_acc": 86.12716674804688, "_wandb": {"runtime": 36}}