{"train_loss": 0.08363356396859122, "_timestamp": 1697042757.4190888, "_runtime": 20.769521951675415, "_step": 155, "val_acc": 86.12716674804688, "_wandb": {"runtime": 20}}