{"train_loss": 0.04190233823211138, "_timestamp": 1697044902.868542, "_runtime": 40.652894020080566, "_step": 293, "val_acc": 83.81502532958984, "_wandb": {"runtime": 40}}