{"train_loss": 0.976493795568058, "_timestamp": 1696943770.899654, "_runtime": 874.6080808639526, "_step": 21, "val_acc": 0.47398844361305237, "_wandb": {"runtime": 873}}