{"train_loss": 0.11489779374096543, "_timestamp": 1697024420.9685383, "_runtime": 30.508435249328613, "_step": 209, "val_acc": 82.6589584350586, "_wandb": {"runtime": 30}}