{"train_loss": 0.05059918457727479, "_timestamp": 1697109517.8021617, "_runtime": 31.520407676696777, "_step": 216, "val_acc": 86.7052001953125, "_wandb": {"runtime": 31}}