{"train_loss": 0.08344529972000178, "_timestamp": 1697089699.7922018, "_runtime": 28.028728723526, "_step": 225, "val_acc": 87.28323364257812, "_wandb": {"runtime": 27}}