{"train_loss": 0.059156502662009974, "_timestamp": 1697072498.8002229, "_runtime": 22.105074882507324, "_step": 167, "val_acc": 83.81502532958984, "_wandb": {"runtime": 21}}