{"train_loss": 0.38396794695493786, "_timestamp": 1696987052.321909, "_runtime": 8.805814027786255, "_step": 32, "val_acc": 84.97109985351562, "_wandb": {"runtime": 7}}