{"train_loss": 0.029268439753565852, "_timestamp": 1697066405.9814281, "_runtime": 33.683810234069824, "_step": 276, "val_acc": 85.54913330078125, "_wandb": {"runtime": 33}}