{"train_loss": 3.422636809563914, "_timestamp": 1696842591.7239351, "_runtime": 588.429318189621, "_step": 9, "_wandb": {"runtime": 600}}