{"train_loss": 0.03542679697708335, "_timestamp": 1697002840.6123772, "_runtime": 24.81584405899048, "_step": 189, "val_acc": 86.12716674804688, "_wandb": {"runtime": 24}}