{"train_loss": 0.24290853387914424, "_timestamp": 1697089050.6058915, "_runtime": 9.605757474899292, "_step": 44, "val_acc": 86.12716674804688, "_wandb": {"runtime": 9}}