{"train_loss": 0.02719392910732368, "_timestamp": 1697102072.7791135, "_runtime": 29.890869617462158, "_step": 240, "val_acc": 84.97109985351562, "_wandb": {"runtime": 29}}