{"train_loss": 1.0171646046084026, "_timestamp": 1697051168.9947798, "_runtime": 16.02330780029297, "_step": 110, "val_acc": 79.76878356933594, "_wandb": {"runtime": 15}}