{"train_loss": 0.14107485182399235, "_timestamp": 1697014365.273938, "_runtime": 26.21324896812439, "_step": 173, "val_acc": 81.50289154052734, "_wandb": {"runtime": 25}}