{"train_loss": 0.03810307769061521, "_timestamp": 1697010051.2376525, "_runtime": 29.522456645965576, "_step": 236, "val_acc": 88.4393081665039, "_wandb": {"runtime": 29}}