{"train_loss": 0.07698887096566343, "_timestamp": 1697125245.657937, "_runtime": 18.875080108642578, "_step": 140, "val_acc": 89.59537506103516, "_wandb": {"runtime": 18}}