{"train_loss": 0.05366604277582536, "_timestamp": 1696978861.3776634, "_runtime": 16.033904314041138, "_step": 111, "val_acc": 86.7052001953125, "_wandb": {"runtime": 15}}