{"train_loss": 0.1010050406776975, "_timestamp": 1696979053.852152, "_runtime": 13.511484146118164, "_step": 87, "val_acc": 86.12716674804688, "_wandb": {"runtime": 13}}