{"train_loss": 0.06777060626827311, "_timestamp": 1697103270.7439353, "_runtime": 29.198962450027466, "_step": 195, "val_acc": 82.6589584350586, "_wandb": {"runtime": 28}}