{"train_loss": 0.10733690738764613, "_timestamp": 1696979571.3699245, "_runtime": 12.999224662780762, "_step": 83, "val_acc": 84.39306640625, "_wandb": {"runtime": 12}}