{"train_loss": 0.1217795871577204, "_timestamp": 1697032206.853835, "_runtime": 17.489411115646362, "_step": 105, "val_acc": 82.08092498779297, "_wandb": {"runtime": 17}}