{"train_loss": 0.03582051150950192, "_timestamp": 1697089925.1971936, "_runtime": 41.742424726486206, "_step": 297, "val_acc": 87.28323364257812, "_wandb": {"runtime": 41}}