{"train_loss": 0.11297730576696394, "_timestamp": 1697124199.5288706, "_runtime": 28.369130611419678, "_step": 191, "val_acc": 84.97109985351562, "_wandb": {"runtime": 27}}