{"train_loss": 0.22751791229428248, "_timestamp": 1697090897.1873739, "_runtime": 14.501311779022217, "_step": 81, "val_acc": 82.6589584350586, "_wandb": {"runtime": 14}}