{"train_loss": 0.06033069120590077, "_timestamp": 1697094760.3128128, "_runtime": 30.973344802856445, "_step": 251, "val_acc": 83.81502532958984, "_wandb": {"runtime": 30}}