{"train_loss": 0.0221810138223931, "_timestamp": 1697082329.5532482, "_runtime": 34.42063117027283, "_step": 282, "val_acc": 87.86127471923828, "_wandb": {"runtime": 33}}