{"train_loss": 0.031825888484342806, "_timestamp": 1697049144.8667784, "_runtime": 34.85437726974487, "_step": 285, "val_acc": 85.54913330078125, "_wandb": {"runtime": 34}}