{"train_loss": 0.2785425908690275, "_timestamp": 1696981259.459885, "_runtime": 11.67413592338562, "_step": 69, "val_acc": 84.97109985351562, "_wandb": {"runtime": 11}}