{"train_loss": 0.2954659624848255, "_timestamp": 1697098734.9390814, "_runtime": 7.91368842124939, "_step": 35, "val_acc": 85.54913330078125, "_wandb": {"runtime": 7}}