{"train_loss": 0.024392930823946803, "_timestamp": 1696979337.9425673, "_runtime": 33.46794033050537, "_step": 270, "val_acc": 84.97109985351562, "_wandb": {"runtime": 33}}