{"train_loss": 0.34965954495723855, "_timestamp": 1697011112.67177, "_runtime": 8.849314212799072, "_step": 38, "val_acc": 79.76878356933594, "_wandb": {"runtime": 8}}