{"train_loss": 2.6437447285365083, "_timestamp": 1696882073.0489361, "_runtime": 370.89165210723877, "_step": 4, "_wandb": {"runtime": 370}}