{"train_loss": 0.10870769244976082, "_timestamp": 1697076865.141713, "_runtime": 26.468765020370483, "_step": 179, "val_acc": 84.39306640625, "_wandb": {"runtime": 26}}