{"train_loss": 0.029368011205088952, "_timestamp": 1697005378.466246, "_runtime": 21.432984828948975, "_step": 162, "val_acc": 84.97109985351562, "_wandb": {"runtime": 21}}