{"train_loss": 0.3556903564739366, "_timestamp": 1697054543.3001397, "_runtime": 8.080690622329712, "_step": 30, "val_acc": 82.08092498779297, "_wandb": {"runtime": 7}}