{"train_loss": 0.08798485866552869, "_timestamp": 1697024549.2281659, "_runtime": 13.280466794967651, "_step": 86, "val_acc": 87.28323364257812, "_wandb": {"runtime": 12}}