{"train_loss": 0.11868367695011371, "_timestamp": 1697059996.990497, "_runtime": 12.135448217391968, "_step": 62, "val_acc": 86.12716674804688, "_wandb": {"runtime": 11}}