{"train_loss": 0.0310997940670309, "_timestamp": 1697052455.4192247, "_runtime": 26.11011266708374, "_step": 203, "val_acc": 85.54913330078125, "_wandb": {"runtime": 25}}