{"train_loss": 0.02712176231190909, "_timestamp": 1696991123.5014412, "_runtime": 42.5137083530426, "_step": 294, "val_acc": 85.54913330078125, "_wandb": {"runtime": 42}}