{"train_loss": 1.2877171746357226, "_timestamp": 1696915185.4744568, "_runtime": 880.5085678100586, "_step": 21, "val_acc": 0.43352600932121277, "_wandb": {"runtime": 880}}