{"train_loss": 0.07135912294629528, "_timestamp": 1697037883.1521459, "_runtime": 20.433010816574097, "_step": 128, "val_acc": 85.54913330078125, "_wandb": {"runtime": 20}}