{"train_loss": 0.28507623665554577, "_timestamp": 1697088870.739246, "_runtime": 9.75219988822937, "_step": 51, "val_acc": 81.50289154052734, "_wandb": {"runtime": 9}}