{"train_loss": 0.30378321961088234, "_timestamp": 1697046781.8132691, "_runtime": 10.171433210372925, "_step": 47, "val_acc": 84.97109985351562, "_wandb": {"runtime": 9}}