{"train_loss": 0.05117814060907031, "_timestamp": 1697108836.7922971, "_runtime": 27.347636222839355, "_step": 180, "val_acc": 86.12716674804688, "_wandb": {"runtime": 26}}