{"train_loss": 0.05185616793933996, "_timestamp": 1697051373.729454, "_runtime": 24.577728986740112, "_step": 189, "val_acc": 84.39306640625, "_wandb": {"runtime": 24}}