{"train_loss": 0.06596971211445973, "_timestamp": 1697075262.5484283, "_runtime": 32.227843284606934, "_step": 221, "val_acc": 86.12716674804688, "_wandb": {"runtime": 31}}