{"train_loss": 0.026438829673150945, "_timestamp": 1697106614.8962631, "_runtime": 35.78346109390259, "_step": 294, "val_acc": 87.28323364257812, "_wandb": {"runtime": 35}}