{"train_loss": 0.0671302891487992, "_timestamp": 1697011420.063761, "_runtime": 32.95848202705383, "_step": 228, "val_acc": 83.81502532958984, "_wandb": {"runtime": 32}}