{"train_loss": 0.2205831291543883, "_timestamp": 1696984516.9926972, "_runtime": 12.538543224334717, "_step": 63, "val_acc": 83.23699188232422, "_wandb": {"runtime": 12}}