{"train_loss": 0.0364531141835763, "_timestamp": 1697059161.5018153, "_runtime": 31.6984703540802, "_step": 218, "val_acc": 86.12716674804688, "_wandb": {"runtime": 31}}