{"train_loss": 0.028942428460225548, "_timestamp": 1696974445.5396082, "_runtime": 24.081552267074585, "_step": 186, "val_acc": 87.28323364257812, "_wandb": {"runtime": 23}}