{"train_loss": 0.3087407094101573, "_timestamp": 1697119100.9858835, "_runtime": 18.520687580108643, "_step": 135, "val_acc": 82.08092498779297, "_wandb": {"runtime": 18}}