{"train_loss": 0.07164247105098438, "_timestamp": 1697036704.4581265, "_runtime": 39.10729360580444, "_step": 275, "val_acc": 85.54913330078125, "_wandb": {"runtime": 38}}