{"train_loss": 0.07999925980301098, "_timestamp": 1697067678.26821, "_runtime": 15.642608880996704, "_step": 107, "val_acc": 84.97109985351562, "_wandb": {"runtime": 15}}