{"train_loss": 0.08505873265134734, "_timestamp": 1697017825.1535237, "_runtime": 28.842514753341675, "_step": 191, "val_acc": 88.4393081665039, "_wandb": {"runtime": 28}}