{"train_loss": 0.1054244130879619, "_timestamp": 1697100624.9273067, "_runtime": 37.47286772727966, "_step": 264, "val_acc": 84.39306640625, "_wandb": {"runtime": 37}}