{"train_loss": 0.06492417127903832, "_timestamp": 1697021314.9049325, "_runtime": 37.4515745639801, "_step": 264, "val_acc": 84.39306640625, "_wandb": {"runtime": 37}}