{"train_loss": 0.04071761242135666, "_timestamp": 1696998279.4616556, "_runtime": 27.77718472480774, "_step": 216, "val_acc": 86.7052001953125, "_wandb": {"runtime": 27}}