{"train_loss": 0.04061946162661581, "_timestamp": 1697076052.3883324, "_runtime": 30.552072286605835, "_step": 248, "val_acc": 84.39306640625, "_wandb": {"runtime": 30}}