{"train_loss": 0.1168543639711949, "_timestamp": 1697095794.5446336, "_runtime": 23.579663515090942, "_step": 153, "val_acc": 80.34681701660156, "_wandb": {"runtime": 23}}