{"train_loss": 3.294121113280917, "_timestamp": 1696885722.5851433, "_runtime": 897.3686592578888, "_step": 14, "_wandb": {"runtime": 897}}