{"train_loss": 0.03571229906438655, "_timestamp": 1697085062.3370056, "_runtime": 42.19652271270752, "_step": 299, "val_acc": 85.54913330078125, "_wandb": {"runtime": 41}}