{"train_loss": 0.07976518454420012, "_timestamp": 1697053092.7663174, "_runtime": 13.670075416564941, "_step": 89, "val_acc": 86.12716674804688, "_wandb": {"runtime": 13}}