{"train_loss": 2.2398769744606906, "_timestamp": 1697121577.4136775, "_runtime": 11.325695514678955, "_step": 63, "val_acc": 57.803466796875, "_wandb": {"runtime": 10}}