{"train_loss": 0.20023820618557375, "_timestamp": 1696989460.5524912, "_runtime": 9.066385269165039, "_step": 44, "val_acc": 85.54913330078125, "_wandb": {"runtime": 8}}