{"train_loss": 0.037435287732880046, "_timestamp": 1697097675.7122684, "_runtime": 19.704784393310547, "_step": 146, "val_acc": 83.81502532958984, "_wandb": {"runtime": 19}}