{"train_loss": 0.06904089120541547, "_timestamp": 1697024501.875353, "_runtime": 17.766545057296753, "_step": 107, "val_acc": 86.7052001953125, "_wandb": {"runtime": 17}}