{"train_loss": 0.14837842874315588, "_timestamp": 1696981454.471744, "_runtime": 10.953164100646973, "_step": 54, "val_acc": 87.86127471923828, "_wandb": {"runtime": 10}}