{"train_loss": 0.0656096414381335, "_timestamp": 1697001519.2885978, "_runtime": 21.023315906524658, "_step": 155, "val_acc": 85.54913330078125, "_wandb": {"runtime": 20}}