{"train_loss": 0.1531656656159104, "_timestamp": 1697047101.46821, "_runtime": 40.57216501235962, "_step": 290, "val_acc": 86.12716674804688, "_wandb": {"runtime": 40}}