{"train_loss": 0.052811249576205775, "_timestamp": 1696992845.299317, "_runtime": 21.99887490272522, "_step": 162, "val_acc": 85.54913330078125, "_wandb": {"runtime": 21}}