{"train_loss": 0.02848555075159015, "_timestamp": 1697120060.9134967, "_runtime": 36.357338666915894, "_step": 299, "val_acc": 85.54913330078125, "_wandb": {"runtime": 35}}