{"train_loss": 0.2613818211870831, "_timestamp": 1696988025.1260536, "_runtime": 14.206645488739014, "_step": 75, "val_acc": 84.39306640625, "_wandb": {"runtime": 13}}