{"train_loss": 0.016981921618977606, "_timestamp": 1697060711.3801265, "_runtime": 40.12610459327698, "_step": 284, "val_acc": 84.97109985351562, "_wandb": {"runtime": 39}}