{"train_loss": 1.482989197955041, "_timestamp": 1696946415.7901359, "_runtime": 877.0730049610138, "_step": 21, "val_acc": 0.49132949113845825, "_wandb": {"runtime": 876}}