{"train_loss": 0.03895374647948111, "_timestamp": 1697129820.8181965, "_runtime": 23.00998044013977, "_step": 168, "val_acc": 84.97109985351562, "_wandb": {"runtime": 22}}