{"train_loss": 0.10401334202047004, "_timestamp": 1696999634.2535083, "_runtime": 15.47739839553833, "_step": 104, "val_acc": 84.97109985351562, "_wandb": {"runtime": 15}}