{"train_loss": NaN, "_timestamp": 1696808422.9395697, "_runtime": 301.2278616428375, "_step": 4, "_wandb": {"runtime": 300}}