{"train_loss": 0.04139616753537814, "_timestamp": 1697059123.231425, "_runtime": 34.48095393180847, "_step": 239, "val_acc": 84.39306640625, "_wandb": {"runtime": 34}}