{"train_loss": 0.9488984485005223, "_timestamp": 1697033948.8237555, "_runtime": 42.00301957130432, "_step": 294, "val_acc": 77.45664978027344, "_wandb": {"runtime": 41}}