{"train_loss": 0.037890855175562115, "_timestamp": 1697088729.4274535, "_runtime": 23.24893546104431, "_step": 177, "val_acc": 87.28323364257812, "_wandb": {"runtime": 22}}