{"train_loss": 0.14851799371197474, "_timestamp": 1697024856.6150987, "_runtime": 11.301668643951416, "_step": 56, "val_acc": 81.50289154052734, "_wandb": {"runtime": 10}}