{"train_loss": 0.02824670323549748, "_timestamp": 1697013123.99734, "_runtime": 32.117753982543945, "_step": 255, "val_acc": 86.7052001953125, "_wandb": {"runtime": 31}}