{"train_loss": 0.03479609121893381, "_timestamp": 1697083347.79213, "_runtime": 30.057475090026855, "_step": 242, "val_acc": 88.4393081665039, "_wandb": {"runtime": 29}}