{"train_loss": 0.08937228555509517, "_timestamp": 1697074215.7486327, "_runtime": 37.52396559715271, "_step": 266, "val_acc": 84.97109985351562, "_wandb": {"runtime": 37}}