{"train_loss": 0.13718407438678104, "_timestamp": 1697031732.089022, "_runtime": 13.186548948287964, "_step": 71, "val_acc": 82.6589584350586, "_wandb": {"runtime": 12}}