{"train_loss": 0.03997194261268475, "_timestamp": 1697113311.2414792, "_runtime": 21.85396718978882, "_step": 167, "val_acc": 83.81502532958984, "_wandb": {"runtime": 21}}