{"train_loss": 0.15817097047083947, "_timestamp": 1697038802.788195, "_runtime": 14.418375968933105, "_step": 80, "val_acc": 84.97109985351562, "_wandb": {"runtime": 14}}