{"train_loss": 0.04383303774087582, "_timestamp": 1697116562.6448476, "_runtime": 27.205329656600952, "_step": 216, "val_acc": 84.97109985351562, "_wandb": {"runtime": 26}}