{"train_loss": 0.05538073463668657, "_timestamp": 1697084757.7190142, "_runtime": 20.54041314125061, "_step": 153, "val_acc": 86.12716674804688, "_wandb": {"runtime": 20}}