{"train_loss": 0.24661956138389055, "_timestamp": 1696974328.047752, "_runtime": 9.270262002944946, "_step": 41, "val_acc": 82.08092498779297, "_wandb": {"runtime": 8}}