{"train_loss": 0.8031207846748972, "_timestamp": 1696953498.3333843, "_runtime": 875.4495613574982, "_step": 21, "val_acc": 0.676300585269928, "_wandb": {"runtime": 875}}