{"train_loss": 0.1025204797963027, "_timestamp": 1697051103.7512302, "_runtime": 22.9362952709198, "_step": 150, "val_acc": 82.08092498779297, "_wandb": {"runtime": 22}}