{"train_loss": 0.08475490342175891, "_timestamp": 1697076191.4882581, "_runtime": 13.348166227340698, "_step": 86, "val_acc": 83.81502532958984, "_wandb": {"runtime": 12}}