{"train_loss": 0.09841404670069731, "_timestamp": 1697104712.7824643, "_runtime": 34.1691153049469, "_step": 237, "val_acc": 82.6589584350586, "_wandb": {"runtime": 33}}