{"train_loss": 0.12165726903219555, "_timestamp": 1697097322.0740316, "_runtime": 10.014102697372437, "_step": 47, "val_acc": 80.34681701660156, "_wandb": {"runtime": 9}}