{"train_loss": 0.04734865901450258, "_timestamp": 1697085358.2033374, "_runtime": 28.428333520889282, "_step": 225, "val_acc": 83.81502532958984, "_wandb": {"runtime": 28}}