{"train_loss": 0.1598669150086163, "_timestamp": 1697085968.2236378, "_runtime": 15.954470872879028, "_step": 93, "val_acc": 82.6589584350586, "_wandb": {"runtime": 15}}