{"train_loss": 0.13733925930289334, "_timestamp": 1697023608.5539608, "_runtime": 22.312442779541016, "_step": 170, "val_acc": 84.97109985351562, "_wandb": {"runtime": 21}}