{"train_loss": 0.07947039266311845, "_timestamp": 1696999753.9000006, "_runtime": 21.649295568466187, "_step": 138, "val_acc": 85.54913330078125, "_wandb": {"runtime": 21}}