{"train_loss": 0.054946699683272905, "_timestamp": 1697090551.8649695, "_runtime": 19.225788593292236, "_step": 119, "val_acc": 85.54913330078125, "_wandb": {"runtime": 18}}