{"train_loss": 0.06573780465784461, "_timestamp": 1697028468.6145644, "_runtime": 19.78792643547058, "_step": 146, "val_acc": 86.12716674804688, "_wandb": {"runtime": 19}}