{"train_loss": 0.02386597209159274, "_timestamp": 1696982836.3971288, "_runtime": 29.403973817825317, "_step": 201, "val_acc": 83.81502532958984, "_wandb": {"runtime": 29}}