{"train_loss": 0.048570784504612, "_timestamp": 1697110725.8162842, "_runtime": 33.54035806655884, "_step": 278, "val_acc": 85.54913330078125, "_wandb": {"runtime": 33}}