{"train_loss": 0.11404916837129223, "_timestamp": 1697046648.6961756, "_runtime": 21.974259614944458, "_step": 140, "val_acc": 81.50289154052734, "_wandb": {"runtime": 21}}