{"train_loss": 0.1854709712571876, "_timestamp": 1696995569.637148, "_runtime": 10.223126888275146, "_step": 47, "val_acc": 83.23699188232422, "_wandb": {"runtime": 9}}