{"train_loss": 0.07250212831422687, "_timestamp": 1697089081.17338, "_runtime": 19.392971992492676, "_step": 119, "val_acc": 84.39306640625, "_wandb": {"runtime": 19}}