{"train_loss": 0.0439854915318794, "_timestamp": 1697070522.4287698, "_runtime": 27.479070901870728, "_step": 215, "val_acc": 87.28323364257812, "_wandb": {"runtime": 27}}