{"train_loss": 0.14550943857838594, "_timestamp": 1697092407.2093368, "_runtime": 13.683453798294067, "_step": 75, "val_acc": 84.97109985351562, "_wandb": {"runtime": 13}}