{"train_loss": 0.033554552959516475, "_timestamp": 1697040992.4648302, "_runtime": 26.908966064453125, "_step": 210, "val_acc": 84.97109985351562, "_wandb": {"runtime": 26}}