{"train_loss": 0.11433538684058328, "_timestamp": 1697123436.992109, "_runtime": 11.02906608581543, "_step": 54, "val_acc": 84.39306640625, "_wandb": {"runtime": 10}}