{"train_loss": 0.04559431810792925, "_timestamp": 1696983263.1649163, "_runtime": 38.92678236961365, "_step": 275, "val_acc": 86.12716674804688, "_wandb": {"runtime": 38}}