{"train_loss": 0.07981100039784038, "_timestamp": 1697080000.5888157, "_runtime": 17.426548719406128, "_step": 107, "val_acc": 84.39306640625, "_wandb": {"runtime": 17}}