{"train_loss": 0.07131136008430013, "_timestamp": 1697046717.131712, "_runtime": 18.349703073501587, "_step": 131, "val_acc": 86.12716674804688, "_wandb": {"runtime": 17}}