{"train_loss": 0.07098012615054802, "_timestamp": 1697050998.914664, "_runtime": 31.62956404685974, "_step": 215, "val_acc": 86.12716674804688, "_wandb": {"runtime": 31}}