{"train_loss": 0.11103940158432653, "_timestamp": 1697105707.316838, "_runtime": 13.117403030395508, "_step": 84, "val_acc": 86.7052001953125, "_wandb": {"runtime": 12}}