{"train_loss": 0.08956391952098022, "_timestamp": 1697058496.250158, "_runtime": 37.372369050979614, "_step": 260, "val_acc": 86.12716674804688, "_wandb": {"runtime": 36}}