{"train_loss": 0.07533640938209976, "_timestamp": 1697111417.2057188, "_runtime": 23.793288707733154, "_step": 153, "val_acc": 84.97109985351562, "_wandb": {"runtime": 22}}