{"train_loss": 0.035444071852103916, "_timestamp": 1697027612.1123762, "_runtime": 27.154420137405396, "_step": 215, "val_acc": 88.4393081665039, "_wandb": {"runtime": 26}}