{"train_loss": 0.03516089579707748, "_timestamp": 1697112935.453076, "_runtime": 33.21473789215088, "_step": 270, "val_acc": 86.7052001953125, "_wandb": {"runtime": 32}}