{"train_loss": 0.07671437844726105, "_timestamp": 1697052749.9735265, "_runtime": 38.177313566207886, "_step": 266, "val_acc": 84.39306640625, "_wandb": {"runtime": 37}}