{"train_loss": 0.1106253004102253, "_timestamp": 1696986902.000732, "_runtime": 18.808079957962036, "_step": 110, "val_acc": 86.7052001953125, "_wandb": {"runtime": 18}}