{"train_loss": 0.07223503944615639, "_timestamp": 1697043939.2487493, "_runtime": 20.90743136405945, "_step": 131, "val_acc": 85.54913330078125, "_wandb": {"runtime": 20}}