{"train_loss": 0.04497082597781839, "_timestamp": 1697010614.5755718, "_runtime": 22.799737691879272, "_step": 174, "val_acc": 84.97109985351562, "_wandb": {"runtime": 22}}