{"train_loss": 0.051305297664691545, "_timestamp": 1697121312.2856638, "_runtime": 41.19357395172119, "_step": 269, "val_acc": 84.97109985351562, "_wandb": {"runtime": 40}}