{"train_loss": 0.10261060521114877, "_timestamp": 1697122146.363012, "_runtime": 16.837947130203247, "_step": 108, "val_acc": 87.86127471923828, "_wandb": {"runtime": 16}}