{"train_loss": 0.14358057092528703, "_timestamp": 1697097885.861004, "_runtime": 16.161455154418945, "_step": 93, "val_acc": 87.86127471923828, "_wandb": {"runtime": 15}}