{"train_loss": 3.2956179678440094, "_timestamp": 1696905967.5903234, "_runtime": 289.97836446762085, "_step": 6, "val_acc": 0.04624277353286743, "_wandb": {"runtime": 289}}