{"train_loss": 0.07402359189595593, "_timestamp": 1697069957.6170058, "_runtime": 19.019726753234863, "_step": 138, "val_acc": 82.6589584350586, "_wandb": {"runtime": 18}}