{"train_loss": 0.040636264631419096, "_timestamp": 1697106855.1129792, "_runtime": 34.26626706123352, "_step": 281, "val_acc": 85.54913330078125, "_wandb": {"runtime": 33}}