{"train_loss": 0.02813356275992403, "_timestamp": 1697040009.2910664, "_runtime": 34.02280831336975, "_step": 278, "val_acc": 84.39306640625, "_wandb": {"runtime": 33}}