{"train_loss": 0.052637899347288575, "_timestamp": 1697103926.9817762, "_runtime": 31.237600326538086, "_step": 212, "val_acc": 86.7052001953125, "_wandb": {"runtime": 30}}