{"train_loss": 0.12786067913145607, "_timestamp": 1697027229.5004725, "_runtime": 26.564478635787964, "_step": 176, "val_acc": 83.81502532958984, "_wandb": {"runtime": 26}}