{"train_loss": 0.22015772957008245, "_timestamp": 1697080749.5376244, "_runtime": 12.429831266403198, "_step": 65, "val_acc": 85.54913330078125, "_wandb": {"runtime": 12}}