{"train_loss": 0.21224559670270876, "_timestamp": 1697086203.3520412, "_runtime": 8.664259195327759, "_step": 42, "val_acc": 86.12716674804688, "_wandb": {"runtime": 8}}