{"train_loss": 0.08125619549130977, "_timestamp": 1697108927.4448817, "_runtime": 19.558446645736694, "_step": 144, "val_acc": 86.7052001953125, "_wandb": {"runtime": 19}}