{"train_loss": 0.03470595923203672, "_timestamp": 1697071268.6644576, "_runtime": 31.27845859527588, "_step": 254, "val_acc": 84.97109985351562, "_wandb": {"runtime": 30}}