{"train_loss": 0.9677876737527641, "_timestamp": 1696849830.5857475, "_runtime": 884.2516634464264, "_step": 14, "_wandb": {"runtime": 883}}