{"train_loss": 0.10106843848561131, "_timestamp": 1697086239.4683626, "_runtime": 23.922096490859985, "_step": 183, "val_acc": 87.86127471923828, "_wandb": {"runtime": 23}}