{"train_loss": 0.04764821746340563, "_timestamp": 1697084858.7886925, "_runtime": 39.47831058502197, "_step": 279, "val_acc": 82.6589584350586, "_wandb": {"runtime": 39}}