{"train_loss": 0.029881299206672974, "_timestamp": 1697111932.955123, "_runtime": 35.97795295715332, "_step": 299, "val_acc": 88.4393081665039, "_wandb": {"runtime": 35}}