{"train_loss": 0.05217109149089083, "_timestamp": 1697109025.7546792, "_runtime": 40.916720151901245, "_step": 293, "val_acc": 82.08092498779297, "_wandb": {"runtime": 40}}