{"train_loss": 0.03579378788099559, "_timestamp": 1696986845.358883, "_runtime": 34.404645919799805, "_step": 273, "val_acc": 84.39306640625, "_wandb": {"runtime": 33}}