{"train_loss": 0.08946482046117443, "_timestamp": 1697017032.5264537, "_runtime": 18.47196865081787, "_step": 111, "val_acc": 84.97109985351562, "_wandb": {"runtime": 18}}