{"train_loss": 0.014545146255418225, "_timestamp": 1697089030.3733637, "_runtime": 35.42231583595276, "_step": 290, "val_acc": 86.12716674804688, "_wandb": {"runtime": 35}}