{"train_loss": 0.06204582106452002, "_timestamp": 1696974687.6140444, "_runtime": 22.247843503952026, "_step": 170, "val_acc": 87.28323364257812, "_wandb": {"runtime": 21}}