{"train_loss": 0.05453510446538932, "_timestamp": 1696997067.0609329, "_runtime": 42.9381148815155, "_step": 297, "val_acc": 86.7052001953125, "_wandb": {"runtime": 42}}