{"train_loss": 0.03921801617794107, "_timestamp": 1697104011.3506308, "_runtime": 28.630186796188354, "_step": 230, "val_acc": 86.12716674804688, "_wandb": {"runtime": 28}}