{"train_loss": 0.05656113065129449, "_timestamp": 1697127574.6951451, "_runtime": 25.32465124130249, "_step": 194, "val_acc": 85.54913330078125, "_wandb": {"runtime": 24}}