{"train_loss": 0.12598800381948783, "_timestamp": 1697045904.5762458, "_runtime": 12.261084794998169, "_step": 75, "val_acc": 85.54913330078125, "_wandb": {"runtime": 11}}