{"train_loss": 0.06164163955606434, "_timestamp": 1697017275.8741305, "_runtime": 25.00153636932373, "_step": 192, "val_acc": 84.39306640625, "_wandb": {"runtime": 24}}