{"train_loss": 0.2071425299008572, "_timestamp": 1697043504.9547641, "_runtime": 14.37560510635376, "_step": 80, "val_acc": 83.81502532958984, "_wandb": {"runtime": 13}}