{"train_loss": 0.05792410170854351, "_timestamp": 1697021625.7846131, "_runtime": 18.628806114196777, "_step": 137, "val_acc": 87.86127471923828, "_wandb": {"runtime": 18}}