{"train_loss": 0.20794766738491002, "_timestamp": 1697119576.1402092, "_runtime": 11.859018087387085, "_step": 60, "val_acc": 83.23699188232422, "_wandb": {"runtime": 11}}