{"train_loss": 0.10042406458321006, "_timestamp": 1697108800.8351498, "_runtime": 12.238504648208618, "_step": 75, "val_acc": 84.39306640625, "_wandb": {"runtime": 11}}