{"train_loss": 1.1336592787259996, "_timestamp": 1696949961.0329406, "_runtime": 878.4378595352173, "_step": 21, "val_acc": 0.589595377445221, "_wandb": {"runtime": 876}}