{"train_loss": 0.06967806210741401, "_timestamp": 1697103841.2649622, "_runtime": 14.926813125610352, "_step": 101, "val_acc": 84.97109985351562, "_wandb": {"runtime": 14}}