{"train_loss": 0.0739796970778708, "_timestamp": 1696989143.6390471, "_runtime": 36.947768211364746, "_step": 248, "val_acc": 86.7052001953125, "_wandb": {"runtime": 36}}