{"train_loss": 0.39078752107398457, "_timestamp": 1697100919.4840615, "_runtime": 7.937458515167236, "_step": 30, "val_acc": 82.08092498779297, "_wandb": {"runtime": 7}}