{"train_loss": 0.04644740865089346, "_timestamp": 1697023637.148472, "_runtime": 20.06159210205078, "_step": 149, "val_acc": 84.97109985351562, "_wandb": {"runtime": 19}}