{"train_loss": 0.07874493656116863, "_timestamp": 1697088983.4424334, "_runtime": 19.42190933227539, "_step": 143, "val_acc": 85.54913330078125, "_wandb": {"runtime": 19}}