{"train_loss": 3.430749774325726, "_timestamp": 1696905668.6327145, "_runtime": 881.9503445625305, "_step": 21, "val_acc": 0.040462426841259, "_wandb": {"runtime": 881}}