{"train_loss": 0.09773180459160358, "_timestamp": 1697044073.9987655, "_runtime": 26.275832414627075, "_step": 174, "val_acc": 83.81502532958984, "_wandb": {"runtime": 25}}