{"train_loss": 0.3929139971733093, "_timestamp": 1697075709.2289438, "_runtime": 34.04699182510376, "_step": 281, "val_acc": 87.86127471923828, "_wandb": {"runtime": 33}}