{"train_loss": 3.2941450736550397, "_timestamp": 1696840154.182522, "_runtime": 898.0773329734802, "_step": 14, "_wandb": {"runtime": 897}}