{"train_loss": 0.012415430007697365, "_timestamp": 1697084040.7484405, "_runtime": 31.016523599624634, "_step": 249, "val_acc": 85.54913330078125, "_wandb": {"runtime": 30}}