{"train_loss": 0.32021312493571014, "_timestamp": 1697096423.4115083, "_runtime": 8.444167375564575, "_step": 33, "val_acc": 83.23699188232422, "_wandb": {"runtime": 8}}