{"train_loss": 0.03344505322490667, "_timestamp": 1697077103.2319503, "_runtime": 27.585620164871216, "_step": 219, "val_acc": 84.97109985351562, "_wandb": {"runtime": 27}}