{"train_loss": 0.06439012373516033, "_timestamp": 1697031316.9009826, "_runtime": 20.641947507858276, "_step": 128, "val_acc": 83.23699188232422, "_wandb": {"runtime": 20}}