{"train_loss": 0.06844394018184556, "_timestamp": 1697066475.0635579, "_runtime": 40.91376495361328, "_step": 287, "val_acc": 80.92485809326172, "_wandb": {"runtime": 40}}