{"train_loss": 0.059455907364175546, "_timestamp": 1697125508.412137, "_runtime": 34.444653034210205, "_step": 239, "val_acc": 85.54913330078125, "_wandb": {"runtime": 34}}