{"train_loss": 0.06187328124191439, "_timestamp": 1696987909.5354445, "_runtime": 17.103614568710327, "_step": 119, "val_acc": 87.86127471923828, "_wandb": {"runtime": 16}}