{"train_loss": 0.13705147365324719, "_timestamp": 1697056755.9572434, "_runtime": 35.30838346481323, "_step": 243, "val_acc": 86.12716674804688, "_wandb": {"runtime": 34}}