{"train_loss": 0.08642881031169794, "_timestamp": 1697075081.1269166, "_runtime": 16.065130710601807, "_step": 111, "val_acc": 86.12716674804688, "_wandb": {"runtime": 15}}