{"train_loss": 0.09301555988400481, "_timestamp": 1696985298.507673, "_runtime": 18.66690492630005, "_step": 132, "val_acc": 83.81502532958984, "_wandb": {"runtime": 18}}