{"train_loss": 0.03614721686016162, "_timestamp": 1697042614.649367, "_runtime": 22.753823041915894, "_step": 171, "val_acc": 83.81502532958984, "_wandb": {"runtime": 22}}