{"train_loss": 0.30743634969342587, "_timestamp": 1697105889.984693, "_runtime": 8.155174970626831, "_step": 32, "val_acc": 84.97109985351562, "_wandb": {"runtime": 7}}