{"train_loss": 1.2448142150972155, "_timestamp": 1696916383.1544607, "_runtime": 878.0128436088562, "_step": 21, "val_acc": 0.52601158618927, "_wandb": {"runtime": 877}}