{"train_loss": 0.1570109734095113, "_timestamp": 1697018104.3998325, "_runtime": 8.803439378738403, "_step": 44, "val_acc": 86.7052001953125, "_wandb": {"runtime": 8}}