{"train_loss": 0.019591152986787735, "_timestamp": 1697015241.6006572, "_runtime": 36.174286127090454, "_step": 297, "val_acc": 82.6589584350586, "_wandb": {"runtime": 35}}