{"train_loss": 0.08293618324793453, "_timestamp": 1696972850.3001928, "_runtime": 42.0447199344635, "_step": 293, "val_acc": 85.54913330078125, "_wandb": {"runtime": 41}}