{"train_loss": 0.04595565414705942, "_timestamp": 1697068007.1171227, "_runtime": 28.83569860458374, "_step": 230, "val_acc": 85.54913330078125, "_wandb": {"runtime": 28}}