{"train_loss": 0.06725996068332257, "_timestamp": 1697123180.1943073, "_runtime": 19.408358335494995, "_step": 132, "val_acc": 85.54913330078125, "_wandb": {"runtime": 18}}