{"train_loss": 0.08796288283151943, "_timestamp": 1696993273.3539245, "_runtime": 17.527300596237183, "_step": 120, "val_acc": 86.12716674804688, "_wandb": {"runtime": 17}}