{"train_loss": 0.07476832359240033, "_timestamp": 1697130540.2475362, "_runtime": 37.00173020362854, "_step": 246, "val_acc": 83.81502532958984, "_wandb": {"runtime": 36}}