{"train_loss": 0.14196668825177258, "_timestamp": 1697060306.5601704, "_runtime": 12.448228359222412, "_step": 65, "val_acc": 84.39306640625, "_wandb": {"runtime": 12}}