{"train_loss": 0.11088188668120068, "_timestamp": 1697049662.7620263, "_runtime": 30.09863519668579, "_step": 201, "val_acc": 83.23699188232422, "_wandb": {"runtime": 29}}