{"train_loss": 0.10668419957225926, "_timestamp": 1697098208.8130531, "_runtime": 24.50072407722473, "_step": 161, "val_acc": 85.54913330078125, "_wandb": {"runtime": 24}}