{"train_loss": 0.0985665382860705, "_timestamp": 1697032141.227901, "_runtime": 13.770556926727295, "_step": 90, "val_acc": 88.4393081665039, "_wandb": {"runtime": 13}}