{"train_loss": 0.04815953424698565, "_timestamp": 1696999276.7288792, "_runtime": 28.16615319252014, "_step": 219, "val_acc": 84.39306640625, "_wandb": {"runtime": 27}}