{"train_loss": 0.34100696297232497, "_timestamp": 1697006875.2308462, "_runtime": 8.642996072769165, "_step": 33, "val_acc": 86.12716674804688, "_wandb": {"runtime": 8}}