{"train_loss": 0.12465647727164418, "_timestamp": 1697098799.8257306, "_runtime": 19.241440534591675, "_step": 117, "val_acc": 87.86127471923828, "_wandb": {"runtime": 18}}