{"train_loss": 0.04554396892050389, "_timestamp": 1697070773.523979, "_runtime": 41.246882915496826, "_step": 294, "val_acc": 83.23699188232422, "_wandb": {"runtime": 40}}