{"train_loss": 0.025091952887948517, "_timestamp": 1697079931.5977046, "_runtime": 30.5900936126709, "_step": 249, "val_acc": 87.86127471923828, "_wandb": {"runtime": 30}}