{"train_loss": 0.0994283129829307, "_timestamp": 1697042669.2175121, "_runtime": 15.441779136657715, "_step": 104, "val_acc": 84.97109985351562, "_wandb": {"runtime": 15}}