{"train_loss": 0.20488408060614452, "_timestamp": 1696986314.089729, "_runtime": 8.067639112472534, "_step": 35, "val_acc": 84.97109985351562, "_wandb": {"runtime": 7}}