{"train_loss": 0.07503016206414201, "_timestamp": 1697050161.0028877, "_runtime": 13.36508584022522, "_step": 86, "val_acc": 87.86127471923828, "_wandb": {"runtime": 12}}