{"train_loss": 0.0659519903135735, "_timestamp": 1697002881.2826989, "_runtime": 29.497325897216797, "_step": 197, "val_acc": 81.50289154052734, "_wandb": {"runtime": 29}}