{"train_loss": 0.05848648910800558, "_timestamp": 1697121508.9807718, "_runtime": 20.468013763427734, "_step": 141, "val_acc": 84.39306640625, "_wandb": {"runtime": 20}}