{"train_loss": 0.05082232940422241, "_timestamp": 1697051800.3225842, "_runtime": 36.66217112541199, "_step": 254, "val_acc": 86.7052001953125, "_wandb": {"runtime": 36}}