{"train_loss": 0.27768724671629974, "_timestamp": 1697053721.3159366, "_runtime": 8.032653570175171, "_step": 36, "val_acc": 84.97109985351562, "_wandb": {"runtime": 7}}