{"train_loss": NaN, "_timestamp": 1696898513.8469408, "_runtime": 887.0073797702789, "_step": 14, "_wandb": {"runtime": 886}}