{"train_loss": 0.2651311095024264, "_timestamp": 1696990362.1052206, "_runtime": 8.550702571868896, "_step": 39, "val_acc": 84.39306640625, "_wandb": {"runtime": 8}}