{"train_loss": 0.3573426037680271, "_timestamp": 1697071576.1899114, "_runtime": 8.56458044052124, "_step": 35, "val_acc": 83.23699188232422, "_wandb": {"runtime": 8}}