{"train_loss": 0.0916881498577463, "_timestamp": 1697038627.3318884, "_runtime": 23.888644456863403, "_step": 155, "val_acc": 83.23699188232422, "_wandb": {"runtime": 23}}