{"train_loss": 0.08619296383437548, "_timestamp": 1697055209.2212577, "_runtime": 17.36884880065918, "_step": 104, "val_acc": 87.28323364257812, "_wandb": {"runtime": 16}}