{"train_loss": 0.1760311580458006, "_timestamp": 1697041074.540934, "_runtime": 11.092490196228027, "_step": 54, "val_acc": 87.28323364257812, "_wandb": {"runtime": 10}}