{"train_loss": 0.09790861006652893, "_timestamp": 1697067700.5384114, "_runtime": 11.80260443687439, "_step": 71, "val_acc": 83.81502532958984, "_wandb": {"runtime": 11}}