{"train_loss": 0.06677410112109122, "_timestamp": 1697069930.3318288, "_runtime": 27.767748832702637, "_step": 188, "val_acc": 82.08092498779297, "_wandb": {"runtime": 27}}