{"train_loss": 0.1217623350838589, "_timestamp": 1697058179.1335769, "_runtime": 10.700447797775269, "_step": 59, "val_acc": 86.7052001953125, "_wandb": {"runtime": 10}}