{"train_loss": 0.12635985261024257, "_timestamp": 1697018546.6018016, "_runtime": 30.30684471130371, "_step": 203, "val_acc": 82.6589584350586, "_wandb": {"runtime": 29}}