{"train_loss": 0.03416457233969447, "_timestamp": 1696982796.3038492, "_runtime": 40.30114126205444, "_step": 281, "val_acc": 86.12716674804688, "_wandb": {"runtime": 39}}