{"train_loss": 0.064087153520695, "_timestamp": 1697031974.7424362, "_runtime": 22.465371131896973, "_step": 170, "val_acc": 83.23699188232422, "_wandb": {"runtime": 22}}