{"train_loss": 0.13321382167944035, "_timestamp": 1697008606.7539375, "_runtime": 12.702965497970581, "_step": 68, "val_acc": 80.92485809326172, "_wandb": {"runtime": 12}}