{"train_loss": 0.1397835151075797, "_timestamp": 1697001135.365351, "_runtime": 12.210227966308594, "_step": 74, "val_acc": 85.54913330078125, "_wandb": {"runtime": 11}}