{"train_loss": 0.038061887209931776, "_timestamp": 1697093012.9568515, "_runtime": 31.9903085231781, "_step": 263, "val_acc": 84.39306640625, "_wandb": {"runtime": 31}}