{"train_loss": 0.031940728959324226, "_timestamp": 1697119972.0603914, "_runtime": 40.06115245819092, "_step": 287, "val_acc": 81.50289154052734, "_wandb": {"runtime": 39}}