{"train_loss": 0.32061524541918623, "_timestamp": 1697069149.5763783, "_runtime": 8.20485544204712, "_step": 32, "val_acc": 89.01734161376953, "_wandb": {"runtime": 7}}