{"train_loss": 0.07153692177691778, "_timestamp": 1696973103.203011, "_runtime": 22.614176988601685, "_step": 173, "val_acc": 86.12716674804688, "_wandb": {"runtime": 22}}