{"train_loss": 0.07441476802883107, "_timestamp": 1697110587.3317401, "_runtime": 13.956562042236328, "_step": 92, "val_acc": 86.7052001953125, "_wandb": {"runtime": 13}}