{"train_loss": 0.15129346608422523, "_timestamp": 1697022561.090032, "_runtime": 11.217645168304443, "_step": 66, "val_acc": 84.97109985351562, "_wandb": {"runtime": 10}}