{"train_loss": 0.10239241218064414, "_timestamp": 1696996768.3552556, "_runtime": 29.491894721984863, "_step": 195, "val_acc": 84.39306640625, "_wandb": {"runtime": 29}}