{"train_loss": 0.5405995083409686, "_timestamp": 1697017125.6437583, "_runtime": 8.546079397201538, "_step": 41, "val_acc": 82.6589584350586, "_wandb": {"runtime": 8}}