{"train_loss": 0.052185313502694806, "_timestamp": 1697078052.7117078, "_runtime": 21.735415935516357, "_step": 165, "val_acc": 84.97109985351562, "_wandb": {"runtime": 21}}