{"train_loss": 0.05463894673753097, "_timestamp": 1696977100.4346154, "_runtime": 21.325554370880127, "_step": 135, "val_acc": 86.12716674804688, "_wandb": {"runtime": 20}}