{"train_loss": 0.10188648578992417, "_timestamp": 1697090481.7390172, "_runtime": 10.95679521560669, "_step": 63, "val_acc": 84.97109985351562, "_wandb": {"runtime": 10}}