{"train_loss": 0.09479937509655259, "_timestamp": 1697047765.2202394, "_runtime": 12.133474349975586, "_step": 74, "val_acc": 87.28323364257812, "_wandb": {"runtime": 11}}