{"train_loss": 0.061699298531261035, "_timestamp": 1697064841.563026, "_runtime": 30.27680802345276, "_step": 198, "val_acc": 86.12716674804688, "_wandb": {"runtime": 28}}