{"train_loss": 0.015070695102453058, "_timestamp": 1696978083.5936651, "_runtime": 32.986552238464355, "_step": 267, "val_acc": 84.97109985351562, "_wandb": {"runtime": 32}}