{"train_loss": 0.040202156391514594, "_timestamp": 1697029688.4541898, "_runtime": 36.73360276222229, "_step": 254, "val_acc": 85.54913330078125, "_wandb": {"runtime": 36}}