{"train_loss": 3.3520208590252456, "_timestamp": 1696834387.2325046, "_runtime": 589.6963405609131, "_step": 9, "_wandb": {"runtime": 601}}