{"train_loss": 0.036025167605298204, "_timestamp": 1697040100.1633723, "_runtime": 31.852537393569946, "_step": 258, "val_acc": 85.54913330078125, "_wandb": {"runtime": 31}}