{"train_loss": 3.3112550502599674, "_timestamp": 1696887253.5963743, "_runtime": 598.1531493663788, "_step": 9, "_wandb": {"runtime": 610}}