{"train_loss": 0.05712665002698317, "_timestamp": 1696993859.448359, "_runtime": 38.018709897994995, "_step": 261, "val_acc": 83.81502532958984, "_wandb": {"runtime": 37}}