{"train_loss": 0.07354074390605092, "_timestamp": 1696972435.401872, "_runtime": 19.985689878463745, "_step": 119, "val_acc": 86.7052001953125, "_wandb": {"runtime": 19}}