{"train_loss": 0.08302621365806391, "_timestamp": 1697012433.6544101, "_runtime": 20.85841703414917, "_step": 128, "val_acc": 87.28323364257812, "_wandb": {"runtime": 20}}