{"train_loss": 0.2809283352175424, "_timestamp": 1697085078.7360454, "_runtime": 7.294530391693115, "_step": 29, "val_acc": 84.97109985351562, "_wandb": {"runtime": 6}}