{"train_loss": 0.03351052932787773, "_timestamp": 1697119556.0397437, "_runtime": 27.8363516330719, "_step": 183, "val_acc": 88.4393081665039, "_wandb": {"runtime": 27}}