{"train_loss": 0.04409024948362521, "_timestamp": 1697115469.2693257, "_runtime": 23.44724678993225, "_step": 182, "val_acc": 87.28323364257812, "_wandb": {"runtime": 23}}