{"train_loss": 0.06815012907853003, "_timestamp": 1697102615.3840747, "_runtime": 39.86892080307007, "_step": 278, "val_acc": 84.39306640625, "_wandb": {"runtime": 39}}