{"train_loss": 3.3133542253527533, "_timestamp": 1696810550.6445422, "_runtime": 298.70478916168213, "_step": 4, "_wandb": {"runtime": 296}}