{"train_loss": 0.186171448204753, "_timestamp": 1696977415.72713, "_runtime": 18.063026905059814, "_step": 108, "val_acc": 83.23699188232422, "_wandb": {"runtime": 17}}