{"train_loss": 0.3520079497681108, "_timestamp": 1697124520.0767014, "_runtime": 7.407661437988281, "_step": 30, "val_acc": 85.54913330078125, "_wandb": {"runtime": 6}}