{"train_loss": 0.20832845473358796, "_timestamp": 1697041226.9446135, "_runtime": 8.099620342254639, "_step": 30, "val_acc": 84.39306640625, "_wandb": {"runtime": 7}}