{"train_loss": 0.05050470186722313, "_timestamp": 1697113398.2967746, "_runtime": 15.115517616271973, "_step": 102, "val_acc": 84.97109985351562, "_wandb": {"runtime": 14}}