{"train_loss": 0.09837804686516351, "_timestamp": 1697104361.3987575, "_runtime": 33.15673542022705, "_step": 230, "val_acc": 84.39306640625, "_wandb": {"runtime": 32}}