{"train_loss": 0.040620900081405634, "_timestamp": 1697066036.4302073, "_runtime": 29.80242919921875, "_step": 237, "val_acc": 87.86127471923828, "_wandb": {"runtime": 29}}