{"train_loss": 0.03783986734518738, "_timestamp": 1697036747.296445, "_runtime": 30.513351917266846, "_step": 204, "val_acc": 84.97109985351562, "_wandb": {"runtime": 30}}