{"train_loss": 0.1260756574663182, "_timestamp": 1697089768.2884002, "_runtime": 29.523096084594727, "_step": 195, "val_acc": 85.54913330078125, "_wandb": {"runtime": 29}}