{"train_loss": 0.04766723583858504, "_timestamp": 1697095451.9864302, "_runtime": 36.007795095443726, "_step": 254, "val_acc": 85.54913330078125, "_wandb": {"runtime": 35}}