{"train_loss": 2.008284725330093, "_timestamp": 1696825597.5239677, "_runtime": 583.686901807785, "_step": 9, "_wandb": {"runtime": 596}}