{"train_loss": 0.1865099114040996, "_timestamp": 1697090620.1834483, "_runtime": 10.5020432472229, "_step": 50, "val_acc": 84.39306640625, "_wandb": {"runtime": 10}}