{"train_loss": 0.053663510693843626, "_timestamp": 1697078080.5033016, "_runtime": 18.57498860359192, "_step": 135, "val_acc": 85.54913330078125, "_wandb": {"runtime": 18}}