{"train_loss": 0.26265349325745607, "_timestamp": 1697018442.6210952, "_runtime": 9.191684246063232, "_step": 32, "val_acc": 83.23699188232422, "_wandb": {"runtime": 8}}