{"train_loss": 0.1466579676800689, "_timestamp": 1696991848.3767912, "_runtime": 11.761727333068848, "_step": 69, "val_acc": 85.54913330078125, "_wandb": {"runtime": 11}}