{"train_loss": 1.1469678761223552, "_timestamp": 1696969509.313961, "_runtime": 888.7758679389954, "_step": 21, "val_acc": 0.5838150382041931, "_wandb": {"runtime": 888}}