{"train_loss": 0.3824052726633327, "_timestamp": 1697012776.9674497, "_runtime": 9.150903701782227, "_step": 39, "val_acc": 81.50289154052734, "_wandb": {"runtime": 8}}