{"train_loss": 0.05729589794578334, "_timestamp": 1697123721.1524422, "_runtime": 14.96469521522522, "_step": 101, "val_acc": 85.54913330078125, "_wandb": {"runtime": 14}}