{"train_loss": 0.0831025175013861, "_timestamp": 1697011496.6662507, "_runtime": 27.35138964653015, "_step": 182, "val_acc": 87.86127471923828, "_wandb": {"runtime": 27}}