{"train_loss": 0.10267961053834243, "_timestamp": 1696978984.601403, "_runtime": 41.5505108833313, "_step": 285, "val_acc": 86.12716674804688, "_wandb": {"runtime": 40}}