{"train_loss": 0.10824484436577836, "_timestamp": 1697038307.5017345, "_runtime": 34.95988750457764, "_step": 245, "val_acc": 84.97109985351562, "_wandb": {"runtime": 34}}