{"train_loss": 0.0502981782693221, "_timestamp": 1697057862.0055132, "_runtime": 33.118431091308594, "_step": 272, "val_acc": 87.28323364257812, "_wandb": {"runtime": 32}}