{"train_loss": 0.03148701168640062, "_timestamp": 1697008581.9617925, "_runtime": 28.868990421295166, "_step": 231, "val_acc": 86.7052001953125, "_wandb": {"runtime": 28}}