{"train_loss": 0.016472236997837765, "_timestamp": 1697120282.2273207, "_runtime": 34.94725966453552, "_step": 287, "val_acc": 86.7052001953125, "_wandb": {"runtime": 34}}