{"train_loss": 0.08443052664522331, "_timestamp": 1697060153.230475, "_runtime": 34.03756093978882, "_step": 236, "val_acc": 84.39306640625, "_wandb": {"runtime": 33}}