{"train_loss": 0.11229713330976665, "_timestamp": 1696981432.5490544, "_runtime": 20.001517295837402, "_step": 125, "val_acc": 80.34681701660156, "_wandb": {"runtime": 19}}