{"train_loss": 0.05276806031889824, "_timestamp": 1697036246.5501096, "_runtime": 30.616442680358887, "_step": 212, "val_acc": 86.12716674804688, "_wandb": {"runtime": 30}}