{"train_loss": 0.04774823941853504, "_timestamp": 1697012551.184358, "_runtime": 24.806325912475586, "_step": 192, "val_acc": 84.97109985351562, "_wandb": {"runtime": 24}}