{"train_loss": 0.15339411422610283, "_timestamp": 1697004100.3445973, "_runtime": 25.037941455841064, "_step": 162, "val_acc": 83.81502532958984, "_wandb": {"runtime": 24}}