{"train_loss": 0.08739992080602882, "_timestamp": 1697005597.8280318, "_runtime": 20.30164384841919, "_step": 128, "val_acc": 83.23699188232422, "_wandb": {"runtime": 19}}