{"train_loss": 0.036566216541930686, "_timestamp": 1696989057.6278303, "_runtime": 38.057764291763306, "_step": 260, "val_acc": 86.12716674804688, "_wandb": {"runtime": 37}}