{"train_loss": 0.13500694168709912, "_timestamp": 1697046192.440103, "_runtime": 25.859611988067627, "_step": 171, "val_acc": 83.23699188232422, "_wandb": {"runtime": 25}}