{"train_loss": 0.09375085767770056, "_timestamp": 1697044465.3406985, "_runtime": 19.430352449417114, "_step": 119, "val_acc": 83.23699188232422, "_wandb": {"runtime": 19}}