{"train_loss": 0.05203266809207149, "_timestamp": 1696982314.2605395, "_runtime": 34.49334764480591, "_step": 236, "val_acc": 86.12716674804688, "_wandb": {"runtime": 34}}