{"train_loss": 0.08274570709164795, "_timestamp": 1697080573.6620429, "_runtime": 32.11004185676575, "_step": 224, "val_acc": 79.76878356933594, "_wandb": {"runtime": 31}}