{"train_loss": 0.56683038694914, "_timestamp": 1697042552.6897082, "_runtime": 17.766557216644287, "_step": 125, "val_acc": 86.12716674804688, "_wandb": {"runtime": 17}}