{"train_loss": 0.08758509223522662, "_timestamp": 1697052565.050546, "_runtime": 32.90843391418457, "_step": 228, "val_acc": 87.28323364257812, "_wandb": {"runtime": 32}}