{"train_loss": 0.03827401594702848, "_timestamp": 1696990443.5295393, "_runtime": 27.852917432785034, "_step": 213, "val_acc": 85.54913330078125, "_wandb": {"runtime": 27}}