{"train_loss": 0.10693922510836273, "_timestamp": 1696979740.2958786, "_runtime": 30.61565065383911, "_step": 212, "val_acc": 84.39306640625, "_wandb": {"runtime": 30}}