{"train_loss": 0.05783859103224998, "_timestamp": 1697039208.90525, "_runtime": 18.80147695541382, "_step": 137, "val_acc": 83.81502532958984, "_wandb": {"runtime": 18}}