{"train_loss": 0.08065970520066573, "_timestamp": 1697060601.264176, "_runtime": 34.01898980140686, "_step": 237, "val_acc": 86.12716674804688, "_wandb": {"runtime": 33}}