{"train_loss": 0.202932266301887, "_timestamp": 1697101878.9887009, "_runtime": 32.91920185089111, "_step": 270, "val_acc": 80.92485809326172, "_wandb": {"runtime": 32}}