{"train_loss": 0.20597206007386015, "_timestamp": 1697074028.8989248, "_runtime": 11.030927896499634, "_step": 54, "val_acc": 82.6589584350586, "_wandb": {"runtime": 10}}