{"train_loss": 3.3121777346660926, "_timestamp": 1696838335.9613647, "_runtime": 890.0565247535706, "_step": 14, "_wandb": {"runtime": 889}}