{"train_loss": 0.1020219694541464, "_timestamp": 1697068174.279014, "_runtime": 14.53636622428894, "_step": 81, "val_acc": 85.54913330078125, "_wandb": {"runtime": 14}}