{"train_loss": 0.04268571801570266, "_timestamp": 1697075843.4246523, "_runtime": 23.6432683467865, "_step": 183, "val_acc": 84.97109985351562, "_wandb": {"runtime": 23}}