{"train_loss": 0.020290912735427536, "_timestamp": 1697013874.3279486, "_runtime": 29.451765537261963, "_step": 234, "val_acc": 84.97109985351562, "_wandb": {"runtime": 29}}