{"train_loss": 0.04453904957099016, "_timestamp": 1697043424.1318352, "_runtime": 23.089660167694092, "_step": 177, "val_acc": 88.4393081665039, "_wandb": {"runtime": 22}}