{"train_loss": 0.1202589762938577, "_timestamp": 1696989482.9549212, "_runtime": 10.670591354370117, "_step": 59, "val_acc": 83.81502532958984, "_wandb": {"runtime": 10}}