{"train_loss": 0.027443546032922907, "_timestamp": 1697122050.1523314, "_runtime": 29.113869428634644, "_step": 212, "val_acc": 85.54913330078125, "_wandb": {"runtime": 28}}