{"train_loss": 0.016296820398311804, "_timestamp": 1697085596.8903983, "_runtime": 35.374096155166626, "_step": 291, "val_acc": 84.97109985351562, "_wandb": {"runtime": 34}}