{"train_loss": 0.2408931293459826, "_timestamp": 1697104820.3872168, "_runtime": 8.382230758666992, "_step": 32, "val_acc": 81.50289154052734, "_wandb": {"runtime": 7}}