{"train_loss": 0.10929295299358147, "_timestamp": 1697053672.1258757, "_runtime": 20.691304683685303, "_step": 131, "val_acc": 80.34681701660156, "_wandb": {"runtime": 20}}