{"train_loss": 0.026446283629792202, "_timestamp": 1697128359.8362267, "_runtime": 29.99849581718445, "_step": 240, "val_acc": 85.54913330078125, "_wandb": {"runtime": 29}}