{"train_loss": 0.1285996112152176, "_timestamp": 1697087799.5244756, "_runtime": 37.12294268608093, "_step": 261, "val_acc": 83.81502532958984, "_wandb": {"runtime": 36}}