{"train_loss": 0.4209591212660767, "_timestamp": 1697055022.8767002, "_runtime": 12.13552212715149, "_step": 74, "val_acc": 82.08092498779297, "_wandb": {"runtime": 11}}