{"train_loss": 0.031753103437611487, "_timestamp": 1696992921.4696224, "_runtime": 36.15682530403137, "_step": 288, "val_acc": 84.97109985351562, "_wandb": {"runtime": 35}}