{"train_loss": 0.05760403838398498, "_timestamp": 1697103231.771373, "_runtime": 26.272855043411255, "_step": 206, "val_acc": 86.7052001953125, "_wandb": {"runtime": 25}}