{"train_loss": 0.1485544554889202, "_timestamp": 1697086504.057709, "_runtime": 15.023633003234863, "_step": 86, "val_acc": 86.12716674804688, "_wandb": {"runtime": 14}}