{"train_loss": 0.1282918184107646, "_timestamp": 1697009077.2847707, "_runtime": 24.616458654403687, "_step": 161, "val_acc": 80.34681701660156, "_wandb": {"runtime": 24}}