{"train_loss": NaN, "_timestamp": 1696818367.0880888, "_runtime": 889.8068828582764, "_step": 14, "_wandb": {"runtime": 889}}