{"train_loss": 0.07914116610854127, "_timestamp": 1696995725.3213174, "_runtime": 36.34623742103577, "_step": 246, "val_acc": 87.28323364257812, "_wandb": {"runtime": 35}}