{"train_loss": 0.0349779678197296, "_timestamp": 1696985925.1745353, "_runtime": 30.925257205963135, "_step": 204, "val_acc": 84.39306640625, "_wandb": {"runtime": 30}}