{"train_loss": 0.13311859432521256, "_timestamp": 1697085258.507811, "_runtime": 16.65975308418274, "_step": 98, "val_acc": 82.08092498779297, "_wandb": {"runtime": 16}}