{"train_loss": 0.06093771946291591, "_timestamp": 1697071204.0642247, "_runtime": 18.59148383140564, "_step": 135, "val_acc": 86.12716674804688, "_wandb": {"runtime": 18}}