{"train_loss": 0.08137450988815967, "_timestamp": 1696988719.0072205, "_runtime": 14.56073546409607, "_step": 93, "val_acc": 86.12716674804688, "_wandb": {"runtime": 14}}