{"train_loss": 0.05838119557809605, "_timestamp": 1697126414.8789914, "_runtime": 19.887928247451782, "_step": 146, "val_acc": 86.7052001953125, "_wandb": {"runtime": 19}}