{"train_loss": 0.09703132125743946, "_timestamp": 1697105033.054181, "_runtime": 24.776864051818848, "_step": 164, "val_acc": 84.97109985351562, "_wandb": {"runtime": 24}}