{"train_loss": 0.06763323095659617, "_timestamp": 1697104044.5842519, "_runtime": 20.751951932907104, "_step": 155, "val_acc": 84.39306640625, "_wandb": {"runtime": 20}}