{"train_loss": 0.10605971322281199, "_timestamp": 1696976089.2622888, "_runtime": 34.24068069458008, "_step": 236, "val_acc": 87.28323364257812, "_wandb": {"runtime": 33}}