{"train_loss": 0.029037045109150714, "_timestamp": 1697013441.2406864, "_runtime": 30.33035445213318, "_step": 240, "val_acc": 86.12716674804688, "_wandb": {"runtime": 29}}