{"train_loss": 0.07939200957175778, "_timestamp": 1697019938.858519, "_runtime": 14.061186075210571, "_step": 93, "val_acc": 87.28323364257812, "_wandb": {"runtime": 13}}