{"train_loss": 0.06532254999200272, "_timestamp": 1697002228.579271, "_runtime": 21.169198036193848, "_step": 156, "val_acc": 84.97109985351562, "_wandb": {"runtime": 20}}