{"train_loss": 0.07542675054567151, "_timestamp": 1696999006.2158644, "_runtime": 35.66882944107056, "_step": 246, "val_acc": 86.12716674804688, "_wandb": {"runtime": 35}}