{"train_loss": 0.1427843013648377, "_timestamp": 1697050136.2889555, "_runtime": 24.708197355270386, "_step": 162, "val_acc": 83.81502532958984, "_wandb": {"runtime": 24}}