{"train_loss": 0.10486357721911613, "_timestamp": 1696988985.5901616, "_runtime": 22.663982629776, "_step": 135, "val_acc": 86.12716674804688, "_wandb": {"runtime": 21}}