{"train_loss": 0.029344980932533914, "_timestamp": 1697110501.5680985, "_runtime": 32.652891635894775, "_step": 267, "val_acc": 85.54913330078125, "_wandb": {"runtime": 32}}