{"train_loss": 0.13420426173049005, "_timestamp": 1696984970.3466847, "_runtime": 25.002312660217285, "_step": 159, "val_acc": 84.39306640625, "_wandb": {"runtime": 24}}