{"train_loss": 0.036032252885444566, "_timestamp": 1697083272.2063174, "_runtime": 41.726667404174805, "_step": 296, "val_acc": 84.97109985351562, "_wandb": {"runtime": 41}}