{"train_loss": 0.07314341921402617, "_timestamp": 1697030758.3457823, "_runtime": 14.610254287719727, "_step": 98, "val_acc": 85.54913330078125, "_wandb": {"runtime": 14}}