{"train_loss": 0.5648703020672465, "_timestamp": 1697103532.8919928, "_runtime": 7.333518743515015, "_step": 29, "val_acc": 85.54913330078125, "_wandb": {"runtime": 6}}