{"train_loss": 0.4291703985180966, "_timestamp": 1697114834.96959, "_runtime": 15.541192054748535, "_step": 105, "val_acc": 84.39306640625, "_wandb": {"runtime": 15}}