{"train_loss": 0.1287001017589382, "_timestamp": 1697003063.7206135, "_runtime": 13.03234338760376, "_step": 81, "val_acc": 83.81502532958984, "_wandb": {"runtime": 12}}