{"train_loss": 0.1279052450689812, "_timestamp": 1697115828.49258, "_runtime": 15.407541990280151, "_step": 107, "val_acc": 83.23699188232422, "_wandb": {"runtime": 15}}