{"train_loss": 0.16841830668407817, "_timestamp": 1697107852.4292839, "_runtime": 8.86469292640686, "_step": 44, "val_acc": 86.12716674804688, "_wandb": {"runtime": 8}}