{"train_loss": 0.13864223147894061, "_timestamp": 1697070430.5083005, "_runtime": 13.125236511230469, "_step": 71, "val_acc": 89.01734161376953, "_wandb": {"runtime": 12}}