{"train_loss": 0.03276673892951505, "_timestamp": 1697065828.3442025, "_runtime": 35.221569538116455, "_step": 291, "val_acc": 84.39306640625, "_wandb": {"runtime": 34}}