{"train_loss": 0.04346282701928515, "_timestamp": 1697092661.2666595, "_runtime": 29.714041471481323, "_step": 239, "val_acc": 83.81502532958984, "_wandb": {"runtime": 29}}