{"train_loss": 0.022825732908406577, "_timestamp": 1697064569.3883083, "_runtime": 31.590041399002075, "_step": 258, "val_acc": 86.7052001953125, "_wandb": {"runtime": 31}}