{"train_loss": 2.409838160803152, "_timestamp": 1697039326.7195237, "_runtime": 12.955903768539429, "_step": 81, "val_acc": 50.86705017089844, "_wandb": {"runtime": 12}}