{"train_loss": 0.05088533048496344, "_timestamp": 1697085213.7815518, "_runtime": 28.836857795715332, "_step": 233, "val_acc": 85.54913330078125, "_wandb": {"runtime": 28}}