{"train_loss": 1.1973049334567767, "_timestamp": 1696932274.5412402, "_runtime": 862.2826471328735, "_step": 21, "val_acc": 0.48554912209510803, "_wandb": {"runtime": 861}}