{"train_loss": 0.03040030669301835, "_timestamp": 1697103773.8410163, "_runtime": 31.09348225593567, "_step": 252, "val_acc": 84.39306640625, "_wandb": {"runtime": 30}}