{"train_loss": 0.14263868990332582, "_timestamp": 1697006172.7363224, "_runtime": 9.781348466873169, "_step": 53, "val_acc": 85.54913330078125, "_wandb": {"runtime": 9}}