{"train_loss": 0.11159839348997487, "_timestamp": 1697111125.512337, "_runtime": 15.720426082611084, "_step": 90, "val_acc": 82.6589584350586, "_wandb": {"runtime": 15}}