{"train_loss": 0.2571006595741871, "_timestamp": 1697041209.0147042, "_runtime": 11.0109281539917, "_step": 54, "val_acc": 82.6589584350586, "_wandb": {"runtime": 10}}