{"train_loss": 0.19299681846398947, "_timestamp": 1696983558.3359516, "_runtime": 13.864266633987427, "_step": 77, "val_acc": 86.7052001953125, "_wandb": {"runtime": 13}}