{"train_loss": 0.13364198303586522, "_timestamp": 1697121933.4393227, "_runtime": 15.74640965461731, "_step": 83, "val_acc": 85.54913330078125, "_wandb": {"runtime": 15}}