{"train_loss": 0.028987949655180104, "_timestamp": 1697056119.1504161, "_runtime": 32.89044213294983, "_step": 267, "val_acc": 86.7052001953125, "_wandb": {"runtime": 32}}