{"train_loss": 0.06012495458978878, "_timestamp": 1696972329.1025407, "_runtime": 41.648741722106934, "_step": 288, "val_acc": 86.7052001953125, "_wandb": {"runtime": 41}}