{"train_loss": 0.07139961418376282, "_timestamp": 1697061491.2952979, "_runtime": 30.30228877067566, "_step": 204, "val_acc": 86.7052001953125, "_wandb": {"runtime": 29}}