{"train_loss": 1.5773338384406512, "_timestamp": 1696973624.225037, "_runtime": 7.665053129196167, "_step": 33, "val_acc": 68.20809173583984, "_wandb": {"runtime": 7}}