{"train_loss": 0.046932705946071726, "_timestamp": 1697001810.4616342, "_runtime": 19.918525218963623, "_step": 146, "val_acc": 84.39306640625, "_wandb": {"runtime": 19}}