{"train_loss": 0.054637000462863336, "_timestamp": 1697070328.1960862, "_runtime": 19.394126176834106, "_step": 140, "val_acc": 84.39306640625, "_wandb": {"runtime": 18}}