{"train_loss": 0.11026832412625122, "_timestamp": 1696998605.4366071, "_runtime": 13.219162225723267, "_step": 84, "val_acc": 86.12716674804688, "_wandb": {"runtime": 12}}