{"train_loss": 0.06031830961610256, "_timestamp": 1697093819.2035604, "_runtime": 23.371036291122437, "_step": 180, "val_acc": 86.12716674804688, "_wandb": {"runtime": 23}}