{"train_loss": 0.05774164022769519, "_timestamp": 1697022539.533322, "_runtime": 25.657907009124756, "_step": 201, "val_acc": 84.97109985351562, "_wandb": {"runtime": 25}}