{"train_loss": 0.10666614630107962, "_timestamp": 1697076264.737376, "_runtime": 13.91783094406128, "_step": 89, "val_acc": 87.28323364257812, "_wandb": {"runtime": 13}}