{"train_loss": 0.1053779742485562, "_timestamp": 1697005308.858409, "_runtime": 28.982411861419678, "_step": 195, "val_acc": 84.97109985351562, "_wandb": {"runtime": 28}}