{"train_loss": 0.10625623652256679, "_timestamp": 1697088853.0022783, "_runtime": 18.026435375213623, "_step": 113, "val_acc": 87.28323364257812, "_wandb": {"runtime": 17}}