{"train_loss": 0.08964474659499734, "_timestamp": 1697027290.5555007, "_runtime": 30.718934774398804, "_step": 248, "val_acc": 84.97109985351562, "_wandb": {"runtime": 30}}