{"train_loss": 0.05094779362403896, "_timestamp": 1696973301.4517548, "_runtime": 25.829173803329468, "_step": 201, "val_acc": 83.81502532958984, "_wandb": {"runtime": 25}}