{"train_loss": 0.18661459201816902, "_timestamp": 1696992678.281733, "_runtime": 9.366968154907227, "_step": 47, "val_acc": 87.86127471923828, "_wandb": {"runtime": 8}}