{"train_loss": 0.1753477525117612, "_timestamp": 1697061968.8967602, "_runtime": 19.028077125549316, "_step": 117, "val_acc": 85.54913330078125, "_wandb": {"runtime": 18}}