{"train_loss": 0.25749756326509077, "_timestamp": 1697004362.302952, "_runtime": 29.566751956939697, "_step": 234, "val_acc": 84.39306640625, "_wandb": {"runtime": 29}}