{"train_loss": 0.044303500116532016, "_timestamp": 1697099859.836023, "_runtime": 31.647903203964233, "_step": 260, "val_acc": 87.28323364257812, "_wandb": {"runtime": 31}}