{"train_loss": 0.1277383297930883, "_timestamp": 1697048251.4974587, "_runtime": 26.37142276763916, "_step": 174, "val_acc": 84.39306640625, "_wandb": {"runtime": 25}}