{"train_loss": 0.12077170341860416, "_timestamp": 1697091505.230716, "_runtime": 28.901340007781982, "_step": 200, "val_acc": 85.54913330078125, "_wandb": {"runtime": 28}}