{"train_loss": 0.20100816371742375, "_timestamp": 1697017852.9017353, "_runtime": 15.529434204101562, "_step": 87, "val_acc": 86.7052001953125, "_wandb": {"runtime": 15}}