{"train_loss": 0.029742262079813626, "_timestamp": 1696989964.0575023, "_runtime": 22.503666162490845, "_step": 167, "val_acc": 84.97109985351562, "_wandb": {"runtime": 22}}