{"train_loss": 0.10848706941185303, "_timestamp": 1697096179.6052396, "_runtime": 12.45803952217102, "_step": 78, "val_acc": 88.4393081665039, "_wandb": {"runtime": 12}}