{"train_loss": 0.04949074082054891, "_timestamp": 1697112081.1347597, "_runtime": 28.775493621826172, "_step": 218, "val_acc": 90.17340850830078, "_wandb": {"runtime": 26}}