{"train_loss": 0.06416951828950279, "_timestamp": 1697037583.0100443, "_runtime": 15.607544422149658, "_step": 105, "val_acc": 86.12716674804688, "_wandb": {"runtime": 15}}