{"train_loss": 0.19454443918237851, "_timestamp": 1697043589.1451943, "_runtime": 10.521100282669067, "_step": 48, "val_acc": 82.6589584350586, "_wandb": {"runtime": 9}}