{"train_loss": NaN, "_timestamp": 1696852234.6010482, "_runtime": 883.7481672763824, "_step": 14, "_wandb": {"runtime": 883}}