{"train_loss": 0.04207101126667112, "_timestamp": 1696988651.1565032, "_runtime": 24.431746244430542, "_step": 185, "val_acc": 84.39306640625, "_wandb": {"runtime": 24}}