{"train_loss": 0.21798484997693882, "_timestamp": 1697126713.6311471, "_runtime": 8.40301513671875, "_step": 39, "val_acc": 86.12716674804688, "_wandb": {"runtime": 8}}