{"train_loss": 0.0562458582395731, "_timestamp": 1697107832.349122, "_runtime": 19.8627450466156, "_step": 147, "val_acc": 88.4393081665039, "_wandb": {"runtime": 19}}