{"train_loss": 0.14112536891818392, "_timestamp": 1697030195.4456892, "_runtime": 24.393506288528442, "_step": 161, "val_acc": 82.08092498779297, "_wandb": {"runtime": 24}}