{"train_loss": 0.1217193089988689, "_timestamp": 1697084725.8438728, "_runtime": 9.47765588760376, "_step": 50, "val_acc": 87.28323364257812, "_wandb": {"runtime": 9}}