{"train_loss": 0.22531459651627514, "_timestamp": 1696999359.0764039, "_runtime": 12.924981832504272, "_step": 69, "val_acc": 85.54913330078125, "_wandb": {"runtime": 12}}