{"train_loss": 0.1446828925765531, "_timestamp": 1697078428.5518131, "_runtime": 10.417678117752075, "_step": 59, "val_acc": 85.54913330078125, "_wandb": {"runtime": 10}}