{"train_loss": 0.07854755361412846, "_timestamp": 1697014929.3992834, "_runtime": 19.149421453475952, "_step": 140, "val_acc": 83.81502532958984, "_wandb": {"runtime": 18}}