{"train_loss": 0.031087920391867155, "_timestamp": 1697106569.4832795, "_runtime": 31.591683387756348, "_step": 257, "val_acc": 87.28323364257812, "_wandb": {"runtime": 31}}