{"train_loss": 0.12128673584287077, "_timestamp": 1697108133.0900226, "_runtime": 26.505739450454712, "_step": 174, "val_acc": 87.28323364257812, "_wandb": {"runtime": 26}}