{"train_loss": 0.16716973017901182, "_timestamp": 1697005823.1486228, "_runtime": 18.135820865631104, "_step": 110, "val_acc": 84.39306640625, "_wandb": {"runtime": 17}}