{"train_loss": 0.014637886612881842, "_timestamp": 1697039714.492075, "_runtime": 33.34148097038269, "_step": 272, "val_acc": 83.81502532958984, "_wandb": {"runtime": 32}}