{"train_loss": 0.03009561090161591, "_timestamp": 1697122270.5494432, "_runtime": 37.77865529060364, "_step": 240, "val_acc": 85.54913330078125, "_wandb": {"runtime": 37}}