{"train_loss": 0.09498218529272912, "_timestamp": 1697037710.12173, "_runtime": 13.01421308517456, "_step": 83, "val_acc": 86.12716674804688, "_wandb": {"runtime": 12}}