{"train_loss": 0.025085555524890158, "_timestamp": 1697087965.712178, "_runtime": 28.475861072540283, "_step": 227, "val_acc": 84.97109985351562, "_wandb": {"runtime": 28}}