{"train_loss": 0.10023330135113928, "_timestamp": 1696994737.3509147, "_runtime": 26.936510801315308, "_step": 177, "val_acc": 82.08092498779297, "_wandb": {"runtime": 26}}