{"train_loss": 0.046520648187102186, "_timestamp": 1697034602.8705535, "_runtime": 31.988811492919922, "_step": 222, "val_acc": 87.86127471923828, "_wandb": {"runtime": 31}}