{"train_loss": 0.1328549452212661, "_timestamp": 1697107400.1168876, "_runtime": 11.378957509994507, "_step": 68, "val_acc": 85.54913330078125, "_wandb": {"runtime": 11}}