{"train_loss": 0.1402214562065553, "_timestamp": 1697031901.3286333, "_runtime": 12.423102378845215, "_step": 65, "val_acc": 83.81502532958984, "_wandb": {"runtime": 12}}