{"train_loss": 0.0710430430779017, "_timestamp": 1696972767.5685437, "_runtime": 41.14435577392578, "_step": 293, "val_acc": 86.12716674804688, "_wandb": {"runtime": 40}}