{"train_loss": 0.11014481503408143, "_timestamp": 1697006693.930475, "_runtime": 27.708072900772095, "_step": 185, "val_acc": 84.39306640625, "_wandb": {"runtime": 27}}