{"train_loss": NaN, "_timestamp": 1696810229.3827615, "_runtime": 579.5985934734344, "_step": 9, "_wandb": {"runtime": 591}}