{"train_loss": 0.2603977045347524, "_timestamp": 1697071481.9815838, "_runtime": 7.747569799423218, "_step": 33, "val_acc": 84.39306640625, "_wandb": {"runtime": 7}}