{"train_loss": 0.1415519994726881, "_timestamp": 1697127644.785252, "_runtime": 23.127751111984253, "_step": 147, "val_acc": 84.39306640625, "_wandb": {"runtime": 22}}