{"train_loss": 0.09353122110668094, "_timestamp": 1697121035.6366994, "_runtime": 33.15739154815674, "_step": 222, "val_acc": 84.97109985351562, "_wandb": {"runtime": 32}}