{"train_loss": 0.05237496190171061, "_timestamp": 1697018302.84697, "_runtime": 41.382683992385864, "_step": 296, "val_acc": 86.12716674804688, "_wandb": {"runtime": 41}}