{"train_loss": 0.20478574342505876, "_timestamp": 1696982620.4028215, "_runtime": 8.778323650360107, "_step": 44, "val_acc": 85.54913330078125, "_wandb": {"runtime": 8}}