{"train_loss": 0.04663443030941105, "_timestamp": 1697071979.3699565, "_runtime": 25.112857580184937, "_step": 195, "val_acc": 83.23699188232422, "_wandb": {"runtime": 24}}