{"train_loss": NaN, "_timestamp": 1696896991.5289958, "_runtime": 585.0868997573853, "_step": 9, "_wandb": {"runtime": 597}}