{"train_loss": 0.08830786619855222, "_timestamp": 1697064760.2814267, "_runtime": 17.809327602386475, "_step": 107, "val_acc": 83.81502532958984, "_wandb": {"runtime": 15}}