{"train_loss": 0.4057959962722867, "_timestamp": 1697046559.0468156, "_runtime": 20.361649751663208, "_step": 150, "val_acc": 83.81502532958984, "_wandb": {"runtime": 19}}