{"train_loss": 0.030536221919667927, "_timestamp": 1697114114.9104033, "_runtime": 35.759236335754395, "_step": 251, "val_acc": 84.39306640625, "_wandb": {"runtime": 35}}