{"train_loss": 0.10301384979555774, "_timestamp": 1697126669.294107, "_runtime": 10.89139986038208, "_step": 62, "val_acc": 84.97109985351562, "_wandb": {"runtime": 10}}