{"train_loss": 0.13699978108647778, "_timestamp": 1697106451.7580938, "_runtime": 17.960792779922485, "_step": 110, "val_acc": 81.50289154052734, "_wandb": {"runtime": 17}}