{"train_loss": 0.04587707156315446, "_timestamp": 1697004865.101482, "_runtime": 38.75329899787903, "_step": 269, "val_acc": 85.54913330078125, "_wandb": {"runtime": 38}}