{"train_loss": 0.06703340051002628, "_timestamp": 1697063152.432897, "_runtime": 16.225594997406006, "_step": 111, "val_acc": 84.39306640625, "_wandb": {"runtime": 15}}