{"train_loss": 0.07033016854832165, "_timestamp": 1697122009.3326783, "_runtime": 19.370342254638672, "_step": 131, "val_acc": 84.97109985351562, "_wandb": {"runtime": 18}}