{"train_loss": 0.023164100310126275, "_timestamp": 1697002806.801912, "_runtime": 37.048118114471436, "_step": 240, "val_acc": 87.28323364257812, "_wandb": {"runtime": 35}}