{"train_loss": 0.08925849551519076, "_timestamp": 1697026070.7793133, "_runtime": 32.96282935142517, "_step": 233, "val_acc": 80.34681701660156, "_wandb": {"runtime": 32}}