{"train_loss": 1.4064582170499655, "_timestamp": 1696813536.860597, "_runtime": 885.8074519634247, "_step": 14, "_wandb": {"runtime": 885}}