{"train_loss": 0.06278903696748298, "_timestamp": 1697097394.2760684, "_runtime": 40.46408748626709, "_step": 285, "val_acc": 83.81502532958984, "_wandb": {"runtime": 40}}