{"train_loss": 0.20560487844916278, "_timestamp": 1696990317.7542143, "_runtime": 10.711191177368164, "_step": 59, "val_acc": 86.7052001953125, "_wandb": {"runtime": 10}}