{"train_loss": 0.2018642955741217, "_timestamp": 1697099511.7639296, "_runtime": 8.041911602020264, "_step": 36, "val_acc": 83.81502532958984, "_wandb": {"runtime": 7}}