{"train_loss": 0.07328282639676661, "_timestamp": 1697038174.6744199, "_runtime": 40.81458878517151, "_step": 287, "val_acc": 84.39306640625, "_wandb": {"runtime": 40}}