{"train_loss": 0.047424888258615815, "_timestamp": 1697126918.2918344, "_runtime": 31.442046403884888, "_step": 213, "val_acc": 83.23699188232422, "_wandb": {"runtime": 31}}