{"train_loss": 0.1310632020278379, "_timestamp": 1697087865.8170748, "_runtime": 11.09903883934021, "_step": 65, "val_acc": 86.12716674804688, "_wandb": {"runtime": 10}}