{"train_loss": 0.09328782484801702, "_timestamp": 1697004582.7413301, "_runtime": 18.559492111206055, "_step": 113, "val_acc": 87.28323364257812, "_wandb": {"runtime": 18}}