{"train_loss": 0.09997910119289923, "_timestamp": 1697128215.407743, "_runtime": 25.073402881622314, "_step": 164, "val_acc": 84.39306640625, "_wandb": {"runtime": 24}}