{"train_loss": 0.04045773108034979, "_timestamp": 1696978449.9347878, "_runtime": 23.446390867233276, "_step": 180, "val_acc": 87.86127471923828, "_wandb": {"runtime": 23}}