{"train_loss": 0.1835049147241164, "_timestamp": 1697008373.5390701, "_runtime": 16.30135202407837, "_step": 93, "val_acc": 86.12716674804688, "_wandb": {"runtime": 15}}