{"train_loss": 0.05868853732326263, "_timestamp": 1697040536.512006, "_runtime": 29.259132146835327, "_step": 233, "val_acc": 84.39306640625, "_wandb": {"runtime": 28}}