{"train_loss": 0.06303642081437892, "_timestamp": 1696983027.555433, "_runtime": 30.35028600692749, "_step": 203, "val_acc": 86.12716674804688, "_wandb": {"runtime": 29}}