{"train_loss": 0.07960141928823189, "_timestamp": 1696974620.6082518, "_runtime": 16.984484910964966, "_step": 120, "val_acc": 84.39306640625, "_wandb": {"runtime": 16}}