{"train_loss": 0.03722572061070783, "_timestamp": 1696976849.6887438, "_runtime": 28.590357780456543, "_step": 228, "val_acc": 86.7052001953125, "_wandb": {"runtime": 28}}