{"train_loss": 0.12150640666571468, "_timestamp": 1697005730.3865666, "_runtime": 13.954381704330444, "_step": 92, "val_acc": 84.97109985351562, "_wandb": {"runtime": 13}}