{"train_loss": 0.05257035670856144, "_timestamp": 1696979930.2926095, "_runtime": 29.040249347686768, "_step": 197, "val_acc": 85.54913330078125, "_wandb": {"runtime": 28}}