{"train_loss": 0.06543046597737906, "_timestamp": 1697068606.1130922, "_runtime": 26.036388158798218, "_step": 204, "val_acc": 86.7052001953125, "_wandb": {"runtime": 25}}