{"train_loss": 0.21208462749369617, "_timestamp": 1697012832.7909799, "_runtime": 13.362180948257446, "_step": 71, "val_acc": 87.86127471923828, "_wandb": {"runtime": 12}}