{"train_loss": 0.06977119345250431, "_timestamp": 1697064960.7175598, "_runtime": 26.0329167842865, "_step": 167, "val_acc": 86.12716674804688, "_wandb": {"runtime": 25}}