{"train_loss": 0.05445044017451014, "_timestamp": 1697055437.2226977, "_runtime": 23.257011651992798, "_step": 179, "val_acc": 84.97109985351562, "_wandb": {"runtime": 22}}