{"train_loss": 0.10170282211241334, "_timestamp": 1697027193.7843473, "_runtime": 11.626096248626709, "_step": 71, "val_acc": 84.97109985351562, "_wandb": {"runtime": 11}}