{"train_loss": 0.08431795862405886, "_timestamp": 1697030070.2389677, "_runtime": 27.89725160598755, "_step": 191, "val_acc": 84.97109985351562, "_wandb": {"runtime": 27}}