{"train_loss": 0.07296517707927283, "_timestamp": 1697057447.3051648, "_runtime": 35.52464175224304, "_step": 291, "val_acc": 86.7052001953125, "_wandb": {"runtime": 35}}