{"train_loss": 0.07648523348968389, "_timestamp": 1697103197.6247709, "_runtime": 18.40674877166748, "_step": 132, "val_acc": 86.12716674804688, "_wandb": {"runtime": 18}}