{"train_loss": 0.2027343449204467, "_timestamp": 1697089845.7154117, "_runtime": 9.23365068435669, "_step": 47, "val_acc": 85.54913330078125, "_wandb": {"runtime": 8}}