{"train_loss": 0.06953250575095934, "_timestamp": 1696996115.4711945, "_runtime": 26.284704446792603, "_step": 167, "val_acc": 84.97109985351562, "_wandb": {"runtime": 25}}