{"train_loss": 0.04265927676338876, "_timestamp": 1697021922.1266031, "_runtime": 42.60833215713501, "_step": 299, "val_acc": 87.28323364257812, "_wandb": {"runtime": 42}}