{"train_loss": 0.19509577460933564, "_timestamp": 1697105513.8522127, "_runtime": 11.15490174293518, "_step": 56, "val_acc": 84.97109985351562, "_wandb": {"runtime": 10}}