{"train_loss": 0.05628179467478117, "_timestamp": 1697066242.6453204, "_runtime": 40.03787636756897, "_step": 282, "val_acc": 83.81502532958984, "_wandb": {"runtime": 39}}