{"train_loss": 0.11060489963491035, "_timestamp": 1697101681.300637, "_runtime": 26.168328046798706, "_step": 176, "val_acc": 82.6589584350586, "_wandb": {"runtime": 25}}