{"train_loss": 0.11176749887378064, "_timestamp": 1697095406.9624474, "_runtime": 22.131600379943848, "_step": 143, "val_acc": 87.28323364257812, "_wandb": {"runtime": 21}}