{"train_loss": 0.2543707817662941, "_timestamp": 1697089237.1864953, "_runtime": 10.016618251800537, "_step": 47, "val_acc": 79.19075012207031, "_wandb": {"runtime": 9}}