{"train_loss": 0.12033809913013693, "_timestamp": 1696985726.02146, "_runtime": 33.024561166763306, "_step": 215, "val_acc": 82.6589584350586, "_wandb": {"runtime": 31}}