{"train_loss": 0.07513672010269189, "_timestamp": 1697091273.1777039, "_runtime": 18.095804929733276, "_step": 129, "val_acc": 84.97109985351562, "_wandb": {"runtime": 17}}