{"train_loss": 0.05493629382663341, "_timestamp": 1697022970.439874, "_runtime": 21.864529848098755, "_step": 165, "val_acc": 85.54913330078125, "_wandb": {"runtime": 21}}