{"train_loss": 0.05406524405441095, "_timestamp": 1696996202.2551918, "_runtime": 26.11665678024292, "_step": 167, "val_acc": 83.81502532958984, "_wandb": {"runtime": 25}}