{"train_loss": 0.04831358239319999, "_timestamp": 1696993375.7037253, "_runtime": 27.166919231414795, "_step": 207, "val_acc": 86.12716674804688, "_wandb": {"runtime": 26}}