{"train_loss": 0.018451710120601535, "_timestamp": 1697080334.878546, "_runtime": 35.996078968048096, "_step": 299, "val_acc": 86.12716674804688, "_wandb": {"runtime": 35}}