{"train_loss": 0.20223856180213218, "_timestamp": 1696972966.481884, "_runtime": 9.48741602897644, "_step": 42, "val_acc": 86.12716674804688, "_wandb": {"runtime": 9}}