{"train_loss": 0.04238224309140838, "_timestamp": 1697069413.6266372, "_runtime": 35.252482175827026, "_step": 243, "val_acc": 84.39306640625, "_wandb": {"runtime": 34}}