{"train_loss": 0.04605399963695036, "_timestamp": 1697054581.9116066, "_runtime": 25.488720655441284, "_step": 200, "val_acc": 87.28323364257812, "_wandb": {"runtime": 25}}