{"train_loss": 0.07834732801068661, "_timestamp": 1696995158.63167, "_runtime": 21.390933990478516, "_step": 156, "val_acc": 86.7052001953125, "_wandb": {"runtime": 20}}