{"train_loss": 0.028582610907357964, "_timestamp": 1697072782.6936452, "_runtime": 21.94119119644165, "_step": 167, "val_acc": 84.39306640625, "_wandb": {"runtime": 21}}