{"train_loss": 0.25719067527977535, "_timestamp": 1696980652.7194943, "_runtime": 10.651499271392822, "_step": 51, "val_acc": 79.19075012207031, "_wandb": {"runtime": 10}}