{"train_loss": 0.036985215438573166, "_timestamp": 1697110221.1275015, "_runtime": 26.639723539352417, "_step": 213, "val_acc": 84.39306640625, "_wandb": {"runtime": 26}}