{"train_loss": 0.023069404676789418, "_timestamp": 1697001072.0846303, "_runtime": 31.3752703666687, "_step": 252, "val_acc": 84.97109985351562, "_wandb": {"runtime": 30}}