{"train_loss": 0.08069751183448229, "_timestamp": 1697093953.252506, "_runtime": 27.83028292655945, "_step": 222, "val_acc": 87.86127471923828, "_wandb": {"runtime": 27}}