{"train_loss": 0.8028268814086914, "_timestamp": 1697123786.5873973, "_runtime": 18.560534238815308, "_step": 134, "val_acc": 81.50289154052734, "_wandb": {"runtime": 18}}