{"train_loss": 0.15275011130955157, "_timestamp": 1696987122.4677396, "_runtime": 16.668197631835938, "_step": 95, "val_acc": 82.6589584350586, "_wandb": {"runtime": 16}}