{"train_loss": 0.06603821681076011, "_timestamp": 1697001655.205468, "_runtime": 23.294512033462524, "_step": 176, "val_acc": 86.7052001953125, "_wandb": {"runtime": 22}}