{"train_loss": 0.06768519507699408, "_timestamp": 1697119692.379774, "_runtime": 29.462138175964355, "_step": 198, "val_acc": 85.54913330078125, "_wandb": {"runtime": 28}}