{"train_loss": 0.1282582248907623, "_timestamp": 1697118769.9753897, "_runtime": 18.439860820770264, "_step": 111, "val_acc": 81.50289154052734, "_wandb": {"runtime": 18}}