{"train_loss": 0.0893725294858044, "_timestamp": 1697010751.4020095, "_runtime": 13.580109596252441, "_step": 89, "val_acc": 88.4393081665039, "_wandb": {"runtime": 13}}