{"train_loss": 0.08872083521469734, "_timestamp": 1697103001.9145174, "_runtime": 14.750256299972534, "_step": 99, "val_acc": 86.12716674804688, "_wandb": {"runtime": 14}}