{"train_loss": 0.024839860046022507, "_timestamp": 1697060417.2161467, "_runtime": 25.095837593078613, "_step": 197, "val_acc": 83.23699188232422, "_wandb": {"runtime": 24}}