{"train_loss": 0.04838019535270368, "_timestamp": 1697029913.7777839, "_runtime": 35.761751890182495, "_step": 249, "val_acc": 86.7052001953125, "_wandb": {"runtime": 35}}