{"train_loss": 0.04143603419516842, "_timestamp": 1696986532.1050837, "_runtime": 29.467878818511963, "_step": 194, "val_acc": 84.39306640625, "_wandb": {"runtime": 29}}