{"train_loss": 0.12130350723516109, "_timestamp": 1696975423.6827097, "_runtime": 20.08113980293274, "_step": 125, "val_acc": 86.7052001953125, "_wandb": {"runtime": 19}}