{"train_loss": 0.05711651291849828, "_timestamp": 1696977624.9106834, "_runtime": 26.030949354171753, "_step": 206, "val_acc": 86.12716674804688, "_wandb": {"runtime": 25}}