{"train_loss": 0.07907492212063177, "_timestamp": 1697054305.5089269, "_runtime": 13.244088888168335, "_step": 84, "val_acc": 86.12716674804688, "_wandb": {"runtime": 12}}