{"train_loss": 0.10415617595318445, "_timestamp": 1697082267.87244, "_runtime": 14.263065099716187, "_step": 95, "val_acc": 85.54913330078125, "_wandb": {"runtime": 13}}