{"train_loss": 0.03823578721155997, "_timestamp": 1697005103.722621, "_runtime": 29.843201875686646, "_step": 236, "val_acc": 84.39306640625, "_wandb": {"runtime": 29}}