{"train_loss": 0.025610912120142996, "_timestamp": 1696993813.3726156, "_runtime": 27.866570472717285, "_step": 215, "val_acc": 87.86127471923828, "_wandb": {"runtime": 27}}