{"train_loss": 0.18466102245242097, "_timestamp": 1697002535.6634665, "_runtime": 9.352770566940308, "_step": 41, "val_acc": 86.12716674804688, "_wandb": {"runtime": 8}}