{"train_loss": 0.11833189145951575, "_timestamp": 1697120358.645123, "_runtime": 33.82485008239746, "_step": 236, "val_acc": 87.28323364257812, "_wandb": {"runtime": 33}}