{"train_loss": 0.12099509496582932, "_timestamp": 1697128951.9255092, "_runtime": 22.414733171463013, "_step": 143, "val_acc": 84.39306640625, "_wandb": {"runtime": 21}}