{"train_loss": 0.14256650782027824, "_timestamp": 1697095108.109483, "_runtime": 28.08298897743225, "_step": 189, "val_acc": 86.7052001953125, "_wandb": {"runtime": 27}}