{"train_loss": 0.10975603613092802, "_timestamp": 1697038483.4537275, "_runtime": 14.406981468200684, "_step": 95, "val_acc": 85.54913330078125, "_wandb": {"runtime": 14}}