{"train_loss": 0.05108285773962433, "_timestamp": 1697031287.2556736, "_runtime": 21.967654705047607, "_step": 165, "val_acc": 84.97109985351562, "_wandb": {"runtime": 21}}