{"train_loss": 0.036505225420453, "_timestamp": 1697007429.7304635, "_runtime": 33.84888052940369, "_step": 278, "val_acc": 84.39306640625, "_wandb": {"runtime": 33}}