{"train_loss": 0.040372620055148765, "_timestamp": 1697110439.1177344, "_runtime": 32.2573983669281, "_step": 263, "val_acc": 87.28323364257812, "_wandb": {"runtime": 31}}