{"train_loss": 0.056543064914876595, "_timestamp": 1697112446.5993605, "_runtime": 33.71208953857422, "_step": 236, "val_acc": 85.54913330078125, "_wandb": {"runtime": 33}}