{"train_loss": 0.049290388757579545, "_timestamp": 1697086002.35988, "_runtime": 24.18602705001831, "_step": 188, "val_acc": 86.12716674804688, "_wandb": {"runtime": 23}}