{"train_loss": 0.048772596992379014, "_timestamp": 1697062697.435845, "_runtime": 24.834765911102295, "_step": 194, "val_acc": 84.39306640625, "_wandb": {"runtime": 24}}