{"train_loss": 0.09360803970742192, "_timestamp": 1697036483.7333062, "_runtime": 39.697561264038086, "_step": 281, "val_acc": 84.97109985351562, "_wandb": {"runtime": 39}}