{"train_loss": 0.04948480487097228, "_timestamp": 1697019874.2312624, "_runtime": 41.71673345565796, "_step": 296, "val_acc": 84.39306640625, "_wandb": {"runtime": 41}}