{"train_loss": 0.23698211495959481, "_timestamp": 1697018066.7734497, "_runtime": 7.740991592407227, "_step": 33, "val_acc": 82.08092498779297, "_wandb": {"runtime": 7}}