{"train_loss": 0.12642458913208873, "_timestamp": 1697013556.8533013, "_runtime": 27.934868335723877, "_step": 183, "val_acc": 86.7052001953125, "_wandb": {"runtime": 27}}