{"train_loss": 0.22984811654964157, "_timestamp": 1696997422.443725, "_runtime": 7.7512102127075195, "_step": 33, "val_acc": 82.08092498779297, "_wandb": {"runtime": 7}}