{"train_loss": 0.05135628043912178, "_timestamp": 1697114426.0772064, "_runtime": 21.01321530342102, "_step": 158, "val_acc": 84.97109985351562, "_wandb": {"runtime": 20}}