{"train_loss": 0.045511528475989785, "_timestamp": 1697005346.1458895, "_runtime": 25.050208568572998, "_step": 195, "val_acc": 86.12716674804688, "_wandb": {"runtime": 24}}