{"train_loss": 0.17300734816249028, "_timestamp": 1697002726.8591957, "_runtime": 9.334176778793335, "_step": 41, "val_acc": 83.23699188232422, "_wandb": {"runtime": 8}}