{"train_loss": 0.10331197653160712, "_timestamp": 1697006783.7526667, "_runtime": 14.702362775802612, "_step": 98, "val_acc": 84.39306640625, "_wandb": {"runtime": 14}}