{"train_loss": 0.07788180247447345, "_timestamp": 1697031582.2826014, "_runtime": 28.170599460601807, "_step": 191, "val_acc": 87.86127471923828, "_wandb": {"runtime": 27}}