{"train_loss": 0.0569259732383639, "_timestamp": 1697021426.6017537, "_runtime": 35.93975281715393, "_step": 248, "val_acc": 80.34681701660156, "_wandb": {"runtime": 35}}