{"train_loss": 0.1359075376287449, "_timestamp": 1697050181.4249616, "_runtime": 13.063211679458618, "_step": 83, "val_acc": 86.12716674804688, "_wandb": {"runtime": 12}}