{"train_loss": 0.8519172211026036, "_timestamp": 1697065559.3383808, "_runtime": 21.351441860198975, "_step": 159, "val_acc": 76.30057525634766, "_wandb": {"runtime": 20}}