{"train_loss": 0.058402638954819765, "_timestamp": 1697111380.8511376, "_runtime": 38.64488458633423, "_step": 266, "val_acc": 82.08092498779297, "_wandb": {"runtime": 38}}