{"train_loss": 0.025218644173989117, "_timestamp": 1697065782.4825077, "_runtime": 25.493788719177246, "_step": 198, "val_acc": 84.97109985351562, "_wandb": {"runtime": 25}}