{"train_loss": NaN, "_timestamp": 1696861884.2459238, "_runtime": 876.8402197360992, "_step": 14, "_wandb": {"runtime": 876}}