{"train_loss": 0.15972009933077144, "_timestamp": 1696989315.2061658, "_runtime": 17.840401887893677, "_step": 104, "val_acc": 82.08092498779297, "_wandb": {"runtime": 17}}