{"train_loss": 0.1365180377480249, "_timestamp": 1697045097.4189222, "_runtime": 13.38467812538147, "_step": 72, "val_acc": 84.39306640625, "_wandb": {"runtime": 12}}