{"train_loss": 0.04372244453880676, "_timestamp": 1697097709.128719, "_runtime": 22.101418018341064, "_step": 167, "val_acc": 86.7052001953125, "_wandb": {"runtime": 21}}