{"train_loss": 0.0571831456405181, "_timestamp": 1696975854.5542705, "_runtime": 41.50664258003235, "_step": 294, "val_acc": 86.12716674804688, "_wandb": {"runtime": 41}}