{"train_loss": 0.05556012285320998, "_timestamp": 1697014442.363334, "_runtime": 25.64602494239807, "_step": 197, "val_acc": 89.01734161376953, "_wandb": {"runtime": 25}}