{"train_loss": 0.09358884221847104, "_timestamp": 1697106770.0313768, "_runtime": 31.516997814178467, "_step": 216, "val_acc": 90.7514419555664, "_wandb": {"runtime": 31}}