{"train_loss": 0.10701353316260286, "_timestamp": 1697029515.7654932, "_runtime": 13.663957118988037, "_step": 90, "val_acc": 84.39306640625, "_wandb": {"runtime": 13}}