{"train_loss": 0.07790237238500701, "_timestamp": 1697090093.9801915, "_runtime": 25.07875657081604, "_step": 165, "val_acc": 82.08092498779297, "_wandb": {"runtime": 24}}