{"train_loss": 0.07200841086396817, "_timestamp": 1697114288.7095973, "_runtime": 38.903656244277954, "_step": 278, "val_acc": 84.39306640625, "_wandb": {"runtime": 38}}