{"train_loss": 0.031659027891840004, "_timestamp": 1697061060.1821663, "_runtime": 32.43790245056152, "_step": 222, "val_acc": 86.7052001953125, "_wandb": {"runtime": 32}}