{"train_loss": 0.11865576241858476, "_timestamp": 1697053127.052187, "_runtime": 27.147417068481445, "_step": 182, "val_acc": 84.39306640625, "_wandb": {"runtime": 26}}