{"train_loss": 0.07587150336503116, "_timestamp": 1697067793.276329, "_runtime": 26.123219966888428, "_step": 171, "val_acc": 87.28323364257812, "_wandb": {"runtime": 25}}