{"train_loss": 0.029373176569162412, "_timestamp": 1697021379.5907397, "_runtime": 24.89889168739319, "_step": 192, "val_acc": 87.86127471923828, "_wandb": {"runtime": 24}}