{"train_loss": 0.03335027319722982, "_timestamp": 1697108213.3175318, "_runtime": 29.504705905914307, "_step": 239, "val_acc": 84.97109985351562, "_wandb": {"runtime": 29}}