{"train_loss": 0.05523856945449573, "_timestamp": 1697013402.8198643, "_runtime": 27.75405216217041, "_step": 218, "val_acc": 87.28323364257812, "_wandb": {"runtime": 27}}