{"train_loss": 0.09511896097209564, "_timestamp": 1697048038.875357, "_runtime": 16.28432297706604, "_step": 96, "val_acc": 86.7052001953125, "_wandb": {"runtime": 15}}