{"train_loss": 0.22195230337769487, "_timestamp": 1697030138.6620636, "_runtime": 19.23695468902588, "_step": 140, "val_acc": 87.86127471923828, "_wandb": {"runtime": 18}}