{"train_loss": 0.05301602429515401, "_timestamp": 1697037314.9379158, "_runtime": 16.090316772460938, "_step": 110, "val_acc": 89.01734161376953, "_wandb": {"runtime": 15}}