{"train_loss": 0.11364719865107259, "_timestamp": 1696979396.5782814, "_runtime": 14.471886396408081, "_step": 95, "val_acc": 85.54913330078125, "_wandb": {"runtime": 13}}