{"train_loss": 0.1001324124951024, "_timestamp": 1697098900.8501012, "_runtime": 27.0921893119812, "_step": 185, "val_acc": 84.97109985351562, "_wandb": {"runtime": 26}}