{"train_loss": 0.1654499140026611, "_timestamp": 1697000037.1360826, "_runtime": 13.516161680221558, "_step": 74, "val_acc": 83.23699188232422, "_wandb": {"runtime": 13}}