{"train_loss": 0.0922417705770322, "_timestamp": 1697033115.473867, "_runtime": 15.30302095413208, "_step": 102, "val_acc": 87.28323364257812, "_wandb": {"runtime": 14}}