{"train_loss": 0.1856480845964925, "_timestamp": 1697108321.3563051, "_runtime": 9.072550058364868, "_step": 47, "val_acc": 83.81502532958984, "_wandb": {"runtime": 8}}