{"train_loss": 0.09186547704658277, "_timestamp": 1697012515.5201616, "_runtime": 30.338395595550537, "_step": 200, "val_acc": 85.54913330078125, "_wandb": {"runtime": 29}}