{"train_loss": 0.06451016019753636, "_timestamp": 1696979453.3250709, "_runtime": 18.987178802490234, "_step": 137, "val_acc": 84.39306640625, "_wandb": {"runtime": 18}}