{"train_loss": 0.21248928864681443, "_timestamp": 1697025354.4172635, "_runtime": 8.467934608459473, "_step": 35, "val_acc": 81.50289154052734, "_wandb": {"runtime": 8}}