{"train_loss": 0.13309259065914206, "_timestamp": 1697097301.1481783, "_runtime": 20.09506630897522, "_step": 126, "val_acc": 80.92485809326172, "_wandb": {"runtime": 19}}