{"train_loss": 0.06788469523971163, "_timestamp": 1697073762.2756038, "_runtime": 17.365940809249878, "_step": 120, "val_acc": 86.12716674804688, "_wandb": {"runtime": 17}}