{"train_loss": 0.02303964242360793, "_timestamp": 1697023487.2392461, "_runtime": 29.405744075775146, "_step": 236, "val_acc": 84.97109985351562, "_wandb": {"runtime": 29}}