{"train_loss": 0.11890407341064041, "_timestamp": 1697056494.7469225, "_runtime": 37.248146533966064, "_step": 260, "val_acc": 82.6589584350586, "_wandb": {"runtime": 36}}