{"train_loss": 0.08370408699522879, "_timestamp": 1696975543.134409, "_runtime": 15.786587953567505, "_step": 108, "val_acc": 84.97109985351562, "_wandb": {"runtime": 15}}