{"train_loss": 0.12214883960523577, "_timestamp": 1697061860.1652358, "_runtime": 18.612902641296387, "_step": 111, "val_acc": 86.7052001953125, "_wandb": {"runtime": 18}}