{"train_loss": 0.08700884556462772, "_timestamp": 1697038509.4313471, "_runtime": 19.39542007446289, "_step": 120, "val_acc": 87.28323364257812, "_wandb": {"runtime": 19}}