{"train_loss": 0.07121946364857776, "_timestamp": 1697114651.7620647, "_runtime": 14.608555793762207, "_step": 98, "val_acc": 89.01734161376953, "_wandb": {"runtime": 14}}