{"train_loss": 0.04767215391688677, "_timestamp": 1697071733.1814337, "_runtime": 42.00803756713867, "_step": 294, "val_acc": 86.12716674804688, "_wandb": {"runtime": 41}}