{"train_loss": 0.1817832791874575, "_timestamp": 1697008676.0049083, "_runtime": 9.715988397598267, "_step": 44, "val_acc": 85.54913330078125, "_wandb": {"runtime": 9}}