{"train_loss": 0.04565680372463756, "_timestamp": 1697096268.702667, "_runtime": 23.925223112106323, "_step": 183, "val_acc": 85.54913330078125, "_wandb": {"runtime": 23}}