{"train_loss": 0.025052510605323628, "_timestamp": 1697115253.1451619, "_runtime": 35.502628803253174, "_step": 291, "val_acc": 85.54913330078125, "_wandb": {"runtime": 35}}