{"train_loss": 0.025296610560766312, "_timestamp": 1696986627.2762027, "_runtime": 42.71696972846985, "_step": 297, "val_acc": 88.4393081665039, "_wandb": {"runtime": 42}}