{"train_loss": 0.05770749469601744, "_timestamp": 1697122176.3014555, "_runtime": 20.67925238609314, "_step": 141, "val_acc": 83.81502532958984, "_wandb": {"runtime": 20}}