{"train_loss": 0.09561615234760698, "_timestamp": 1697002413.348835, "_runtime": 20.652944087982178, "_step": 128, "val_acc": 86.7052001953125, "_wandb": {"runtime": 20}}