{"train_loss": 0.19533507920108562, "_timestamp": 1697066105.8308423, "_runtime": 12.058292150497437, "_step": 60, "val_acc": 83.23699188232422, "_wandb": {"runtime": 11}}