{"train_loss": 0.05338569552919199, "_timestamp": 1697047655.7749064, "_runtime": 42.04044437408447, "_step": 297, "val_acc": 88.4393081665039, "_wandb": {"runtime": 41}}