{"train_loss": 1.1473580862200536, "_timestamp": 1697046455.2010252, "_runtime": 14.611542224884033, "_step": 96, "val_acc": 79.76878356933594, "_wandb": {"runtime": 14}}