{"train_loss": 0.04223631114596068, "_timestamp": 1697102773.7931266, "_runtime": 39.15998458862305, "_step": 281, "val_acc": 83.81502532958984, "_wandb": {"runtime": 38}}