{"train_loss": 0.031939875959895205, "_timestamp": 1696980970.8330207, "_runtime": 30.67183566093445, "_step": 248, "val_acc": 87.28323364257812, "_wandb": {"runtime": 30}}