{"train_loss": 0.08539087195991711, "_timestamp": 1697120546.9009986, "_runtime": 36.39612555503845, "_step": 258, "val_acc": 83.81502532958984, "_wandb": {"runtime": 35}}