{"train_loss": 0.27875584779783735, "_timestamp": 1697063322.1305528, "_runtime": 10.242302656173706, "_step": 48, "val_acc": 80.92485809326172, "_wandb": {"runtime": 9}}