{"train_loss": 0.07090978644149334, "_timestamp": 1697122120.999463, "_runtime": 17.525521993637085, "_step": 111, "val_acc": 86.12716674804688, "_wandb": {"runtime": 16}}