{"train_loss": 1.8337356570165078, "_timestamp": 1696906561.831107, "_runtime": 585.2979009151459, "_step": 14, "val_acc": 0.3815028965473175, "_wandb": {"runtime": 585}}