{"train_loss": 0.03840681680932988, "_timestamp": 1696975944.08944, "_runtime": 24.420841217041016, "_step": 189, "val_acc": 85.54913330078125, "_wandb": {"runtime": 24}}