{"train_loss": 0.042680974353272685, "_timestamp": 1697034647.3479438, "_runtime": 35.504639863967896, "_step": 245, "val_acc": 84.97109985351562, "_wandb": {"runtime": 35}}