{"train_loss": 0.16658006478534187, "_timestamp": 1697037339.7346013, "_runtime": 15.02370023727417, "_step": 84, "val_acc": 86.12716674804688, "_wandb": {"runtime": 14}}