{"train_loss": 0.2948609937935375, "_timestamp": 1697084244.093794, "_runtime": 7.4824440479278564, "_step": 30, "val_acc": 80.34681701660156, "_wandb": {"runtime": 7}}