{"train_loss": 0.07546486974109051, "_timestamp": 1697061396.105762, "_runtime": 18.082760095596313, "_step": 129, "val_acc": 84.39306640625, "_wandb": {"runtime": 17}}