{"train_loss": 0.16303346698107415, "_timestamp": 1697119161.4249153, "_runtime": 11.704723358154297, "_step": 60, "val_acc": 86.12716674804688, "_wandb": {"runtime": 11}}