{"train_loss": 0.08731005485927643, "_timestamp": 1697130279.9506388, "_runtime": 14.017338752746582, "_step": 90, "val_acc": 83.81502532958984, "_wandb": {"runtime": 13}}