{"train_loss": 0.15069218419240463, "_timestamp": 1697099651.8372908, "_runtime": 24.02653169631958, "_step": 155, "val_acc": 81.50289154052734, "_wandb": {"runtime": 23}}