{"train_loss": 0.17959666702636454, "_timestamp": 1696993148.6284106, "_runtime": 16.637906551361084, "_step": 95, "val_acc": 80.92485809326172, "_wandb": {"runtime": 16}}