{"train_loss": 0.04295579814027215, "_timestamp": 1697072009.1114807, "_runtime": 18.578572750091553, "_step": 134, "val_acc": 84.97109985351562, "_wandb": {"runtime": 18}}