{"train_loss": 0.06368835697689657, "_timestamp": 1697043250.123381, "_runtime": 39.464191913604736, "_step": 281, "val_acc": 83.23699188232422, "_wandb": {"runtime": 39}}