{"train_loss": 0.10058067219066542, "_timestamp": 1697009041.487385, "_runtime": 29.9171941280365, "_step": 206, "val_acc": 83.81502532958984, "_wandb": {"runtime": 29}}