{"train_loss": 0.0356979200340331, "_timestamp": 1697031528.1911135, "_runtime": 35.90921640396118, "_step": 296, "val_acc": 86.12716674804688, "_wandb": {"runtime": 35}}