{"train_loss": 0.29386072690317105, "_timestamp": 1697030160.5440445, "_runtime": 10.279281377792358, "_step": 48, "val_acc": 85.54913330078125, "_wandb": {"runtime": 9}}