{"train_loss": 0.02515749662280689, "_timestamp": 1696982233.4079804, "_runtime": 31.215367555618286, "_step": 251, "val_acc": 89.01734161376953, "_wandb": {"runtime": 30}}