{"train_loss": 0.04670527369477028, "_timestamp": 1697046530.910854, "_runtime": 38.4656400680542, "_step": 267, "val_acc": 87.28323364257812, "_wandb": {"runtime": 38}}