{"train_loss": 0.49344887428505474, "_timestamp": 1697129867.897189, "_runtime": 7.712957859039307, "_step": 32, "val_acc": 82.08092498779297, "_wandb": {"runtime": 7}}