{"train_loss": 0.09673836584294994, "_timestamp": 1697065458.641436, "_runtime": 30.56563115119934, "_step": 206, "val_acc": 90.17340850830078, "_wandb": {"runtime": 30}}