{"train_loss": 0.08229424306299797, "_timestamp": 1696976929.6887796, "_runtime": 15.889748573303223, "_step": 110, "val_acc": 86.12716674804688, "_wandb": {"runtime": 15}}