{"train_loss": 0.020370132467157187, "_timestamp": 1697058158.269041, "_runtime": 35.895946979522705, "_step": 294, "val_acc": 83.81502532958984, "_wandb": {"runtime": 35}}