{"train_loss": 0.12454454820646449, "_timestamp": 1697076239.862851, "_runtime": 14.918783903121948, "_step": 84, "val_acc": 83.81502532958984, "_wandb": {"runtime": 14}}