{"train_loss": 0.25674104101436085, "_timestamp": 1696998470.9950662, "_runtime": 8.207717180252075, "_step": 32, "val_acc": 84.97109985351562, "_wandb": {"runtime": 7}}