{"train_loss": 0.04998993015642343, "_timestamp": 1697016663.1675262, "_runtime": 29.0890212059021, "_step": 192, "val_acc": 82.6589584350586, "_wandb": {"runtime": 28}}