{"train_loss": 0.21205674215804698, "_timestamp": 1697101917.7658813, "_runtime": 9.861563205718994, "_step": 45, "val_acc": 83.23699188232422, "_wandb": {"runtime": 9}}