{"train_loss": 0.02741488532791304, "_timestamp": 1697023842.3392296, "_runtime": 33.82410168647766, "_step": 276, "val_acc": 85.54913330078125, "_wandb": {"runtime": 33}}