{"train_loss": 0.09637919653120429, "_timestamp": 1696978573.7743313, "_runtime": 12.78588342666626, "_step": 80, "val_acc": 86.7052001953125, "_wandb": {"runtime": 12}}