{"train_loss": 0.1082738860683559, "_timestamp": 1696976550.600766, "_runtime": 21.16184091567993, "_step": 135, "val_acc": 85.54913330078125, "_wandb": {"runtime": 20}}