{"train_loss": 0.11649122676097376, "_timestamp": 1697017877.830375, "_runtime": 14.620516061782837, "_step": 83, "val_acc": 84.39306640625, "_wandb": {"runtime": 14}}