{"train_loss": 3.311950368936672, "_timestamp": 1696884196.5260592, "_runtime": 302.9727871417999, "_step": 4, "_wandb": {"runtime": 302}}