{"train_loss": 0.10753521634141243, "_timestamp": 1697006655.9911363, "_runtime": 41.115835428237915, "_step": 291, "val_acc": 82.6589584350586, "_wandb": {"runtime": 40}}