{"train_loss": 0.1765397825646539, "_timestamp": 1697038097.57504, "_runtime": 15.695592164993286, "_step": 89, "val_acc": 85.54913330078125, "_wandb": {"runtime": 15}}