{"train_loss": 0.02756841497111329, "_timestamp": 1697013364.7666438, "_runtime": 35.94353175163269, "_step": 296, "val_acc": 88.4393081665039, "_wandb": {"runtime": 35}}