{"train_loss": 0.07711020478745922, "_timestamp": 1697123273.8882248, "_runtime": 35.857637882232666, "_step": 233, "val_acc": 82.6589584350586, "_wandb": {"runtime": 35}}