{"train_loss": 3.314746817184049, "_timestamp": 1696840758.1639519, "_runtime": 591.9682948589325, "_step": 9, "_wandb": {"runtime": 604}}