{"train_loss": 0.05355521303948101, "_timestamp": 1696976013.913146, "_runtime": 20.64315390586853, "_step": 155, "val_acc": 83.23699188232422, "_wandb": {"runtime": 20}}