{"train_loss": 0.03275296628356066, "_timestamp": 1697119222.9330971, "_runtime": 26.494574069976807, "_step": 209, "val_acc": 85.54913330078125, "_wandb": {"runtime": 26}}