{"train_loss": 0.04928863691815803, "_timestamp": 1696979205.077718, "_runtime": 25.781831979751587, "_step": 200, "val_acc": 86.7052001953125, "_wandb": {"runtime": 25}}