{"train_loss": 0.83124865346194, "_timestamp": 1696959770.297713, "_runtime": 879.9425909519196, "_step": 21, "val_acc": 0.7109826803207397, "_wandb": {"runtime": 879}}