{"train_loss": 0.10628964933891628, "_timestamp": 1697015498.932354, "_runtime": 31.649370908737183, "_step": 254, "val_acc": 83.23699188232422, "_wandb": {"runtime": 31}}