{"train_loss": 0.06746135919955884, "_timestamp": 1696987599.7002895, "_runtime": 41.463860511779785, "_step": 285, "val_acc": 84.97109985351562, "_wandb": {"runtime": 41}}