{"train_loss": 0.06706082054852443, "_timestamp": 1697063696.5997555, "_runtime": 27.00058650970459, "_step": 180, "val_acc": 84.39306640625, "_wandb": {"runtime": 26}}