{"train_loss": 0.04256387879573848, "_timestamp": 1697109064.14642, "_runtime": 28.052206993103027, "_step": 224, "val_acc": 87.28323364257812, "_wandb": {"runtime": 27}}