{"train_loss": 0.04056023617158644, "_timestamp": 1697091806.678175, "_runtime": 42.11984896659851, "_step": 299, "val_acc": 86.12716674804688, "_wandb": {"runtime": 41}}