{"train_loss": 0.02916032079130758, "_timestamp": 1697107508.7425773, "_runtime": 26.937799215316772, "_step": 215, "val_acc": 89.01734161376953, "_wandb": {"runtime": 26}}