{"train_loss": 0.025990303238951275, "_timestamp": 1697050955.7507384, "_runtime": 19.623324394226074, "_step": 143, "val_acc": 85.54913330078125, "_wandb": {"runtime": 19}}