{"train_loss": 0.049692520698489145, "_timestamp": 1697017427.364505, "_runtime": 21.762153148651123, "_step": 161, "val_acc": 86.12716674804688, "_wandb": {"runtime": 21}}