{"train_loss": 2.1136158815650052, "_timestamp": 1697082590.4693284, "_runtime": 17.195993423461914, "_step": 102, "val_acc": 72.25433349609375, "_wandb": {"runtime": 16}}