{"train_loss": 0.11579371401282071, "_timestamp": 1697102035.6392252, "_runtime": 23.716410160064697, "_step": 156, "val_acc": 83.23699188232422, "_wandb": {"runtime": 23}}