{"train_loss": 0.07515904527200862, "_timestamp": 1696993244.1064334, "_runtime": 19.116640329360962, "_step": 134, "val_acc": 87.86127471923828, "_wandb": {"runtime": 18}}