{"train_loss": 0.09000413341523517, "_timestamp": 1697049903.7580662, "_runtime": 33.70398211479187, "_step": 228, "val_acc": 82.6589584350586, "_wandb": {"runtime": 33}}