{"train_loss": 1.9211410977119623, "_timestamp": 1697083895.3577006, "_runtime": 19.48727560043335, "_step": 119, "val_acc": 72.25433349609375, "_wandb": {"runtime": 19}}