{"train_loss": 0.2225522745487302, "_timestamp": 1697053535.1541512, "_runtime": 12.671582221984863, "_step": 68, "val_acc": 83.23699188232422, "_wandb": {"runtime": 12}}