{"train_loss": 0.16317112717864124, "_timestamp": 1696994169.1140442, "_runtime": 8.689128160476685, "_step": 39, "val_acc": 82.08092498779297, "_wandb": {"runtime": 8}}