{"train_loss": 0.09061925116991408, "_timestamp": 1697008950.0582922, "_runtime": 15.871623039245605, "_step": 107, "val_acc": 85.54913330078125, "_wandb": {"runtime": 15}}