{"train_loss": 0.025798831070058568, "_timestamp": 1697047162.0022006, "_runtime": 23.956318616867065, "_step": 185, "val_acc": 85.54913330078125, "_wandb": {"runtime": 23}}