{"train_loss": 0.05052684664423036, "_timestamp": 1697097078.2972078, "_runtime": 23.597362756729126, "_step": 179, "val_acc": 85.54913330078125, "_wandb": {"runtime": 23}}