{"train_loss": NaN, "_timestamp": 1696815353.4158103, "_runtime": 876.0602583885193, "_step": 14, "_wandb": {"runtime": 875}}