{"train_loss": 0.045224870923300124, "_timestamp": 1697073678.878163, "_runtime": 26.820699214935303, "_step": 209, "val_acc": 87.28323364257812, "_wandb": {"runtime": 26}}