{"train_loss": 0.046749108758968906, "_timestamp": 1697069580.9959335, "_runtime": 38.46639561653137, "_step": 276, "val_acc": 81.50289154052734, "_wandb": {"runtime": 38}}