{"train_loss": 0.02304687977735993, "_timestamp": 1697096744.1363382, "_runtime": 35.55230927467346, "_step": 294, "val_acc": 86.12716674804688, "_wandb": {"runtime": 35}}