{"train_loss": 0.05876928537564222, "_timestamp": 1696972573.5835466, "_runtime": 20.489896535873413, "_step": 144, "val_acc": 86.7052001953125, "_wandb": {"runtime": 19}}