{"train_loss": 0.03513570868499512, "_timestamp": 1697043541.6571836, "_runtime": 30.26823663711548, "_step": 206, "val_acc": 85.54913330078125, "_wandb": {"runtime": 29}}