{"train_loss": 0.0785376438871026, "_timestamp": 1696979963.8992865, "_runtime": 21.571460485458374, "_step": 162, "val_acc": 85.54913330078125, "_wandb": {"runtime": 21}}