{"train_loss": 0.05749055195253256, "_timestamp": 1696977875.961847, "_runtime": 25.197170972824097, "_step": 165, "val_acc": 82.6589584350586, "_wandb": {"runtime": 24}}