{"train_loss": 0.2591700057477452, "_timestamp": 1697020967.2167935, "_runtime": 9.38774847984314, "_step": 42, "val_acc": 84.97109985351562, "_wandb": {"runtime": 9}}