{"train_loss": 0.07250656286081256, "_timestamp": 1697102377.6635492, "_runtime": 14.445832252502441, "_step": 96, "val_acc": 86.7052001953125, "_wandb": {"runtime": 14}}