{"train_loss": 0.18052965597531132, "_timestamp": 1697067042.3625941, "_runtime": 10.418325185775757, "_step": 48, "val_acc": 87.28323364257812, "_wandb": {"runtime": 10}}