{"train_loss": 0.054357879914256724, "_timestamp": 1696999138.8795264, "_runtime": 29.889732360839844, "_step": 236, "val_acc": 87.86127471923828, "_wandb": {"runtime": 29}}