{"train_loss": 0.10577315416425294, "_timestamp": 1696998565.0786602, "_runtime": 14.46575927734375, "_step": 80, "val_acc": 85.54913330078125, "_wandb": {"runtime": 14}}