{"train_loss": 0.1186619607601748, "_timestamp": 1697008274.7914412, "_runtime": 10.512323141098022, "_step": 60, "val_acc": 85.54913330078125, "_wandb": {"runtime": 10}}