{"train_loss": 0.09627146849971871, "_timestamp": 1697016124.358591, "_runtime": 34.32325506210327, "_step": 278, "val_acc": 85.54913330078125, "_wandb": {"runtime": 33}}