{"train_loss": 0.15042627382980184, "_timestamp": 1697024149.0583742, "_runtime": 16.09155821800232, "_step": 93, "val_acc": 86.7052001953125, "_wandb": {"runtime": 15}}