{"train_loss": 0.0869997911653373, "_timestamp": 1696986803.274093, "_runtime": 18.09063696861267, "_step": 102, "val_acc": 87.28323364257812, "_wandb": {"runtime": 17}}