{"train_loss": 0.052887085619447535, "_timestamp": 1697098554.5358305, "_runtime": 19.38297152519226, "_step": 143, "val_acc": 86.7052001953125, "_wandb": {"runtime": 19}}