{"train_loss": 0.12132896956321675, "_timestamp": 1697008545.3287125, "_runtime": 28.163907527923584, "_step": 189, "val_acc": 84.39306640625, "_wandb": {"runtime": 27}}