{"train_loss": 0.12824542589112034, "_timestamp": 1697027796.0038085, "_runtime": 19.97391653060913, "_step": 125, "val_acc": 82.08092498779297, "_wandb": {"runtime": 19}}