{"train_loss": 0.1317524841964938, "_timestamp": 1697055093.812951, "_runtime": 16.0318500995636, "_step": 93, "val_acc": 83.23699188232422, "_wandb": {"runtime": 15}}