{"train_loss": 0.06312361405079447, "_timestamp": 1697032035.0377514, "_runtime": 15.737810373306274, "_step": 108, "val_acc": 85.54913330078125, "_wandb": {"runtime": 15}}