{"train_loss": 0.0715554084975359, "_timestamp": 1697117015.270238, "_runtime": 18.45975685119629, "_step": 132, "val_acc": 84.39306640625, "_wandb": {"runtime": 17}}