{"train_loss": 0.044733110938470294, "_timestamp": 1697032270.745317, "_runtime": 34.710160970687866, "_step": 240, "val_acc": 89.59537506103516, "_wandb": {"runtime": 34}}