{"train_loss": 0.05750414178988268, "_timestamp": 1697086809.473518, "_runtime": 21.47002100944519, "_step": 161, "val_acc": 84.97109985351562, "_wandb": {"runtime": 21}}