{"train_loss": 0.23159182834070782, "_timestamp": 1697110643.0036519, "_runtime": 7.571579933166504, "_step": 32, "val_acc": 86.7052001953125, "_wandb": {"runtime": 7}}