{"train_loss": 0.1205250794761056, "_timestamp": 1697028912.045888, "_runtime": 13.35526704788208, "_step": 86, "val_acc": 83.81502532958984, "_wandb": {"runtime": 12}}