{"train_loss": 0.06082500389582196, "_timestamp": 1696994068.6864974, "_runtime": 21.46785855293274, "_step": 158, "val_acc": 84.39306640625, "_wandb": {"runtime": 21}}