{"train_loss": 0.029983458938997586, "_timestamp": 1697088004.2927134, "_runtime": 31.03931736946106, "_step": 252, "val_acc": 86.12716674804688, "_wandb": {"runtime": 30}}