{"train_loss": 0.1202989173403313, "_timestamp": 1697061016.214395, "_runtime": 14.39999008178711, "_step": 81, "val_acc": 86.7052001953125, "_wandb": {"runtime": 14}}