{"train_loss": 0.036874654164082955, "_timestamp": 1697009589.5663254, "_runtime": 35.15367650985718, "_step": 288, "val_acc": 84.39306640625, "_wandb": {"runtime": 34}}