{"train_loss": 0.148573124456371, "_timestamp": 1696986952.5239043, "_runtime": 16.981720209121704, "_step": 99, "val_acc": 82.08092498779297, "_wandb": {"runtime": 16}}