{"train_loss": 0.07919742655398887, "_timestamp": 1697030736.4296083, "_runtime": 23.617013454437256, "_step": 153, "val_acc": 85.54913330078125, "_wandb": {"runtime": 23}}