{"train_loss": 0.04654685946839299, "_timestamp": 1697108610.7196653, "_runtime": 34.31142520904541, "_step": 243, "val_acc": 85.54913330078125, "_wandb": {"runtime": 33}}