{"train_loss": 0.07185174680726472, "_timestamp": 1697007744.8447478, "_runtime": 18.433006763458252, "_step": 134, "val_acc": 86.7052001953125, "_wandb": {"runtime": 18}}