{"train_loss": 0.07072112829489417, "_timestamp": 1697070358.8761332, "_runtime": 19.14474129676819, "_step": 120, "val_acc": 83.81502532958984, "_wandb": {"runtime": 18}}