{"train_loss": 3.419236565052077, "_timestamp": 1696892444.4652336, "_runtime": 905.1672575473785, "_step": 14, "_wandb": {"runtime": 904}}