{"train_loss": 0.05121348985893175, "_timestamp": 1697054111.9520743, "_runtime": 41.71607232093811, "_step": 294, "val_acc": 84.97109985351562, "_wandb": {"runtime": 41}}