{"train_loss": 0.11825288134778655, "_timestamp": 1697030577.5902178, "_runtime": 14.606230735778809, "_step": 83, "val_acc": 84.97109985351562, "_wandb": {"runtime": 14}}