{"train_loss": 1.3083561799015742, "_timestamp": 1696967716.7824852, "_runtime": 875.2082211971283, "_step": 21, "val_acc": 0.47398844361305237, "_wandb": {"runtime": 874}}