{"train_loss": 0.09614052330576923, "_timestamp": 1697112575.4871728, "_runtime": 28.4999577999115, "_step": 191, "val_acc": 85.54913330078125, "_wandb": {"runtime": 28}}