{"train_loss": 0.06267529823492433, "_timestamp": 1697018252.4703248, "_runtime": 21.751895666122437, "_step": 165, "val_acc": 88.4393081665039, "_wandb": {"runtime": 21}}