{"train_loss": 0.0800897648861242, "_timestamp": 1697064630.9822202, "_runtime": 15.69183611869812, "_step": 107, "val_acc": 84.97109985351562, "_wandb": {"runtime": 15}}