{"train_loss": 0.08359172883400218, "_timestamp": 1696978004.620544, "_runtime": 25.793827056884766, "_step": 171, "val_acc": 84.97109985351562, "_wandb": {"runtime": 25}}