{"train_loss": 0.05266080211934655, "_timestamp": 1697068848.2959733, "_runtime": 21.751991271972656, "_step": 164, "val_acc": 87.86127471923828, "_wandb": {"runtime": 21}}