{"train_loss": 0.06205538943610262, "_timestamp": 1696983342.1064453, "_runtime": 40.8728814125061, "_step": 290, "val_acc": 84.39306640625, "_wandb": {"runtime": 40}}