{"train_loss": 0.15475048116126724, "_timestamp": 1697119471.9894214, "_runtime": 12.352566480636597, "_step": 75, "val_acc": 85.54913330078125, "_wandb": {"runtime": 11}}