{"train_loss": 0.13973156254478666, "_timestamp": 1697117835.50666, "_runtime": 16.314434051513672, "_step": 96, "val_acc": 83.23699188232422, "_wandb": {"runtime": 15}}