{"train_loss": 0.06355321542684768, "_timestamp": 1697085698.125718, "_runtime": 18.528486013412476, "_step": 134, "val_acc": 84.97109985351562, "_wandb": {"runtime": 18}}