{"train_loss": 0.0428268707771569, "_timestamp": 1697115900.9942763, "_runtime": 35.34519934654236, "_step": 248, "val_acc": 86.12716674804688, "_wandb": {"runtime": 34}}