{"train_loss": 0.11947581113511047, "_timestamp": 1697003471.1140954, "_runtime": 13.958430528640747, "_step": 75, "val_acc": 81.50289154052734, "_wandb": {"runtime": 13}}