{"train_loss": 1.1725381072177443, "_timestamp": 1697055339.2302814, "_runtime": 13.220773458480835, "_step": 84, "val_acc": 82.6589584350586, "_wandb": {"runtime": 12}}