{"train_loss": 0.17941701196697216, "_timestamp": 1696984277.3354545, "_runtime": 14.159589529037476, "_step": 74, "val_acc": 82.6589584350586, "_wandb": {"runtime": 13}}