{"train_loss": 0.05479235830175322, "_timestamp": 1697092862.7314658, "_runtime": 20.849669933319092, "_step": 155, "val_acc": 84.39306640625, "_wandb": {"runtime": 20}}