{"train_loss": 0.24730243906378746, "_timestamp": 1697058944.1027842, "_runtime": 10.236395120620728, "_step": 47, "val_acc": 84.97109985351562, "_wandb": {"runtime": 9}}