{"train_loss": 0.07061379044425002, "_timestamp": 1697004063.9596634, "_runtime": 19.675321340560913, "_step": 144, "val_acc": 86.12716674804688, "_wandb": {"runtime": 19}}