{"train_loss": 0.020196832349621364, "_timestamp": 1696994699.0380845, "_runtime": 40.03208541870117, "_step": 272, "val_acc": 83.23699188232422, "_wandb": {"runtime": 39}}