{"train_loss": 0.12560974364168942, "_timestamp": 1697016241.6314173, "_runtime": 17.9968101978302, "_step": 108, "val_acc": 84.97109985351562, "_wandb": {"runtime": 17}}