{"train_loss": 0.03421629362111522, "_timestamp": 1697026778.080735, "_runtime": 28.240778923034668, "_step": 227, "val_acc": 85.54913330078125, "_wandb": {"runtime": 27}}