{"train_loss": 0.290108592704285, "_timestamp": 1697063717.5254376, "_runtime": 11.883952617645264, "_step": 72, "val_acc": 84.39306640625, "_wandb": {"runtime": 11}}