{"train_loss": 0.0643302253691133, "_timestamp": 1697049785.7474132, "_runtime": 39.58749222755432, "_step": 281, "val_acc": 83.81502532958984, "_wandb": {"runtime": 39}}