{"train_loss": 0.16016093512109025, "_timestamp": 1697071538.0658343, "_runtime": 17.39087224006653, "_step": 104, "val_acc": 83.81502532958984, "_wandb": {"runtime": 16}}