{"train_loss": 0.056908403149654355, "_timestamp": 1697122908.5963597, "_runtime": 18.01999282836914, "_step": 119, "val_acc": 87.86127471923828, "_wandb": {"runtime": 17}}