{"train_loss": 0.15679920804253672, "_timestamp": 1697043652.6778286, "_runtime": 32.419652462005615, "_step": 221, "val_acc": 86.7052001953125, "_wandb": {"runtime": 32}}