{"train_loss": 0.07564247638626068, "_timestamp": 1697053784.3310943, "_runtime": 33.6582133769989, "_step": 233, "val_acc": 85.54913330078125, "_wandb": {"runtime": 33}}