{"train_loss": 0.04595645642324979, "_timestamp": 1697079201.0093071, "_runtime": 27.766746044158936, "_step": 182, "val_acc": 86.7052001953125, "_wandb": {"runtime": 26}}