{"train_loss": 0.12942759326637485, "_timestamp": 1697081358.6738594, "_runtime": 10.093569278717041, "_step": 54, "val_acc": 83.23699188232422, "_wandb": {"runtime": 9}}