{"train_loss": 0.07212375170486264, "_timestamp": 1697061595.1541173, "_runtime": 21.69272541999817, "_step": 135, "val_acc": 84.39306640625, "_wandb": {"runtime": 21}}