{"train_loss": 0.07885187703927947, "_timestamp": 1697027955.862169, "_runtime": 41.07182192802429, "_step": 296, "val_acc": 87.28323364257812, "_wandb": {"runtime": 40}}