{"train_loss": 3.4342594091282335, "_timestamp": 1696898822.265303, "_runtime": 296.88243198394775, "_step": 4, "_wandb": {"runtime": 296}}