{"train_loss": 0.06637523995799034, "_timestamp": 1696984999.3393805, "_runtime": 17.95003342628479, "_step": 105, "val_acc": 84.97109985351562, "_wandb": {"runtime": 17}}