{"train_loss": 0.15180705401634928, "_timestamp": 1697079489.5041857, "_runtime": 22.764496564865112, "_step": 147, "val_acc": 81.50289154052734, "_wandb": {"runtime": 22}}