{"train_loss": 0.17268486755228665, "_timestamp": 1697092254.85548, "_runtime": 16.591438055038452, "_step": 98, "val_acc": 84.97109985351562, "_wandb": {"runtime": 15}}