{"train_loss": 0.0985965299918208, "_timestamp": 1697021500.7521567, "_runtime": 22.87750768661499, "_step": 147, "val_acc": 85.54913330078125, "_wandb": {"runtime": 22}}