{"train_loss": 0.28319336790158306, "_timestamp": 1697128380.7493293, "_runtime": 9.88655424118042, "_step": 45, "val_acc": 85.54913330078125, "_wandb": {"runtime": 9}}