{"train_loss": 0.1024029704005739, "_timestamp": 1696995190.428069, "_runtime": 22.47151517868042, "_step": 140, "val_acc": 85.54913330078125, "_wandb": {"runtime": 22}}