{"train_loss": 0.10794537083440742, "_timestamp": 1696989572.7377715, "_runtime": 12.757797479629517, "_step": 78, "val_acc": 83.81502532958984, "_wandb": {"runtime": 12}}