{"train_loss": 0.25551454081784847, "_timestamp": 1697033821.9862397, "_runtime": 7.876795768737793, "_step": 33, "val_acc": 84.39306640625, "_wandb": {"runtime": 7}}