{"train_loss": 1.176398361838141, "_timestamp": 1697097562.0493655, "_runtime": 12.580930471420288, "_step": 78, "val_acc": 78.03468322753906, "_wandb": {"runtime": 12}}