{"train_loss": 0.05919446497289247, "_timestamp": 1696992632.4254558, "_runtime": 20.401293754577637, "_step": 147, "val_acc": 83.23699188232422, "_wandb": {"runtime": 20}}