{"train_loss": 0.051558491622292715, "_timestamp": 1697091594.5675197, "_runtime": 36.04558563232422, "_step": 297, "val_acc": 86.12716674804688, "_wandb": {"runtime": 35}}