{"train_loss": 0.06540931493915661, "_timestamp": 1697016361.563369, "_runtime": 40.241729974746704, "_step": 279, "val_acc": 84.97109985351562, "_wandb": {"runtime": 39}}