{"train_loss": 0.036007204254125354, "_timestamp": 1696989097.4743948, "_runtime": 31.637364864349365, "_step": 248, "val_acc": 89.01734161376953, "_wandb": {"runtime": 31}}