{"train_loss": 0.10494350250620871, "_timestamp": 1697073928.3027806, "_runtime": 23.428136587142944, "_step": 149, "val_acc": 87.28323364257812, "_wandb": {"runtime": 23}}