{"train_loss": 0.08534571835310957, "_timestamp": 1697121216.7804198, "_runtime": 33.0073299407959, "_step": 221, "val_acc": 83.23699188232422, "_wandb": {"runtime": 32}}