{"train_loss": 0.06324613223198888, "_timestamp": 1697045971.4212239, "_runtime": 22.110821962356567, "_step": 167, "val_acc": 83.23699188232422, "_wandb": {"runtime": 21}}