{"train_loss": 0.08876033596353346, "_timestamp": 1697086335.4486256, "_runtime": 37.39962553977966, "_step": 264, "val_acc": 82.6589584350586, "_wandb": {"runtime": 37}}