{"train_loss": 0.3368085338625797, "_timestamp": 1697126558.0124743, "_runtime": 23.779802322387695, "_step": 182, "val_acc": 83.23699188232422, "_wandb": {"runtime": 23}}