{"train_loss": 0.3218155704265417, "_timestamp": 1697024476.3838403, "_runtime": 18.303685426712036, "_step": 131, "val_acc": 83.81502532958984, "_wandb": {"runtime": 17}}