{"train_loss": 0.04556572248855995, "_timestamp": 1696994005.3485553, "_runtime": 25.06072735786438, "_step": 189, "val_acc": 87.28323364257812, "_wandb": {"runtime": 24}}