{"train_loss": 0.028217467765031427, "_timestamp": 1697109299.6233308, "_runtime": 30.364964723587036, "_step": 246, "val_acc": 85.54913330078125, "_wandb": {"runtime": 30}}