{"train_loss": 0.12916518108875946, "_timestamp": 1696994229.9399874, "_runtime": 17.987207412719727, "_step": 105, "val_acc": 84.97109985351562, "_wandb": {"runtime": 17}}