{"train_loss": 0.14023856610752816, "_timestamp": 1696979865.3815558, "_runtime": 10.598652839660645, "_step": 59, "val_acc": 84.39306640625, "_wandb": {"runtime": 10}}