{"train_loss": 0.02892311894183242, "_timestamp": 1697061637.7140176, "_runtime": 33.18739461898804, "_step": 272, "val_acc": 86.12716674804688, "_wandb": {"runtime": 32}}