{"train_loss": 0.1676189744368542, "_timestamp": 1697092345.46953, "_runtime": 14.435153007507324, "_step": 83, "val_acc": 86.12716674804688, "_wandb": {"runtime": 14}}