{"train_loss": 0.07245353620152833, "_timestamp": 1697017788.8552969, "_runtime": 18.377100944519043, "_step": 131, "val_acc": 83.81502532958984, "_wandb": {"runtime": 18}}