{"train_loss": 0.0748792341368836, "_timestamp": 1697010726.64564, "_runtime": 19.647825956344604, "_step": 144, "val_acc": 86.12716674804688, "_wandb": {"runtime": 19}}