{"train_loss": 0.13351172705852363, "_timestamp": 1697006205.1758826, "_runtime": 21.469409465789795, "_step": 138, "val_acc": 82.6589584350586, "_wandb": {"runtime": 21}}