{"train_loss": 3.295993912012078, "_timestamp": 1696947299.0685358, "_runtime": 873.0518908500671, "_step": 21, "val_acc": 0.04624277353286743, "_wandb": {"runtime": 872}}