{"train_loss": 0.08343977446472922, "_timestamp": 1696982513.6821518, "_runtime": 16.072803735733032, "_step": 111, "val_acc": 86.7052001953125, "_wandb": {"runtime": 15}}