{"train_loss": 0.14871153157464292, "_timestamp": 1697012212.0976655, "_runtime": 16.170239448547363, "_step": 111, "val_acc": 85.54913330078125, "_wandb": {"runtime": 15}}