{"train_loss": 0.1462026482751203, "_timestamp": 1697063807.4154277, "_runtime": 13.076734781265259, "_step": 71, "val_acc": 84.97109985351562, "_wandb": {"runtime": 12}}