{"train_loss": 0.04246916404659968, "_timestamp": 1697122843.0178494, "_runtime": 40.136457443237305, "_step": 258, "val_acc": 83.81502532958984, "_wandb": {"runtime": 39}}