{"acc": 0.8806833582153604, "loss": 0.09900471537066456, "_timestamp": 1696805873.6814058, "_runtime": 3.33821177482605, "_step": 7, "_wandb": {"runtime": 2}}