{"train_loss": 0.05912716083261076, "_timestamp": 1696975396.6766021, "_runtime": 34.06324815750122, "_step": 239, "val_acc": 84.39306640625, "_wandb": {"runtime": 33}}