{"train_loss": 0.4996670304342758, "_timestamp": 1697053184.8187802, "_runtime": 7.947015285491943, "_step": 35, "val_acc": 80.92485809326172, "_wandb": {"runtime": 7}}