{"train_loss": 0.14953439315607728, "_timestamp": 1697060338.0996695, "_runtime": 23.167532444000244, "_step": 149, "val_acc": 78.61271667480469, "_wandb": {"runtime": 22}}