{"train_loss": 0.08885688700734876, "_timestamp": 1697118642.1185448, "_runtime": 30.018216848373413, "_step": 204, "val_acc": 84.39306640625, "_wandb": {"runtime": 29}}