{"train_loss": 0.030720944621946748, "_timestamp": 1697097841.8467112, "_runtime": 29.389981269836426, "_step": 236, "val_acc": 85.54913330078125, "_wandb": {"runtime": 29}}