{"train_loss": 0.06408730718350514, "_timestamp": 1697007055.3518252, "_runtime": 24.249300241470337, "_step": 158, "val_acc": 85.54913330078125, "_wandb": {"runtime": 23}}