{"train_loss": NaN, "_timestamp": 1696824102.0413961, "_runtime": 292.3399932384491, "_step": 4, "_wandb": {"runtime": 291}}