{"train_loss": 0.04713479241053032, "_timestamp": 1697086574.9103057, "_runtime": 23.910391807556152, "_step": 183, "val_acc": 85.54913330078125, "_wandb": {"runtime": 23}}