{"train_loss": 0.11760592415149129, "_timestamp": 1697126647.3398802, "_runtime": 14.781825304031372, "_step": 99, "val_acc": 89.01734161376953, "_wandb": {"runtime": 14}}