{"train_loss": 0.1583239349081766, "_timestamp": 1697086747.0654824, "_runtime": 20.869256496429443, "_step": 131, "val_acc": 84.97109985351562, "_wandb": {"runtime": 20}}