{"train_loss": 0.0383224239664932, "_timestamp": 1697124804.0573783, "_runtime": 31.111863374710083, "_step": 212, "val_acc": 85.54913330078125, "_wandb": {"runtime": 30}}