{"train_loss": 0.17904878013529058, "_timestamp": 1697055268.7161844, "_runtime": 14.817765474319458, "_step": 84, "val_acc": 83.81502532958984, "_wandb": {"runtime": 14}}