{"train_loss": 0.21186417999655702, "_timestamp": 1697004958.1589835, "_runtime": 13.658486366271973, "_step": 74, "val_acc": 87.86127471923828, "_wandb": {"runtime": 13}}