{"train_loss": 0.09120682900944768, "_timestamp": 1697094468.577448, "_runtime": 22.65386700630188, "_step": 173, "val_acc": 86.7052001953125, "_wandb": {"runtime": 22}}