{"train_loss": 0.20122245660181656, "_timestamp": 1697031940.490029, "_runtime": 9.045884132385254, "_step": 45, "val_acc": 86.12716674804688, "_wandb": {"runtime": 8}}