{"train_loss": 0.1400605496668885, "_timestamp": 1696977647.018474, "_runtime": 12.277896165847778, "_step": 65, "val_acc": 85.54913330078125, "_wandb": {"runtime": 11}}