{"train_loss": 0.0570195313694692, "_timestamp": 1697129325.2767787, "_runtime": 18.752362728118896, "_step": 137, "val_acc": 84.97109985351562, "_wandb": {"runtime": 18}}