{"train_loss": 0.07350149761538866, "_timestamp": 1697007490.7191777, "_runtime": 22.887860774993896, "_step": 144, "val_acc": 84.39306640625, "_wandb": {"runtime": 22}}