{"train_loss": 0.14088799541296307, "_timestamp": 1697090259.620094, "_runtime": 31.322638034820557, "_step": 213, "val_acc": 86.12716674804688, "_wandb": {"runtime": 30}}