{"train_loss": 0.04142670825443252, "_timestamp": 1697067162.1819255, "_runtime": 27.20276165008545, "_step": 216, "val_acc": 87.86127471923828, "_wandb": {"runtime": 26}}