{"train_loss": 0.06274362966732316, "_timestamp": 1697050530.284809, "_runtime": 34.98642110824585, "_step": 246, "val_acc": 89.01734161376953, "_wandb": {"runtime": 34}}