{"train_loss": NaN, "_timestamp": 1696835618.2633402, "_runtime": 292.82656812667847, "_step": 4, "_wandb": {"runtime": 292}}