{"train_loss": 0.13033880901977765, "_timestamp": 1697106305.3563254, "_runtime": 11.003517389297485, "_step": 65, "val_acc": 82.6589584350586, "_wandb": {"runtime": 10}}