{"train_loss": 0.07278391414018738, "_timestamp": 1697126117.4502304, "_runtime": 17.3822762966156, "_step": 104, "val_acc": 85.54913330078125, "_wandb": {"runtime": 17}}