{"train_loss": 0.035865479419657655, "_timestamp": 1697035948.100302, "_runtime": 26.559918880462646, "_step": 212, "val_acc": 86.7052001953125, "_wandb": {"runtime": 26}}