{"train_loss": 0.04842973950448944, "_timestamp": 1697000329.477738, "_runtime": 27.646816968917847, "_step": 183, "val_acc": 82.08092498779297, "_wandb": {"runtime": 27}}