{"train_loss": 0.11542738455369375, "_timestamp": 1697068938.120597, "_runtime": 13.60355281829834, "_step": 74, "val_acc": 83.23699188232422, "_wandb": {"runtime": 13}}