{"train_loss": 0.06063558577308106, "_timestamp": 1697090601.7827969, "_runtime": 38.25528693199158, "_step": 270, "val_acc": 85.54913330078125, "_wandb": {"runtime": 37}}