{"train_loss": 0.053567135251711966, "_timestamp": 1697045550.734698, "_runtime": 18.166172981262207, "_step": 129, "val_acc": 84.39306640625, "_wandb": {"runtime": 17}}