{"train_loss": 0.13165919882310337, "_timestamp": 1697122713.4274309, "_runtime": 18.978287935256958, "_step": 107, "val_acc": 83.23699188232422, "_wandb": {"runtime": 18}}