{"train_loss": 0.02929033692059822, "_timestamp": 1697097429.1420443, "_runtime": 24.00889229774475, "_step": 188, "val_acc": 87.86127471923828, "_wandb": {"runtime": 23}}