{"train_loss": 0.029807280605593914, "_timestamp": 1697047698.9251094, "_runtime": 33.78134632110596, "_step": 276, "val_acc": 88.4393081665039, "_wandb": {"runtime": 33}}