{"train_loss": 0.029092912984535445, "_timestamp": 1696997369.6859715, "_runtime": 21.44284439086914, "_step": 159, "val_acc": 84.39306640625, "_wandb": {"runtime": 21}}