{"train_loss": 0.06081159169200894, "_timestamp": 1697035843.2153702, "_runtime": 14.434571266174316, "_step": 96, "val_acc": 86.12716674804688, "_wandb": {"runtime": 14}}