{"train_loss": 0.03645615749024558, "_timestamp": 1697007534.049767, "_runtime": 35.3729031085968, "_step": 245, "val_acc": 84.39306640625, "_wandb": {"runtime": 34}}