{"train_loss": 0.10555048628850992, "_timestamp": 1697074444.125985, "_runtime": 17.091466903686523, "_step": 120, "val_acc": 85.54913330078125, "_wandb": {"runtime": 16}}