{"train_loss": 0.05600542683414249, "_timestamp": 1697127817.129317, "_runtime": 24.48905897140503, "_step": 156, "val_acc": 84.39306640625, "_wandb": {"runtime": 24}}