{"train_loss": 0.06382983030621396, "_timestamp": 1697095920.2025979, "_runtime": 25.897175788879395, "_step": 203, "val_acc": 86.12716674804688, "_wandb": {"runtime": 25}}