{"train_loss": 0.05310153961384691, "_timestamp": 1697058538.8566177, "_runtime": 33.94327259063721, "_step": 279, "val_acc": 87.86127471923828, "_wandb": {"runtime": 33}}