{"train_loss": 0.0887176466964965, "_timestamp": 1697088520.634024, "_runtime": 20.12425994873047, "_step": 125, "val_acc": 85.54913330078125, "_wandb": {"runtime": 19}}