{"train_loss": 0.08670199104296422, "_timestamp": 1697097023.755833, "_runtime": 36.06618881225586, "_step": 254, "val_acc": 83.23699188232422, "_wandb": {"runtime": 35}}