{"train_loss": 0.07546125521320243, "_timestamp": 1697032608.9829175, "_runtime": 18.374268531799316, "_step": 131, "val_acc": 86.12716674804688, "_wandb": {"runtime": 17}}