{"train_loss": 0.09977151800845858, "_timestamp": 1696981336.8072193, "_runtime": 22.255221366882324, "_step": 140, "val_acc": 85.54913330078125, "_wandb": {"runtime": 21}}