{"train_loss": 0.7756404502447262, "_timestamp": 1697012402.891929, "_runtime": 11.128978967666626, "_step": 63, "val_acc": 82.6589584350586, "_wandb": {"runtime": 10}}