{"train_loss": 0.0923650204041583, "_timestamp": 1697119923.3276796, "_runtime": 17.48136568069458, "_step": 107, "val_acc": 84.97109985351562, "_wandb": {"runtime": 17}}