{"train_loss": 0.09270678904600614, "_timestamp": 1697075426.3852162, "_runtime": 20.650574207305908, "_step": 156, "val_acc": 84.39306640625, "_wandb": {"runtime": 20}}