{"train_loss": 0.16892408627237, "_timestamp": 1697075907.6467483, "_runtime": 10.037842273712158, "_step": 45, "val_acc": 84.39306640625, "_wandb": {"runtime": 9}}