{"train_loss": 0.028971257603315766, "_timestamp": 1697015848.159978, "_runtime": 41.244661808013916, "_step": 287, "val_acc": 84.39306640625, "_wandb": {"runtime": 40}}