{"train_loss": 0.04783924159101145, "_timestamp": 1697044110.1699884, "_runtime": 26.524516344070435, "_step": 173, "val_acc": 83.81502532958984, "_wandb": {"runtime": 26}}