{"train_loss": 0.06385703689721954, "_timestamp": 1697092558.313401, "_runtime": 14.53581690788269, "_step": 98, "val_acc": 84.39306640625, "_wandb": {"runtime": 14}}