{"train_loss": 0.172026390729602, "_timestamp": 1696996497.104646, "_runtime": 10.748416900634766, "_step": 60, "val_acc": 84.39306640625, "_wandb": {"runtime": 10}}