{"train_loss": 0.14526329769991164, "_timestamp": 1697050355.7490191, "_runtime": 10.16633415222168, "_step": 56, "val_acc": 87.28323364257812, "_wandb": {"runtime": 9}}