{"train_loss": 0.11967047597931395, "_timestamp": 1697072278.15334, "_runtime": 18.93342113494873, "_step": 116, "val_acc": 86.7052001953125, "_wandb": {"runtime": 18}}