{"train_loss": 0.1718579327124496, "_timestamp": 1697128592.331856, "_runtime": 9.235383987426758, "_step": 47, "val_acc": 83.81502532958984, "_wandb": {"runtime": 8}}