{"train_loss": 0.1013312883631781, "_timestamp": 1697003713.376903, "_runtime": 14.473627090454102, "_step": 96, "val_acc": 84.97109985351562, "_wandb": {"runtime": 14}}