{"train_loss": 0.15702752345566487, "_timestamp": 1697016506.5105178, "_runtime": 26.254642724990845, "_step": 168, "val_acc": 86.12716674804688, "_wandb": {"runtime": 25}}