{"train_loss": 0.052865046198306564, "_timestamp": 1696989686.923817, "_runtime": 34.162688970565796, "_step": 263, "val_acc": 87.28323364257812, "_wandb": {"runtime": 32}}