{"train_loss": 0.0809329058744858, "_timestamp": 1697054735.7552488, "_runtime": 24.499682903289795, "_step": 161, "val_acc": 82.6589584350586, "_wandb": {"runtime": 24}}