{"train_loss": 0.04137624762708668, "_timestamp": 1697061097.820557, "_runtime": 28.733814001083374, "_step": 191, "val_acc": 83.81502532958984, "_wandb": {"runtime": 28}}