{"train_loss": 0.05853566494878641, "_timestamp": 1696973792.1938236, "_runtime": 18.880029678344727, "_step": 138, "val_acc": 83.81502532958984, "_wandb": {"runtime": 18}}