{"train_loss": 0.15851255036284065, "_timestamp": 1697009502.889713, "_runtime": 15.378774166107178, "_step": 89, "val_acc": 83.23699188232422, "_wandb": {"runtime": 14}}