{"train_loss": 0.12041807864511082, "_timestamp": 1697044491.8078916, "_runtime": 14.687763690948486, "_step": 98, "val_acc": 86.12716674804688, "_wandb": {"runtime": 14}}