{"train_loss": 0.028108925588407316, "_timestamp": 1697098144.269112, "_runtime": 32.578280210494995, "_step": 266, "val_acc": 84.39306640625, "_wandb": {"runtime": 32}}