{"train_loss": 0.11266561995022172, "_timestamp": 1697111443.3772664, "_runtime": 17.716064453125, "_step": 105, "val_acc": 83.23699188232422, "_wandb": {"runtime": 17}}