{"train_loss": 0.19023218646992085, "_timestamp": 1697029432.309577, "_runtime": 12.773355960845947, "_step": 81, "val_acc": 86.7052001953125, "_wandb": {"runtime": 12}}