{"train_loss": 0.11938444939766858, "_timestamp": 1697033974.610868, "_runtime": 16.562434911727905, "_step": 98, "val_acc": 84.97109985351562, "_wandb": {"runtime": 16}}