{"train_loss": 0.03145049173969689, "_timestamp": 1697062793.8549805, "_runtime": 23.36473846435547, "_step": 177, "val_acc": 86.12716674804688, "_wandb": {"runtime": 22}}