{"train_loss": 0.021651697120369347, "_timestamp": 1697034482.5380297, "_runtime": 40.11184573173523, "_step": 281, "val_acc": 87.86127471923828, "_wandb": {"runtime": 39}}