{"train_loss": 0.12701272424635326, "_timestamp": 1697071786.77988, "_runtime": 18.480574131011963, "_step": 111, "val_acc": 83.23699188232422, "_wandb": {"runtime": 18}}