{"train_loss": 0.019235780183767336, "_timestamp": 1697067917.201618, "_runtime": 36.265986919403076, "_step": 297, "val_acc": 86.7052001953125, "_wandb": {"runtime": 35}}