{"train_loss": 0.02331091817346575, "_timestamp": 1697055933.045232, "_runtime": 31.93426012992859, "_step": 257, "val_acc": 85.54913330078125, "_wandb": {"runtime": 31}}