{"train_loss": 0.03259511292792943, "_timestamp": 1697108731.3006368, "_runtime": 30.903369665145874, "_step": 248, "val_acc": 86.12716674804688, "_wandb": {"runtime": 30}}