{"train_loss": 0.061939748350617496, "_timestamp": 1697008183.0851269, "_runtime": 26.50082278251648, "_step": 174, "val_acc": 87.28323364257812, "_wandb": {"runtime": 26}}