{"train_loss": 0.04051026714380917, "_timestamp": 1697056565.961463, "_runtime": 26.326485872268677, "_step": 207, "val_acc": 85.54913330078125, "_wandb": {"runtime": 25}}