{"train_loss": 2.0473491868307425, "_timestamp": 1697006803.8248472, "_runtime": 8.938998222351074, "_step": 38, "val_acc": 75.72254180908203, "_wandb": {"runtime": 8}}