{"train_loss": 0.19243399364613864, "_timestamp": 1697051554.3896143, "_runtime": 13.576616287231445, "_step": 74, "val_acc": 84.97109985351562, "_wandb": {"runtime": 13}}