{"train_loss": 0.14104902109694342, "_timestamp": 1697117675.0802836, "_runtime": 11.612295627593994, "_step": 66, "val_acc": 84.39306640625, "_wandb": {"runtime": 10}}