{"train_loss": 0.1522755944603231, "_timestamp": 1697117957.6839075, "_runtime": 14.39216947555542, "_step": 80, "val_acc": 83.81502532958984, "_wandb": {"runtime": 14}}