{"train_loss": 3.29696193718633, "_timestamp": 1696815656.398226, "_runtime": 293.5745379924774, "_step": 4, "_wandb": {"runtime": 293}}