{"train_loss": 0.1819819086447878, "_timestamp": 1697042699.55204, "_runtime": 19.78190803527832, "_step": 120, "val_acc": 85.54913330078125, "_wandb": {"runtime": 19}}