{"train_loss": 0.04185626535882177, "_timestamp": 1697056712.5860746, "_runtime": 23.932320594787598, "_step": 183, "val_acc": 88.4393081665039, "_wandb": {"runtime": 23}}