{"train_loss": 0.11616088051570926, "_timestamp": 1697120016.7485416, "_runtime": 33.24370360374451, "_step": 231, "val_acc": 82.6589584350586, "_wandb": {"runtime": 32}}