{"train_loss": 0.017544067675264032, "_timestamp": 1697127065.4391646, "_runtime": 33.51532173156738, "_step": 272, "val_acc": 86.12716674804688, "_wandb": {"runtime": 33}}