{"train_loss": 0.0392947971501366, "_timestamp": 1697004165.9011354, "_runtime": 23.62688446044922, "_step": 137, "val_acc": 85.54913330078125, "_wandb": {"runtime": 21}}