{"train_loss": 0.11248761977794645, "_timestamp": 1697060873.1386693, "_runtime": 16.234337329864502, "_step": 113, "val_acc": 83.81502532958984, "_wandb": {"runtime": 15}}