{"train_loss": 0.08343482976995928, "_timestamp": 1696990995.5116248, "_runtime": 18.05193591117859, "_step": 126, "val_acc": 84.97109985351562, "_wandb": {"runtime": 17}}