{"train_loss": 0.07552300410908322, "_timestamp": 1697121686.8779976, "_runtime": 17.590622663497925, "_step": 116, "val_acc": 85.54913330078125, "_wandb": {"runtime": 17}}