{"train_loss": 0.09115494869995949, "_timestamp": 1697045717.3811424, "_runtime": 13.214422464370728, "_step": 84, "val_acc": 87.86127471923828, "_wandb": {"runtime": 12}}