{"train_loss": 0.0538555956560696, "_timestamp": 1697121630.9600515, "_runtime": 44.04430365562439, "_step": 293, "val_acc": 86.12716674804688, "_wandb": {"runtime": 43}}