{"train_loss": 0.11262585285260494, "_timestamp": 1697099126.1187725, "_runtime": 24.697792530059814, "_step": 162, "val_acc": 83.23699188232422, "_wandb": {"runtime": 24}}