{"train_loss": 0.10906677502532337, "_timestamp": 1697014495.0033538, "_runtime": 16.17953586578369, "_step": 110, "val_acc": 80.92485809326172, "_wandb": {"runtime": 15}}