{"train_loss": 0.0577546663062517, "_timestamp": 1697120682.2032545, "_runtime": 31.710070371627808, "_step": 219, "val_acc": 84.97109985351562, "_wandb": {"runtime": 31}}