{"train_loss": 0.21581108140390973, "_timestamp": 1696998580.366371, "_runtime": 8.9230318069458, "_step": 44, "val_acc": 86.7052001953125, "_wandb": {"runtime": 8}}