{"train_loss": 0.07561004450436422, "_timestamp": 1696982173.9419062, "_runtime": 18.667514324188232, "_step": 134, "val_acc": 87.28323364257812, "_wandb": {"runtime": 18}}