{"train_loss": 0.09644877278722476, "_timestamp": 1697119654.7273777, "_runtime": 17.7910315990448, "_step": 110, "val_acc": 84.97109985351562, "_wandb": {"runtime": 17}}