{"train_loss": 0.13636299637471175, "_timestamp": 1697125608.0072012, "_runtime": 25.80316710472107, "_step": 173, "val_acc": 84.97109985351562, "_wandb": {"runtime": 25}}