{"train_loss": 0.17288660982537063, "_timestamp": 1697127866.5324779, "_runtime": 16.952377796173096, "_step": 99, "val_acc": 86.7052001953125, "_wandb": {"runtime": 16}}