{"train_loss": 0.037163695932344296, "_timestamp": 1697073048.6729536, "_runtime": 25.668420553207397, "_step": 201, "val_acc": 88.4393081665039, "_wandb": {"runtime": 25}}