{"train_loss": 0.09694086504710275, "_timestamp": 1697025881.1380959, "_runtime": 11.333899974822998, "_step": 68, "val_acc": 85.54913330078125, "_wandb": {"runtime": 10}}