{"train_loss": 0.03106258743913671, "_timestamp": 1697032728.722758, "_runtime": 30.286357164382935, "_step": 240, "val_acc": 84.39306640625, "_wandb": {"runtime": 29}}