{"train_loss": 0.043747433818616836, "_timestamp": 1697055643.1090553, "_runtime": 21.586357355117798, "_step": 162, "val_acc": 84.39306640625, "_wandb": {"runtime": 21}}