{"train_loss": 0.24515610141679645, "_timestamp": 1697089827.2842765, "_runtime": 11.642630577087402, "_step": 59, "val_acc": 80.34681701660156, "_wandb": {"runtime": 11}}