{"train_loss": 0.1565982486922727, "_timestamp": 1697015776.509056, "_runtime": 10.968770027160645, "_step": 63, "val_acc": 83.23699188232422, "_wandb": {"runtime": 10}}