{"train_loss": 0.07076145616240886, "_timestamp": 1697026344.3653548, "_runtime": 29.135634660720825, "_step": 194, "val_acc": 83.81502532958984, "_wandb": {"runtime": 28}}