{"train_loss": 0.04894431621421042, "_timestamp": 1697073828.1825397, "_runtime": 26.427669763565063, "_step": 204, "val_acc": 86.7052001953125, "_wandb": {"runtime": 26}}