{"train_loss": 0.17783609796098845, "_timestamp": 1697073474.9914126, "_runtime": 13.71024465560913, "_step": 75, "val_acc": 88.4393081665039, "_wandb": {"runtime": 13}}