{"train_loss": 0.20477116567104361, "_timestamp": 1697033694.112304, "_runtime": 10.065768957138062, "_step": 47, "val_acc": 82.6589584350586, "_wandb": {"runtime": 9}}