{"train_loss": 0.07710825427716901, "_timestamp": 1697107802.3278964, "_runtime": 20.785455465316772, "_step": 134, "val_acc": 83.23699188232422, "_wandb": {"runtime": 20}}