{"train_loss": 0.18637413893241522, "_timestamp": 1697079296.1625535, "_runtime": 9.799720525741577, "_step": 45, "val_acc": 84.97109985351562, "_wandb": {"runtime": 9}}