{"train_loss": 0.08802281226962805, "_timestamp": 1697108775.8505116, "_runtime": 18.511232614517212, "_step": 116, "val_acc": 86.12716674804688, "_wandb": {"runtime": 18}}