{"train_loss": 0.06857349739956864, "_timestamp": 1697027128.8958948, "_runtime": 28.78072166442871, "_step": 197, "val_acc": 84.39306640625, "_wandb": {"runtime": 28}}