{"train_loss": 0.11912575949708996, "_timestamp": 1697056627.8684692, "_runtime": 21.29110813140869, "_step": 135, "val_acc": 84.97109985351562, "_wandb": {"runtime": 20}}