{"train_loss": 0.04246121296404623, "_timestamp": 1697059082.1252663, "_runtime": 34.424575328826904, "_step": 282, "val_acc": 86.12716674804688, "_wandb": {"runtime": 34}}