{"train_loss": 0.08027869007593497, "_timestamp": 1697053432.7035408, "_runtime": 23.685043811798096, "_step": 150, "val_acc": 84.97109985351562, "_wandb": {"runtime": 23}}