{"train_loss": 0.07304791851865322, "_timestamp": 1697096523.7057102, "_runtime": 26.052905082702637, "_step": 173, "val_acc": 85.54913330078125, "_wandb": {"runtime": 25}}