{"train_loss": 0.22986666286407514, "_timestamp": 1696973556.2949905, "_runtime": 26.848992586135864, "_step": 212, "val_acc": 84.39306640625, "_wandb": {"runtime": 26}}