{"train_loss": 0.06540203622953836, "_timestamp": 1697129681.2138965, "_runtime": 13.421534538269043, "_step": 86, "val_acc": 83.81502532958984, "_wandb": {"runtime": 13}}