{"train_loss": 0.09321993548791249, "_timestamp": 1697123148.352532, "_runtime": 28.927742958068848, "_step": 183, "val_acc": 87.86127471923828, "_wandb": {"runtime": 28}}