{"train_loss": 0.13402800028060757, "_timestamp": 1697002706.179301, "_runtime": 19.71266007423401, "_step": 144, "val_acc": 85.54913330078125, "_wandb": {"runtime": 19}}