{"train_loss": 0.02358106375254994, "_timestamp": 1697092971.4248137, "_runtime": 31.580687761306763, "_step": 257, "val_acc": 87.86127471923828, "_wandb": {"runtime": 31}}