{"train_loss": 0.08672082554115805, "_timestamp": 1697011712.2524798, "_runtime": 21.773393869400024, "_step": 161, "val_acc": 82.6589584350586, "_wandb": {"runtime": 21}}