{"train_loss": 0.15124357539380706, "_timestamp": 1697129223.0003395, "_runtime": 9.577360391616821, "_step": 47, "val_acc": 85.54913330078125, "_wandb": {"runtime": 8}}