{"train_loss": 1.4813390312457384, "_timestamp": 1696964179.501553, "_runtime": 875.8246941566467, "_step": 21, "val_acc": 0.4046242833137512, "_wandb": {"runtime": 875}}