{"train_loss": 0.0896438870438223, "_timestamp": 1697046978.2716227, "_runtime": 20.274959564208984, "_step": 128, "val_acc": 84.39306640625, "_wandb": {"runtime": 19}}