{"train_loss": 0.07495812863804573, "_timestamp": 1696993639.3002512, "_runtime": 28.201497316360474, "_step": 185, "val_acc": 85.54913330078125, "_wandb": {"runtime": 27}}