{"train_loss": 0.1448047874105531, "_timestamp": 1697058967.5955207, "_runtime": 12.680752754211426, "_step": 68, "val_acc": 87.28323364257812, "_wandb": {"runtime": 12}}