{"train_loss": 0.090889185342158, "_timestamp": 1696993731.6623316, "_runtime": 12.9056715965271, "_step": 77, "val_acc": 88.4393081665039, "_wandb": {"runtime": 12}}