{"train_loss": 0.08277831800948006, "_timestamp": 1697082187.9755275, "_runtime": 32.14815950393677, "_step": 222, "val_acc": 85.54913330078125, "_wandb": {"runtime": 31}}