{"train_loss": 0.09999599207062708, "_timestamp": 1697054907.3939195, "_runtime": 31.348766565322876, "_step": 212, "val_acc": 85.54913330078125, "_wandb": {"runtime": 30}}