{"train_loss": 0.09564580817620248, "_timestamp": 1697124764.6001787, "_runtime": 22.727487802505493, "_step": 144, "val_acc": 84.97109985351562, "_wandb": {"runtime": 22}}