{"train_loss": 0.05390370596026958, "_timestamp": 1697100715.9169698, "_runtime": 41.226866722106934, "_step": 293, "val_acc": 83.81502532958984, "_wandb": {"runtime": 40}}