{"train_loss": 0.19936049218441165, "_timestamp": 1697087750.494314, "_runtime": 8.928922891616821, "_step": 45, "val_acc": 85.54913330078125, "_wandb": {"runtime": 8}}