{"train_loss": 0.04917266612959116, "_timestamp": 1697075055.010277, "_runtime": 36.06196904182434, "_step": 252, "val_acc": 83.81502532958984, "_wandb": {"runtime": 35}}