{"train_loss": 0.1375366207482943, "_timestamp": 1697074701.3221607, "_runtime": 21.585725784301758, "_step": 140, "val_acc": 84.39306640625, "_wandb": {"runtime": 21}}