{"train_loss": 0.042059407455760034, "_timestamp": 1697084144.3486297, "_runtime": 26.610475778579712, "_step": 209, "val_acc": 85.54913330078125, "_wandb": {"runtime": 26}}