{"train_loss": 0.1574806060512052, "_timestamp": 1697037442.60793, "_runtime": 9.232538938522339, "_step": 47, "val_acc": 84.97109985351562, "_wandb": {"runtime": 8}}