{"train_loss": 0.06729821704577135, "_timestamp": 1696999449.2940588, "_runtime": 36.299938917160034, "_step": 248, "val_acc": 87.28323364257812, "_wandb": {"runtime": 35}}