{"train_loss": 0.993825540986172, "_timestamp": 1697070989.873957, "_runtime": 31.056509971618652, "_step": 212, "val_acc": 80.34681701660156, "_wandb": {"runtime": 30}}