{"train_loss": 0.03002294584117873, "_timestamp": 1697026655.5368712, "_runtime": 33.90341114997864, "_step": 276, "val_acc": 85.54913330078125, "_wandb": {"runtime": 33}}