{"train_loss": 0.04155773376818573, "_timestamp": 1697015648.5855124, "_runtime": 26.943897485733032, "_step": 210, "val_acc": 84.39306640625, "_wandb": {"runtime": 26}}