{"train_loss": 0.08625068455977841, "_timestamp": 1696975570.32562, "_runtime": 16.744307041168213, "_step": 98, "val_acc": 87.86127471923828, "_wandb": {"runtime": 16}}