{"train_loss": 0.026748366773041876, "_timestamp": 1697032419.7232313, "_runtime": 24.750803232192993, "_step": 194, "val_acc": 86.12716674804688, "_wandb": {"runtime": 24}}