{"train_loss": 0.08663024552989491, "_timestamp": 1697119598.1214988, "_runtime": 12.958804845809937, "_step": 83, "val_acc": 86.7052001953125, "_wandb": {"runtime": 12}}