{"train_loss": 0.03143769874491967, "_timestamp": 1697008027.567036, "_runtime": 35.896296977996826, "_step": 296, "val_acc": 86.12716674804688, "_wandb": {"runtime": 35}}