{"train_loss": 0.11077768144300641, "_timestamp": 1697033322.8007052, "_runtime": 31.868000268936157, "_step": 219, "val_acc": 86.12716674804688, "_wandb": {"runtime": 31}}