{"train_loss": 0.04600832734506057, "_timestamp": 1697119373.1841793, "_runtime": 26.895007371902466, "_step": 212, "val_acc": 87.28323364257812, "_wandb": {"runtime": 26}}