{"train_loss": 0.05236723267901039, "_timestamp": 1697113812.0369291, "_runtime": 32.16886520385742, "_step": 224, "val_acc": 83.23699188232422, "_wandb": {"runtime": 31}}