{"train_loss": 0.03144475104568829, "_timestamp": 1697067756.335937, "_runtime": 25.533544063568115, "_step": 198, "val_acc": 85.54913330078125, "_wandb": {"runtime": 25}}