{"train_loss": 0.13654576753114545, "_timestamp": 1697019956.8103976, "_runtime": 11.34497857093811, "_step": 66, "val_acc": 84.97109985351562, "_wandb": {"runtime": 10}}