{"train_loss": 0.11442581475725895, "_timestamp": 1697047578.4781246, "_runtime": 31.711219549179077, "_step": 221, "val_acc": 82.6589584350586, "_wandb": {"runtime": 31}}