{"train_loss": 0.06996953164682139, "_timestamp": 1696987377.978118, "_runtime": 31.154175996780396, "_step": 207, "val_acc": 82.08092498779297, "_wandb": {"runtime": 30}}