{"train_loss": 0.18385134245333976, "_timestamp": 1697052982.659265, "_runtime": 12.055117130279541, "_step": 60, "val_acc": 83.23699188232422, "_wandb": {"runtime": 11}}