{"train_loss": 0.052045497956664064, "_timestamp": 1697125924.0343173, "_runtime": 25.07252335548401, "_step": 191, "val_acc": 89.59537506103516, "_wandb": {"runtime": 24}}