{"train_loss": 0.05992785058807322, "_timestamp": 1697069988.473488, "_runtime": 18.913089990615845, "_step": 138, "val_acc": 84.97109985351562, "_wandb": {"runtime": 18}}