{"train_loss": 0.0705969542749551, "_timestamp": 1697118580.7946138, "_runtime": 40.86531686782837, "_step": 291, "val_acc": 88.4393081665039, "_wandb": {"runtime": 40}}