{"train_loss": 0.07348421832200053, "_timestamp": 1697108689.2959373, "_runtime": 14.813338279724121, "_step": 99, "val_acc": 85.54913330078125, "_wandb": {"runtime": 14}}