{"train_loss": 0.04076803892886071, "_timestamp": 1697070858.4343836, "_runtime": 38.00137662887573, "_step": 264, "val_acc": 84.39306640625, "_wandb": {"runtime": 37}}