{"train_loss": 0.04065370878074751, "_timestamp": 1696977387.1881614, "_runtime": 35.57084846496582, "_step": 293, "val_acc": 86.12716674804688, "_wandb": {"runtime": 35}}