{"train_loss": 0.08351171226105328, "_timestamp": 1697104317.6366742, "_runtime": 30.467910051345825, "_step": 209, "val_acc": 87.28323364257812, "_wandb": {"runtime": 30}}