{"train_loss": 0.07206167325074243, "_timestamp": 1697035141.3278377, "_runtime": 24.375361680984497, "_step": 159, "val_acc": 86.12716674804688, "_wandb": {"runtime": 23}}