{"train_loss": 0.03613345447906055, "_timestamp": 1697014721.3912516, "_runtime": 21.280187606811523, "_step": 158, "val_acc": 85.54913330078125, "_wandb": {"runtime": 20}}