{"train_loss": 0.04932509931237545, "_timestamp": 1697122511.2329798, "_runtime": 25.013778686523438, "_step": 185, "val_acc": 84.39306640625, "_wandb": {"runtime": 24}}