{"train_loss": 0.09098782475366322, "_timestamp": 1696977493.2570698, "_runtime": 33.21810173988342, "_step": 231, "val_acc": 84.39306640625, "_wandb": {"runtime": 32}}