{"train_loss": 0.09847296380741132, "_timestamp": 1696977302.9257114, "_runtime": 18.244972467422485, "_step": 113, "val_acc": 86.7052001953125, "_wandb": {"runtime": 17}}