{"train_loss": 2.5437279897312637, "_timestamp": 1696868623.1271262, "_runtime": 298.0979051589966, "_step": 4, "_wandb": {"runtime": 297}}