{"train_loss": 0.04103979774138912, "_timestamp": 1697015570.1957707, "_runtime": 40.969605684280396, "_step": 282, "val_acc": 86.7052001953125, "_wandb": {"runtime": 40}}