{"train_loss": 0.26873134717691777, "_timestamp": 1697049463.7469492, "_runtime": 7.617530107498169, "_step": 32, "val_acc": 84.39306640625, "_wandb": {"runtime": 7}}