{"train_loss": 0.26424953796316025, "_timestamp": 1697031600.9469132, "_runtime": 10.782494306564331, "_step": 53, "val_acc": 84.97109985351562, "_wandb": {"runtime": 10}}