{"train_loss": 0.03763403111072474, "_timestamp": 1697065928.4281466, "_runtime": 20.530991554260254, "_step": 152, "val_acc": 85.54913330078125, "_wandb": {"runtime": 20}}