{"train_loss": 0.08701188507121663, "_timestamp": 1696993544.2600791, "_runtime": 15.705786228179932, "_step": 87, "val_acc": 86.7052001953125, "_wandb": {"runtime": 15}}