{"train_loss": 0.04175435115047189, "_timestamp": 1697128830.378041, "_runtime": 30.081430912017822, "_step": 243, "val_acc": 85.54913330078125, "_wandb": {"runtime": 29}}