{"train_loss": 0.03952399441068126, "_timestamp": 1697018806.2167544, "_runtime": 26.97932744026184, "_step": 213, "val_acc": 86.12716674804688, "_wandb": {"runtime": 26}}