{"train_loss": 0.03672139268966803, "_timestamp": 1697023725.7665086, "_runtime": 35.07260346412659, "_step": 287, "val_acc": 87.86127471923828, "_wandb": {"runtime": 34}}