{"train_loss": 0.22389785507910473, "_timestamp": 1697036621.880874, "_runtime": 8.210472822189331, "_step": 38, "val_acc": 84.97109985351562, "_wandb": {"runtime": 7}}