{"train_loss": 0.04159564282853416, "_timestamp": 1697015979.2595162, "_runtime": 28.968546152114868, "_step": 227, "val_acc": 84.39306640625, "_wandb": {"runtime": 28}}