{"train_loss": 0.06484989098511464, "_timestamp": 1696987434.8666925, "_runtime": 16.122052431106567, "_step": 108, "val_acc": 89.59537506103516, "_wandb": {"runtime": 15}}