{"train_loss": 0.09425080942293239, "_timestamp": 1697007811.9466388, "_runtime": 16.044679880142212, "_step": 90, "val_acc": 83.81502532958984, "_wandb": {"runtime": 15}}