{"train_loss": 0.046380163782254555, "_timestamp": 1697042846.738078, "_runtime": 22.14495611190796, "_step": 168, "val_acc": 86.12716674804688, "_wandb": {"runtime": 21}}