{"train_loss": 0.06326818222797281, "_timestamp": 1697005881.9055316, "_runtime": 20.191739559173584, "_step": 150, "val_acc": 84.39306640625, "_wandb": {"runtime": 19}}