{"train_loss": 0.034467712237613364, "_timestamp": 1697077397.1572647, "_runtime": 33.12409281730652, "_step": 272, "val_acc": 86.7052001953125, "_wandb": {"runtime": 32}}