{"train_loss": 0.01569084674905076, "_timestamp": 1697017537.0917058, "_runtime": 33.553552865982056, "_step": 273, "val_acc": 83.81502532958984, "_wandb": {"runtime": 33}}