{"train_loss": 0.1343614937694267, "_timestamp": 1697040302.4974325, "_runtime": 12.030847549438477, "_step": 72, "val_acc": 85.54913330078125, "_wandb": {"runtime": 11}}