{"train_loss": 0.22510680816201276, "_timestamp": 1697075887.572306, "_runtime": 15.888154029846191, "_step": 110, "val_acc": 87.28323364257812, "_wandb": {"runtime": 15}}