{"train_loss": 0.17141133380057508, "_timestamp": 1696978797.3175778, "_runtime": 13.730446815490723, "_step": 77, "val_acc": 83.23699188232422, "_wandb": {"runtime": 13}}