{"train_loss": 0.0616435655934173, "_timestamp": 1697010447.4035375, "_runtime": 24.983917474746704, "_step": 162, "val_acc": 84.97109985351562, "_wandb": {"runtime": 24}}