{"train_loss": 0.13110549424688311, "_timestamp": 1697084368.6406627, "_runtime": 23.34354567527771, "_step": 149, "val_acc": 81.50289154052734, "_wandb": {"runtime": 22}}