{"train_loss": 0.2938191963489665, "_timestamp": 1697063212.8236122, "_runtime": 9.66278624534607, "_step": 42, "val_acc": 79.76878356933594, "_wandb": {"runtime": 9}}