{"train_loss": 0.10591762542161484, "_timestamp": 1697124594.0591266, "_runtime": 23.93029761314392, "_step": 158, "val_acc": 84.97109985351562, "_wandb": {"runtime": 23}}