{"train_loss": 0.1661003152298373, "_timestamp": 1697074125.4328322, "_runtime": 9.069850206375122, "_step": 38, "val_acc": 83.81502532958984, "_wandb": {"runtime": 8}}