{"train_loss": 0.03739832224172735, "_timestamp": 1697031427.0411274, "_runtime": 22.903554439544678, "_step": 176, "val_acc": 87.86127471923828, "_wandb": {"runtime": 22}}