{"train_loss": 0.0257855153288611, "_timestamp": 1697047052.1519115, "_runtime": 42.454749584198, "_step": 299, "val_acc": 86.7052001953125, "_wandb": {"runtime": 42}}