{"train_loss": 0.11273492614435422, "_timestamp": 1697082664.425573, "_runtime": 18.443655014038086, "_step": 110, "val_acc": 84.39306640625, "_wandb": {"runtime": 18}}