{"train_loss": 0.16731560589788957, "_timestamp": 1697112097.7505906, "_runtime": 9.34206247329712, "_step": 48, "val_acc": 87.86127471923828, "_wandb": {"runtime": 8}}