{"train_loss": 0.1883018572143344, "_timestamp": 1697007586.3702264, "_runtime": 10.994747400283813, "_step": 54, "val_acc": 83.23699188232422, "_wandb": {"runtime": 10}}