{"train_loss": 0.05032638363475197, "_timestamp": 1697127976.9140468, "_runtime": 24.20436668395996, "_step": 174, "val_acc": 86.7052001953125, "_wandb": {"runtime": 22}}