{"train_loss": 0.017228393019501898, "_timestamp": 1696984608.2566528, "_runtime": 29.150362730026245, "_step": 227, "val_acc": 87.28323364257812, "_wandb": {"runtime": 28}}