{"train_loss": 0.06852678715273045, "_timestamp": 1697042645.1166363, "_runtime": 22.289559364318848, "_step": 143, "val_acc": 86.7052001953125, "_wandb": {"runtime": 21}}