{"train_loss": 0.026358699878179577, "_timestamp": 1697082018.2655392, "_runtime": 32.3257372379303, "_step": 264, "val_acc": 83.81502532958984, "_wandb": {"runtime": 31}}