{"train_loss": 0.02687217764892117, "_timestamp": 1697064052.463675, "_runtime": 31.135894060134888, "_step": 251, "val_acc": 87.86127471923828, "_wandb": {"runtime": 30}}