{"train_loss": 0.3576730631811674, "_timestamp": 1697107273.3422792, "_runtime": 9.093812227249146, "_step": 38, "val_acc": 87.86127471923828, "_wandb": {"runtime": 8}}