{"train_loss": 0.07331517203639906, "_timestamp": 1696998730.0916595, "_runtime": 40.27162265777588, "_step": 284, "val_acc": 85.54913330078125, "_wandb": {"runtime": 39}}