{"train_loss": 0.1546707540468941, "_timestamp": 1697011729.6806538, "_runtime": 8.304102897644043, "_step": 39, "val_acc": 87.86127471923828, "_wandb": {"runtime": 7}}