{"train_loss": 2.4797755535356942, "_timestamp": 1696828646.20169, "_runtime": 291.37789607048035, "_step": 4, "_wandb": {"runtime": 290}}