{"train_loss": 0.1552990233731391, "_timestamp": 1697034010.992697, "_runtime": 27.146699905395508, "_step": 182, "val_acc": 80.92485809326172, "_wandb": {"runtime": 26}}