{"train_loss": 0.16061733948976495, "_timestamp": 1697083832.2094598, "_runtime": 13.443646669387817, "_step": 74, "val_acc": 82.08092498779297, "_wandb": {"runtime": 13}}