{"train_loss": 0.09518963453728099, "_timestamp": 1697130254.1013103, "_runtime": 19.303011178970337, "_step": 135, "val_acc": 86.7052001953125, "_wandb": {"runtime": 18}}