{"train_loss": 0.15274969370342617, "_timestamp": 1697091994.6939352, "_runtime": 19.140677213668823, "_step": 120, "val_acc": 87.28323364257812, "_wandb": {"runtime": 18}}