{"train_loss": 0.0675299123449381, "_timestamp": 1696994580.5588288, "_runtime": 14.377853870391846, "_step": 92, "val_acc": 83.81502532958984, "_wandb": {"runtime": 14}}