{"train_loss": 0.05725097795406919, "_timestamp": 1697086905.2688327, "_runtime": 19.284583568572998, "_step": 143, "val_acc": 83.81502532958984, "_wandb": {"runtime": 18}}