{"train_loss": 0.14011172863633134, "_timestamp": 1696991641.0705364, "_runtime": 9.767743349075317, "_step": 42, "val_acc": 86.12716674804688, "_wandb": {"runtime": 9}}