{"train_loss": 0.16051283831773108, "_timestamp": 1697082713.942219, "_runtime": 10.8697829246521, "_step": 63, "val_acc": 84.39306640625, "_wandb": {"runtime": 10}}