{"train_loss": 0.054280455400192634, "_timestamp": 1697028829.030651, "_runtime": 23.33528208732605, "_step": 176, "val_acc": 86.12716674804688, "_wandb": {"runtime": 22}}