{"train_loss": 0.04627201721332101, "_timestamp": 1696987409.1266096, "_runtime": 21.390483617782593, "_step": 155, "val_acc": 87.28323364257812, "_wandb": {"runtime": 20}}