{"train_loss": 0.22331346419834813, "_timestamp": 1697117976.6041424, "_runtime": 10.862780332565308, "_step": 53, "val_acc": 83.23699188232422, "_wandb": {"runtime": 10}}