{"train_loss": 0.05397758918792703, "_timestamp": 1697005476.701105, "_runtime": 33.41549205780029, "_step": 270, "val_acc": 86.12716674804688, "_wandb": {"runtime": 32}}