{"train_loss": 0.05366340335350224, "_timestamp": 1697004986.906388, "_runtime": 21.565907955169678, "_step": 161, "val_acc": 86.7052001953125, "_wandb": {"runtime": 21}}