{"train_loss": 0.08135307905383321, "_timestamp": 1697010411.3382225, "_runtime": 30.0618793964386, "_step": 203, "val_acc": 87.28323364257812, "_wandb": {"runtime": 29}}