{"train_loss": 0.06262279618098292, "_timestamp": 1697014247.45043, "_runtime": 17.27870798110962, "_step": 122, "val_acc": 85.54913330078125, "_wandb": {"runtime": 16}}