{"train_loss": 0.06447466881674996, "_timestamp": 1697078022.9341097, "_runtime": 38.0703706741333, "_step": 263, "val_acc": 84.39306640625, "_wandb": {"runtime": 37}}