{"train_loss": 0.09171596369543654, "_timestamp": 1696980815.3763587, "_runtime": 39.18754982948303, "_step": 278, "val_acc": 84.39306640625, "_wandb": {"runtime": 38}}