{"train_loss": 0.045892773458712496, "_timestamp": 1697044618.7386754, "_runtime": 37.595858335494995, "_step": 267, "val_acc": 83.81502532958984, "_wandb": {"runtime": 37}}