{"train_loss": 0.03789946640608832, "_timestamp": 1697128998.4175296, "_runtime": 37.973992586135864, "_step": 264, "val_acc": 83.23699188232422, "_wandb": {"runtime": 37}}