{"train_loss": 0.04914548375974084, "_timestamp": 1696994973.7008724, "_runtime": 41.6731333732605, "_step": 288, "val_acc": 84.97109985351562, "_wandb": {"runtime": 41}}