{"train_loss": 0.045544053958512326, "_timestamp": 1697091083.565818, "_runtime": 20.235607147216797, "_step": 150, "val_acc": 83.81502532958984, "_wandb": {"runtime": 19}}