{"train_loss": 0.04020756760782692, "_timestamp": 1697004935.7645724, "_runtime": 37.45436429977417, "_step": 260, "val_acc": 85.54913330078125, "_wandb": {"runtime": 37}}