{"train_loss": 0.08563942667641704, "_timestamp": 1697088621.1642528, "_runtime": 32.95108985900879, "_step": 228, "val_acc": 84.97109985351562, "_wandb": {"runtime": 32}}