{"train_loss": 0.3458138855044232, "_timestamp": 1697045670.3553185, "_runtime": 7.978733539581299, "_step": 30, "val_acc": 82.08092498779297, "_wandb": {"runtime": 7}}