{"train_loss": 0.07774659684963449, "_timestamp": 1697095525.0900707, "_runtime": 37.05906081199646, "_step": 261, "val_acc": 86.12716674804688, "_wandb": {"runtime": 36}}