{"train_loss": 0.028814258682000084, "_timestamp": 1697044758.2801316, "_runtime": 26.88591766357422, "_step": 212, "val_acc": 85.54913330078125, "_wandb": {"runtime": 26}}