{"train_loss": 0.15418666298771927, "_timestamp": 1697086365.3593125, "_runtime": 21.241679430007935, "_step": 137, "val_acc": 79.76878356933594, "_wandb": {"runtime": 20}}