{"train_loss": 0.05080284570684916, "_timestamp": 1697014767.4642234, "_runtime": 36.52950930595398, "_step": 296, "val_acc": 83.23699188232422, "_wandb": {"runtime": 36}}