{"train_loss": 0.14912234726199491, "_timestamp": 1697021185.520066, "_runtime": 21.951280117034912, "_step": 141, "val_acc": 87.28323364257812, "_wandb": {"runtime": 21}}