{"train_loss": 0.18035852395236318, "_timestamp": 1697084521.8050435, "_runtime": 21.722347497940063, "_step": 140, "val_acc": 85.54913330078125, "_wandb": {"runtime": 21}}