{"train_loss": 0.1118787924304258, "_timestamp": 1697019113.161752, "_runtime": 19.617752075195312, "_step": 122, "val_acc": 84.39306640625, "_wandb": {"runtime": 19}}