{"train_loss": 0.18974299659562666, "_timestamp": 1697031481.617964, "_runtime": 20.31060791015625, "_step": 153, "val_acc": 80.92485809326172, "_wandb": {"runtime": 19}}