{"train_loss": 0.04896683361500415, "_timestamp": 1697073413.1897244, "_runtime": 23.76303243637085, "_step": 183, "val_acc": 87.28323364257812, "_wandb": {"runtime": 23}}