{"train_loss": 0.13703799410181683, "_timestamp": 1697085669.934218, "_runtime": 11.16228199005127, "_step": 65, "val_acc": 84.39306640625, "_wandb": {"runtime": 10}}