{"train_loss": 0.08004933839317324, "_timestamp": 1696986776.1321936, "_runtime": 46.166889667510986, "_step": 264, "val_acc": 86.12716674804688, "_wandb": {"runtime": 38}}