{"train_loss": 0.07042832973109948, "_timestamp": 1697034244.9336984, "_runtime": 23.699302434921265, "_step": 156, "val_acc": 83.81502532958984, "_wandb": {"runtime": 23}}