{"train_loss": 0.03831293307269144, "_timestamp": 1697117920.3844452, "_runtime": 33.95448327064514, "_step": 278, "val_acc": 86.12716674804688, "_wandb": {"runtime": 33}}