{"train_loss": 0.1656740052235681, "_timestamp": 1697096652.4678125, "_runtime": 10.88770055770874, "_step": 63, "val_acc": 84.39306640625, "_wandb": {"runtime": 10}}