{"train_loss": 0.14768168179664848, "_timestamp": 1697068152.2159564, "_runtime": 13.360641479492188, "_step": 71, "val_acc": 85.54913330078125, "_wandb": {"runtime": 12}}