{"train_loss": 0.04666793054554525, "_timestamp": 1696985681.9243107, "_runtime": 40.02180862426758, "_step": 279, "val_acc": 84.97109985351562, "_wandb": {"runtime": 39}}