{"train_loss": 0.08271718839437939, "_timestamp": 1697080398.9492683, "_runtime": 32.50440335273743, "_step": 222, "val_acc": 86.12716674804688, "_wandb": {"runtime": 32}}