{"train_loss": 0.0471890130253552, "_timestamp": 1697094363.5816267, "_runtime": 25.648961544036865, "_step": 201, "val_acc": 83.23699188232422, "_wandb": {"runtime": 25}}