{"train_loss": 0.035829775582262594, "_timestamp": 1696996266.6419616, "_runtime": 33.87182545661926, "_step": 270, "val_acc": 86.12716674804688, "_wandb": {"runtime": 33}}