{"train_loss": 0.08221653672368374, "_timestamp": 1696977796.8996747, "_runtime": 18.202208757400513, "_step": 108, "val_acc": 84.39306640625, "_wandb": {"runtime": 17}}