{"train_loss": 0.057394651763769254, "_timestamp": 1697027372.17287, "_runtime": 24.6592698097229, "_step": 194, "val_acc": 86.12716674804688, "_wandb": {"runtime": 24}}