{"train_loss": 0.08541447666289588, "_timestamp": 1697080533.6355143, "_runtime": 28.046101331710815, "_step": 192, "val_acc": 83.23699188232422, "_wandb": {"runtime": 27}}