{"train_loss": 0.13773185447898023, "_timestamp": 1697041516.0455513, "_runtime": 13.711212396621704, "_step": 89, "val_acc": 86.12716674804688, "_wandb": {"runtime": 13}}