{"train_loss": 0.07170746971712295, "_timestamp": 1697032182.1500852, "_runtime": 33.889732122421265, "_step": 233, "val_acc": 86.7052001953125, "_wandb": {"runtime": 33}}