{"train_loss": 0.052354849945363956, "_timestamp": 1697111257.6321394, "_runtime": 39.73659634590149, "_step": 281, "val_acc": 85.54913330078125, "_wandb": {"runtime": 39}}