{"train_loss": 0.07648994932817511, "_timestamp": 1697058366.813578, "_runtime": 26.436486959457397, "_step": 177, "val_acc": 86.12716674804688, "_wandb": {"runtime": 26}}