{"train_loss": 0.21564808588063475, "_timestamp": 1697022747.0808353, "_runtime": 20.07908844947815, "_step": 128, "val_acc": 87.86127471923828, "_wandb": {"runtime": 19}}