{"train_loss": 0.11071537265440362, "_timestamp": 1697012478.1147063, "_runtime": 34.256917238235474, "_step": 237, "val_acc": 84.39306640625, "_wandb": {"runtime": 33}}