{"train_loss": 0.11521377352737756, "_timestamp": 1697043569.1933098, "_runtime": 16.589784860610962, "_step": 98, "val_acc": 82.6589584350586, "_wandb": {"runtime": 16}}