{"train_loss": 0.15093779284507036, "_timestamp": 1697000869.6432927, "_runtime": 16.108253717422485, "_step": 90, "val_acc": 87.86127471923828, "_wandb": {"runtime": 15}}