{"train_loss": 0.04300666935633608, "_timestamp": 1697024782.781922, "_runtime": 24.934295177459717, "_step": 194, "val_acc": 85.54913330078125, "_wandb": {"runtime": 24}}