{"train_loss": 0.0762964702687811, "_timestamp": 1696999926.0677497, "_runtime": 32.00946664810181, "_step": 216, "val_acc": 84.39306640625, "_wandb": {"runtime": 31}}