{"train_loss": 0.10154742589436991, "_timestamp": 1697049859.525311, "_runtime": 10.321124076843262, "_step": 57, "val_acc": 83.81502532958984, "_wandb": {"runtime": 9}}