{"train_loss": 0.08265817035422769, "_timestamp": 1697015353.107834, "_runtime": 14.375787019729614, "_step": 95, "val_acc": 84.39306640625, "_wandb": {"runtime": 14}}