{"train_loss": 0.024239037051894376, "_timestamp": 1696974286.171331, "_runtime": 34.26926302909851, "_step": 281, "val_acc": 85.54913330078125, "_wandb": {"runtime": 33}}