{"train_loss": 0.24556405183880828, "_timestamp": 1697002121.6395967, "_runtime": 27.07426881790161, "_step": 209, "val_acc": 86.12716674804688, "_wandb": {"runtime": 26}}