{"train_loss": 0.047198404379318964, "_timestamp": 1696996032.0869849, "_runtime": 25.352649927139282, "_step": 194, "val_acc": 87.86127471923828, "_wandb": {"runtime": 24}}