{"train_loss": 0.055912680425789466, "_timestamp": 1696985025.0148687, "_runtime": 17.716291666030884, "_step": 123, "val_acc": 87.28323364257812, "_wandb": {"runtime": 17}}