{"train_loss": 0.031627985551346875, "_timestamp": 1696990019.0194662, "_runtime": 25.365085124969482, "_step": 191, "val_acc": 83.81502532958984, "_wandb": {"runtime": 24}}