{"train_loss": 0.1435005713340848, "_timestamp": 1696998747.349497, "_runtime": 11.032342195510864, "_step": 63, "val_acc": 83.81502532958984, "_wandb": {"runtime": 10}}