{"train_loss": 0.055370421519825845, "_timestamp": 1697104754.6768007, "_runtime": 34.96897768974304, "_step": 246, "val_acc": 84.97109985351562, "_wandb": {"runtime": 34}}