{"train_loss": 0.02920808509901859, "_timestamp": 1697027447.794145, "_runtime": 28.16597008705139, "_step": 224, "val_acc": 85.54913330078125, "_wandb": {"runtime": 27}}