{"train_loss": 0.23152398560629334, "_timestamp": 1697005519.9484322, "_runtime": 19.699475288391113, "_step": 120, "val_acc": 83.81502532958984, "_wandb": {"runtime": 19}}