{"train_loss": 0.09753026934557182, "_timestamp": 1697083599.0323224, "_runtime": 28.355095386505127, "_step": 188, "val_acc": 83.23699188232422, "_wandb": {"runtime": 28}}