{"train_loss": 0.023290331105885725, "_timestamp": 1697025553.8284767, "_runtime": 33.16271662712097, "_step": 270, "val_acc": 86.12716674804688, "_wandb": {"runtime": 32}}