{"train_loss": 0.030904398386388324, "_timestamp": 1697078334.3482919, "_runtime": 29.306556940078735, "_step": 236, "val_acc": 85.54913330078125, "_wandb": {"runtime": 28}}