{"train_loss": 0.03880414494237494, "_timestamp": 1697011576.275209, "_runtime": 24.692956924438477, "_step": 191, "val_acc": 82.08092498779297, "_wandb": {"runtime": 24}}