{"train_loss": 3.297283271717471, "_timestamp": 1696956149.5004904, "_runtime": 872.0621185302734, "_step": 21, "val_acc": 0.04624277353286743, "_wandb": {"runtime": 871}}