{"train_loss": 0.07081890288133953, "_timestamp": 1697103401.5133421, "_runtime": 20.780909061431885, "_step": 156, "val_acc": 83.23699188232422, "_wandb": {"runtime": 20}}