{"train_loss": 0.0721039778314704, "_timestamp": 1697121067.2326639, "_runtime": 23.591648817062378, "_step": 137, "val_acc": 85.54913330078125, "_wandb": {"runtime": 23}}