{"train_loss": 0.08338358160108328, "_timestamp": 1696996699.996997, "_runtime": 17.695987224578857, "_step": 125, "val_acc": 86.7052001953125, "_wandb": {"runtime": 17}}