{"train_loss": 0.1158918632887477, "_timestamp": 1697115083.6882212, "_runtime": 15.911447286605835, "_step": 93, "val_acc": 80.92485809326172, "_wandb": {"runtime": 15}}