{"train_loss": 0.0502222080465926, "_timestamp": 1697003988.071879, "_runtime": 25.78508496284485, "_step": 159, "val_acc": 86.12716674804688, "_wandb": {"runtime": 24}}