{"train_loss": 0.03910605655170891, "_timestamp": 1697016725.684902, "_runtime": 24.827777862548828, "_step": 191, "val_acc": 86.12716674804688, "_wandb": {"runtime": 24}}