{"train_loss": 0.059181447362535375, "_timestamp": 1696973143.557762, "_runtime": 32.03057789802551, "_step": 219, "val_acc": 84.97109985351562, "_wandb": {"runtime": 31}}