{"train_loss": 0.1285121257221976, "_timestamp": 1697118603.2246633, "_runtime": 11.994790315628052, "_step": 60, "val_acc": 86.12716674804688, "_wandb": {"runtime": 11}}