{"train_loss": 0.04343772869080652, "_timestamp": 1697057480.313068, "_runtime": 17.481414794921875, "_step": 123, "val_acc": 87.86127471923828, "_wandb": {"runtime": 17}}