{"train_loss": 0.0505760608858234, "_timestamp": 1697031810.1004176, "_runtime": 29.31766366958618, "_step": 236, "val_acc": 86.7052001953125, "_wandb": {"runtime": 28}}