{"train_loss": 0.07121470442372049, "_timestamp": 1697023966.084787, "_runtime": 33.66078591346741, "_step": 234, "val_acc": 83.81502532958984, "_wandb": {"runtime": 33}}