{"train_loss": 0.05672656672229709, "_timestamp": 1697112380.9910476, "_runtime": 40.16158962249756, "_step": 281, "val_acc": 86.12716674804688, "_wandb": {"runtime": 39}}