{"train_loss": 0.12168833517826834, "_timestamp": 1697038776.7222486, "_runtime": 19.271308660507202, "_step": 117, "val_acc": 85.54913330078125, "_wandb": {"runtime": 18}}