{"train_loss": 0.05821387635728041, "_timestamp": 1697109383.4144747, "_runtime": 31.800708770751953, "_step": 222, "val_acc": 84.97109985351562, "_wandb": {"runtime": 31}}