{"train_loss": 3.420209590432256, "_timestamp": 1696844113.8719747, "_runtime": 592.5375487804413, "_step": 9, "_wandb": {"runtime": 604}}