{"train_loss": 0.5201784594114437, "_timestamp": 1697011299.3590806, "_runtime": 10.151320457458496, "_step": 48, "val_acc": 84.97109985351562, "_wandb": {"runtime": 9}}