{"train_loss": 0.3073192030884499, "_timestamp": 1697093458.1660337, "_runtime": 7.790197849273682, "_step": 29, "val_acc": 81.50289154052734, "_wandb": {"runtime": 7}}