{"train_loss": 0.0648956886211107, "_timestamp": 1696994881.3094907, "_runtime": 22.067498683929443, "_step": 164, "val_acc": 85.54913330078125, "_wandb": {"runtime": 21}}