{"train_loss": 0.03969028372680335, "_timestamp": 1697022939.652279, "_runtime": 32.100127935409546, "_step": 261, "val_acc": 86.12716674804688, "_wandb": {"runtime": 31}}