{"train_loss": 0.03781528153516309, "_timestamp": 1696997724.7072127, "_runtime": 35.09095573425293, "_step": 281, "val_acc": 85.54913330078125, "_wandb": {"runtime": 34}}