{"train_loss": 0.03794092471646362, "_timestamp": 1696980484.5296292, "_runtime": 17.848209142684937, "_step": 128, "val_acc": 88.4393081665039, "_wandb": {"runtime": 17}}