{"train_loss": 0.036324495184343567, "_timestamp": 1697082564.0093217, "_runtime": 21.695429801940918, "_step": 164, "val_acc": 87.28323364257812, "_wandb": {"runtime": 21}}