{"train_loss": 0.039543675903100955, "_timestamp": 1697044654.7557187, "_runtime": 27.2601957321167, "_step": 216, "val_acc": 86.7052001953125, "_wandb": {"runtime": 26}}