{"train_loss": 0.35840739794941834, "_timestamp": 1696975663.9361577, "_runtime": 7.516219615936279, "_step": 32, "val_acc": 80.34681701660156, "_wandb": {"runtime": 7}}