{"train_loss": 0.06506361612551954, "_timestamp": 1697075334.0179055, "_runtime": 16.47641158103943, "_step": 116, "val_acc": 85.54913330078125, "_wandb": {"runtime": 16}}