{"train_loss": 0.12576804325244453, "_timestamp": 1697076411.9643602, "_runtime": 21.93964719772339, "_step": 141, "val_acc": 85.54913330078125, "_wandb": {"runtime": 21}}