{"train_loss": 0.036447160820433394, "_timestamp": 1697116614.0762124, "_runtime": 40.77753233909607, "_step": 294, "val_acc": 87.28323364257812, "_wandb": {"runtime": 40}}