{"train_loss": 0.03958096707153112, "_timestamp": 1696996476.582908, "_runtime": 21.352160930633545, "_step": 158, "val_acc": 83.81502532958984, "_wandb": {"runtime": 20}}