{"train_loss": 0.035606545312221835, "_timestamp": 1697091004.394755, "_runtime": 38.98011779785156, "_step": 278, "val_acc": 84.97109985351562, "_wandb": {"runtime": 38}}