{"train_loss": 0.24734972469335378, "_timestamp": 1696985436.8298345, "_runtime": 7.71408748626709, "_step": 30, "val_acc": 86.12716674804688, "_wandb": {"runtime": 7}}