{"train_loss": 0.09893633023467521, "_timestamp": 1697075558.9517837, "_runtime": 18.09627056121826, "_step": 131, "val_acc": 85.54913330078125, "_wandb": {"runtime": 17}}