{"train_loss": 0.06410178533812097, "_timestamp": 1697095842.2624567, "_runtime": 40.27399158477783, "_step": 284, "val_acc": 86.7052001953125, "_wandb": {"runtime": 39}}