{"train_loss": 0.03376339437699942, "_timestamp": 1697103691.6344795, "_runtime": 26.37704062461853, "_step": 206, "val_acc": 84.39306640625, "_wandb": {"runtime": 25}}