{"train_loss": 0.18740094823459552, "_timestamp": 1697097044.3916445, "_runtime": 10.53408145904541, "_step": 50, "val_acc": 84.97109985351562, "_wandb": {"runtime": 10}}