{"train_loss": 0.05496336756609813, "_timestamp": 1697053401.9311175, "_runtime": 34.15378451347351, "_step": 237, "val_acc": 82.08092498779297, "_wandb": {"runtime": 33}}