{"train_loss": NaN, "_timestamp": 1696869213.5569396, "_runtime": 579.6541726589203, "_step": 9, "_wandb": {"runtime": 591}}