{"train_loss": 0.04632473125144146, "_timestamp": 1697050771.4375532, "_runtime": 33.85202217102051, "_step": 275, "val_acc": 88.4393081665039, "_wandb": {"runtime": 33}}