{"train_loss": 0.10765556999763777, "_timestamp": 1696976110.283312, "_runtime": 14.213492155075073, "_step": 95, "val_acc": 82.6589584350586, "_wandb": {"runtime": 13}}