{"train_loss": 0.10823646513474455, "_timestamp": 1697002628.2040718, "_runtime": 28.73009467124939, "_step": 191, "val_acc": 83.23699188232422, "_wandb": {"runtime": 28}}