{"train_loss": 0.10460049986804099, "_timestamp": 1696990725.7376466, "_runtime": 41.328166484832764, "_step": 282, "val_acc": 83.23699188232422, "_wandb": {"runtime": 40}}