{"train_loss": 0.039425200536348966, "_timestamp": 1697035545.0739036, "_runtime": 19.436574459075928, "_step": 141, "val_acc": 84.97109985351562, "_wandb": {"runtime": 19}}