{"train_loss": 0.0869378433048422, "_timestamp": 1697109738.4500492, "_runtime": 15.729228258132935, "_step": 108, "val_acc": 86.12716674804688, "_wandb": {"runtime": 15}}