{"train_loss": 0.09274974426113848, "_timestamp": 1697113278.5222197, "_runtime": 30.289949655532837, "_step": 206, "val_acc": 83.23699188232422, "_wandb": {"runtime": 29}}