{"train_loss": 0.07436686892842137, "_timestamp": 1697050223.8142152, "_runtime": 34.59165120124817, "_step": 284, "val_acc": 83.81502532958984, "_wandb": {"runtime": 34}}