{"train_loss": 0.025682684053060446, "_timestamp": 1697101049.0447526, "_runtime": 33.41187858581543, "_step": 278, "val_acc": 83.23699188232422, "_wandb": {"runtime": 33}}