{"train_loss": 0.04645733436878208, "_timestamp": 1697074331.6316354, "_runtime": 38.87980246543884, "_step": 267, "val_acc": 83.23699188232422, "_wandb": {"runtime": 38}}