{"train_loss": 0.05327026743636748, "_timestamp": 1697036833.8573432, "_runtime": 24.526583194732666, "_step": 159, "val_acc": 85.54913330078125, "_wandb": {"runtime": 24}}