{"train_loss": 0.04069916833581966, "_timestamp": 1696995008.9453053, "_runtime": 25.637603282928467, "_step": 194, "val_acc": 85.54913330078125, "_wandb": {"runtime": 25}}