{"train_loss": 0.07092113941258123, "_timestamp": 1697106682.6438603, "_runtime": 36.440266370773315, "_step": 255, "val_acc": 84.97109985351562, "_wandb": {"runtime": 36}}