{"train_loss": 0.038383454325349, "_timestamp": 1697065248.6305108, "_runtime": 19.48740792274475, "_step": 141, "val_acc": 84.39306640625, "_wandb": {"runtime": 19}}