{"train_loss": 0.09816602134310944, "_timestamp": 1697011942.003406, "_runtime": 40.36881995201111, "_step": 279, "val_acc": 87.28323364257812, "_wandb": {"runtime": 39}}