{"train_loss": 0.08048330691404813, "_timestamp": 1696995764.9235566, "_runtime": 29.926746606826782, "_step": 234, "val_acc": 84.39306640625, "_wandb": {"runtime": 29}}