{"train_loss": 0.06799638949247987, "_timestamp": 1697038824.7372186, "_runtime": 15.399670600891113, "_step": 104, "val_acc": 84.39306640625, "_wandb": {"runtime": 14}}