{"train_loss": 0.04785029064365771, "_timestamp": 1697045883.10385, "_runtime": 21.894319772720337, "_step": 165, "val_acc": 87.28323364257812, "_wandb": {"runtime": 21}}