{"train_loss": 0.19628482117036053, "_timestamp": 1697044779.4614997, "_runtime": 11.50395679473877, "_step": 57, "val_acc": 84.97109985351562, "_wandb": {"runtime": 11}}