{"train_loss": 1.2577784653954116, "_timestamp": 1696913405.050018, "_runtime": 871.6479680538177, "_step": 21, "val_acc": 0.49132949113845825, "_wandb": {"runtime": 871}}