{"train_loss": 0.03796960240186647, "_timestamp": 1697075782.8548248, "_runtime": 35.09944176673889, "_step": 288, "val_acc": 87.28323364257812, "_wandb": {"runtime": 34}}