{"train_loss": 0.03558656077024522, "_timestamp": 1697094197.4586985, "_runtime": 38.95368552207947, "_step": 276, "val_acc": 86.7052001953125, "_wandb": {"runtime": 38}}