{"train_loss": 0.053212305599942715, "_timestamp": 1697104534.8988898, "_runtime": 41.63866376876831, "_step": 299, "val_acc": 86.12716674804688, "_wandb": {"runtime": 41}}