{"train_loss": 0.1764058985877349, "_timestamp": 1696983080.0414839, "_runtime": 16.195169925689697, "_step": 96, "val_acc": 79.19075012207031, "_wandb": {"runtime": 15}}