{"train_loss": 0.07373081017718759, "_timestamp": 1697034511.1579225, "_runtime": 17.50057554244995, "_step": 125, "val_acc": 84.39306640625, "_wandb": {"runtime": 17}}