{"train_loss": 0.17543598446388578, "_timestamp": 1697022090.3531044, "_runtime": 19.392451286315918, "_step": 120, "val_acc": 87.86127471923828, "_wandb": {"runtime": 19}}