{"train_loss": 0.03130597238385573, "_timestamp": 1697003674.7816288, "_runtime": 22.468774795532227, "_step": 167, "val_acc": 87.86127471923828, "_wandb": {"runtime": 22}}