{"train_loss": 0.11627145625954104, "_timestamp": 1697108469.5133383, "_runtime": 22.09572124481201, "_step": 138, "val_acc": 86.12716674804688, "_wandb": {"runtime": 21}}