{"train_loss": 0.0243142117775955, "_timestamp": 1696972918.2929244, "_runtime": 28.315300464630127, "_step": 227, "val_acc": 86.7052001953125, "_wandb": {"runtime": 27}}