{"train_loss": 0.11750210483347304, "_timestamp": 1696980184.5901935, "_runtime": 30.606441497802734, "_step": 212, "val_acc": 84.97109985351562, "_wandb": {"runtime": 30}}