{"train_loss": 0.06301504334564818, "_timestamp": 1697093037.6913466, "_runtime": 15.76788854598999, "_step": 110, "val_acc": 83.23699188232422, "_wandb": {"runtime": 15}}