{"train_loss": 0.03530590863340686, "_timestamp": 1697053219.2802129, "_runtime": 26.665652990341187, "_step": 212, "val_acc": 85.54913330078125, "_wandb": {"runtime": 26}}