{"train_loss": 0.07781901002623313, "_timestamp": 1697050382.0207787, "_runtime": 15.421982765197754, "_step": 104, "val_acc": 86.12716674804688, "_wandb": {"runtime": 15}}