{"train_loss": 0.10166117171540337, "_timestamp": 1697117073.7661784, "_runtime": 15.013381481170654, "_step": 99, "val_acc": 87.28323364257812, "_wandb": {"runtime": 14}}