{"train_loss": 0.07558352581420263, "_timestamp": 1697057173.8639443, "_runtime": 15.666677236557007, "_step": 107, "val_acc": 86.12716674804688, "_wandb": {"runtime": 15}}