{"train_loss": 0.26214568160994106, "_timestamp": 1697055786.0847194, "_runtime": 8.674546480178833, "_step": 36, "val_acc": 85.54913330078125, "_wandb": {"runtime": 8}}