{"train_loss": 0.11021135391147677, "_timestamp": 1697123614.5197701, "_runtime": 21.70803713798523, "_step": 138, "val_acc": 84.39306640625, "_wandb": {"runtime": 21}}