{"train_loss": 0.06329708076407049, "_timestamp": 1696993708.3179932, "_runtime": 25.38753914833069, "_step": 161, "val_acc": 87.28323364257812, "_wandb": {"runtime": 24}}