{"train_loss": 0.08686189349675767, "_timestamp": 1696979846.279387, "_runtime": 22.521514892578125, "_step": 143, "val_acc": 84.39306640625, "_wandb": {"runtime": 22}}