{"train_loss": 0.12318063448832998, "_timestamp": 1697070271.0799325, "_runtime": 34.24296450614929, "_step": 239, "val_acc": 87.86127471923828, "_wandb": {"runtime": 33}}