{"train_loss": 0.03641280531341773, "_timestamp": 1697011543.77122, "_runtime": 38.37677001953125, "_step": 264, "val_acc": 86.12716674804688, "_wandb": {"runtime": 38}}