{"train_loss": 1.1749956302864606, "_timestamp": 1697127783.6519723, "_runtime": 17.526445388793945, "_step": 105, "val_acc": 81.50289154052734, "_wandb": {"runtime": 17}}