{"train_loss": 0.09270885142600598, "_timestamp": 1697007160.0821953, "_runtime": 36.205196380615234, "_step": 252, "val_acc": 82.08092498779297, "_wandb": {"runtime": 35}}