{"train_loss": 0.14993383155507578, "_timestamp": 1697006718.9537625, "_runtime": 16.65959858894348, "_step": 96, "val_acc": 83.81502532958984, "_wandb": {"runtime": 16}}