{"train_loss": 0.04424337070803483, "_timestamp": 1697047930.623619, "_runtime": 26.98892903327942, "_step": 212, "val_acc": 87.86127471923828, "_wandb": {"runtime": 26}}