{"train_loss": 0.10792298257610826, "_timestamp": 1697124503.2137315, "_runtime": 11.384060621261597, "_step": 68, "val_acc": 85.54913330078125, "_wandb": {"runtime": 11}}