{"train_loss": 0.16076240780611717, "_timestamp": 1696990281.1059768, "_runtime": 16.98235273361206, "_step": 98, "val_acc": 82.6589584350586, "_wandb": {"runtime": 16}}