{"train_loss": 0.18776119736478078, "_timestamp": 1697073070.5714087, "_runtime": 11.297329664230347, "_step": 56, "val_acc": 86.12716674804688, "_wandb": {"runtime": 10}}