{"train_loss": 0.1456419464720543, "_timestamp": 1697068956.2913845, "_runtime": 11.096521377563477, "_step": 54, "val_acc": 87.28323364257812, "_wandb": {"runtime": 10}}