{"train_loss": 0.05143439924333591, "_timestamp": 1697079235.8017323, "_runtime": 26.529836416244507, "_step": 210, "val_acc": 87.86127471923828, "_wandb": {"runtime": 26}}