{"train_loss": 0.04816527100994663, "_timestamp": 1696976879.3655977, "_runtime": 17.144203662872314, "_step": 122, "val_acc": 84.97109985351562, "_wandb": {"runtime": 16}}