{"train_loss": 0.27323187610437705, "_timestamp": 1697104278.8290763, "_runtime": 7.457461357116699, "_step": 32, "val_acc": 80.92485809326172, "_wandb": {"runtime": 7}}