{"train_loss": 0.16224694189204034, "_timestamp": 1697060201.643108, "_runtime": 10.397247791290283, "_step": 50, "val_acc": 83.81502532958984, "_wandb": {"runtime": 10}}