{"train_loss": 0.03308840046181928, "_timestamp": 1697041266.6373727, "_runtime": 32.06051468849182, "_step": 260, "val_acc": 86.12716674804688, "_wandb": {"runtime": 31}}