{"train_loss": 0.08846749022716743, "_timestamp": 1697023796.6518388, "_runtime": 39.22650980949402, "_step": 282, "val_acc": 86.7052001953125, "_wandb": {"runtime": 38}}