{"train_loss": 0.3240929758825967, "_timestamp": 1697096485.9282916, "_runtime": 9.185086488723755, "_step": 39, "val_acc": 84.97109985351562, "_wandb": {"runtime": 8}}