{"train_loss": 0.051979269902763324, "_timestamp": 1697119779.3311386, "_runtime": 18.111945629119873, "_step": 132, "val_acc": 84.39306640625, "_wandb": {"runtime": 17}}