{"train_loss": 0.0814918638098725, "_timestamp": 1697044338.6691825, "_runtime": 16.953229427337646, "_step": 119, "val_acc": 86.12716674804688, "_wandb": {"runtime": 16}}