{"train_loss": 0.04464369129692746, "_timestamp": 1697068693.52553, "_runtime": 26.187637090682983, "_step": 207, "val_acc": 84.97109985351562, "_wandb": {"runtime": 25}}