{"train_loss": 3.296116507330606, "_timestamp": 1696900624.3293073, "_runtime": 873.6844732761383, "_step": 14, "_wandb": {"runtime": 873}}