{"train_loss": 0.05282511268363356, "_timestamp": 1697112774.9807417, "_runtime": 22.476468801498413, "_step": 146, "val_acc": 89.59537506103516, "_wandb": {"runtime": 22}}