{"train_loss": 3.2969184174787167, "_timestamp": 1696930517.1042068, "_runtime": 872.1796958446503, "_step": 21, "val_acc": 0.04624277353286743, "_wandb": {"runtime": 871}}