{"train_loss": 0.03853189123545362, "_timestamp": 1697055524.7526689, "_runtime": 22.044238805770874, "_step": 168, "val_acc": 86.7052001953125, "_wandb": {"runtime": 21}}