{"train_loss": 0.04678718612507679, "_timestamp": 1697065531.2375574, "_runtime": 24.755497455596924, "_step": 189, "val_acc": 84.39306640625, "_wandb": {"runtime": 24}}