{"train_loss": 0.038098971615274715, "_timestamp": 1697054998.4131353, "_runtime": 29.4143123626709, "_step": 233, "val_acc": 86.12716674804688, "_wandb": {"runtime": 28}}