{"train_loss": 0.11860115517493944, "_timestamp": 1697042726.9250538, "_runtime": 16.13197374343872, "_step": 93, "val_acc": 83.81502532958984, "_wandb": {"runtime": 15}}