{"train_loss": 0.08970585542319473, "_timestamp": 1697082501.212717, "_runtime": 15.887801170349121, "_step": 110, "val_acc": 87.28323364257812, "_wandb": {"runtime": 15}}