{"train_loss": 0.036830878333286056, "_timestamp": 1697070061.7804775, "_runtime": 30.340630531311035, "_step": 245, "val_acc": 87.28323364257812, "_wandb": {"runtime": 29}}