{"train_loss": 0.050789951996574566, "_timestamp": 1697033349.1082344, "_runtime": 17.04554533958435, "_step": 119, "val_acc": 84.97109985351562, "_wandb": {"runtime": 16}}