{"train_loss": 0.1327190820106067, "_timestamp": 1697125842.5727293, "_runtime": 16.8779354095459, "_step": 99, "val_acc": 87.86127471923828, "_wandb": {"runtime": 16}}