{"train_loss": 0.047135360874668804, "_timestamp": 1697126046.0538783, "_runtime": 23.268009424209595, "_step": 179, "val_acc": 87.86127471923828, "_wandb": {"runtime": 22}}