{"train_loss": 0.03723573470271604, "_timestamp": 1696976709.7273548, "_runtime": 34.06417775154114, "_step": 276, "val_acc": 86.12716674804688, "_wandb": {"runtime": 33}}