{"train_loss": 0.04402165268656126, "_timestamp": 1697117722.0738094, "_runtime": 21.84324049949646, "_step": 164, "val_acc": 85.54913330078125, "_wandb": {"runtime": 21}}