{"train_loss": 2.2458866418794146, "_timestamp": 1697108749.7845535, "_runtime": 8.099935531616211, "_step": 36, "val_acc": 60.11560821533203, "_wandb": {"runtime": 7}}