{"train_loss": 0.07215002710595293, "_timestamp": 1696993439.2161148, "_runtime": 23.738369703292847, "_step": 177, "val_acc": 86.12716674804688, "_wandb": {"runtime": 23}}