{"train_loss": 0.08316156304127342, "_timestamp": 1697062893.3075402, "_runtime": 34.489705085754395, "_step": 242, "val_acc": 86.12716674804688, "_wandb": {"runtime": 34}}