{"train_loss": 0.03782942276014838, "_timestamp": 1697062353.3646429, "_runtime": 32.44573473930359, "_step": 264, "val_acc": 86.12716674804688, "_wandb": {"runtime": 32}}