{"train_loss": 0.16087050904075853, "_timestamp": 1697093917.5891776, "_runtime": 23.086907625198364, "_step": 152, "val_acc": 82.6589584350586, "_wandb": {"runtime": 22}}