{"train_loss": 0.07651872136481215, "_timestamp": 1697082245.3658655, "_runtime": 32.795684576034546, "_step": 227, "val_acc": 86.7052001953125, "_wandb": {"runtime": 32}}