{"train_loss": 0.1351393353353731, "_timestamp": 1697037113.7714906, "_runtime": 42.009005546569824, "_step": 299, "val_acc": 82.08092498779297, "_wandb": {"runtime": 41}}