{"train_loss": 0.16104032992125425, "_timestamp": 1696991025.6883008, "_runtime": 22.386205911636353, "_step": 140, "val_acc": 86.12716674804688, "_wandb": {"runtime": 21}}