{"train_loss": 0.040381090187597585, "_timestamp": 1697033394.738918, "_runtime": 36.865029096603394, "_step": 258, "val_acc": 86.7052001953125, "_wandb": {"runtime": 36}}