{"train_loss": 0.07140163561128902, "_timestamp": 1697097234.3173661, "_runtime": 40.67701506614685, "_step": 287, "val_acc": 84.97109985351562, "_wandb": {"runtime": 40}}