{"train_loss": 0.09777985603364488, "_timestamp": 1696995952.3569274, "_runtime": 42.75493931770325, "_step": 296, "val_acc": 85.54913330078125, "_wandb": {"runtime": 42}}