{"train_loss": 0.030466334899714172, "_timestamp": 1696972033.327802, "_runtime": 41.94713592529297, "_step": 257, "val_acc": 87.28323364257812, "_wandb": {"runtime": 41}}