{"train_loss": 0.05122397597175265, "_timestamp": 1697044016.7881088, "_runtime": 26.086500883102417, "_step": 204, "val_acc": 84.39306640625, "_wandb": {"runtime": 25}}