{"train_loss": 0.33751084170369217, "_timestamp": 1697018603.8018591, "_runtime": 10.364635229110718, "_step": 48, "val_acc": 76.87861633300781, "_wandb": {"runtime": 9}}