{"train_loss": 0.10125962148832027, "_timestamp": 1697097644.5721662, "_runtime": 29.576571226119995, "_step": 201, "val_acc": 82.6589584350586, "_wandb": {"runtime": 29}}