{"train_loss": 0.04601901484826623, "_timestamp": 1697010334.957792, "_runtime": 30.72705912590027, "_step": 245, "val_acc": 89.01734161376953, "_wandb": {"runtime": 30}}