{"train_loss": 0.04698568588355556, "_timestamp": 1697042282.2498672, "_runtime": 29.968062162399292, "_step": 204, "val_acc": 86.7052001953125, "_wandb": {"runtime": 29}}