{"train_loss": 0.16721574017821356, "_timestamp": 1697038887.026494, "_runtime": 10.728518962860107, "_step": 50, "val_acc": 87.86127471923828, "_wandb": {"runtime": 10}}