{"train_loss": 0.10005313521900842, "_timestamp": 1696997584.65648, "_runtime": 14.332332134246826, "_step": 93, "val_acc": 83.81502532958984, "_wandb": {"runtime": 13}}