{"train_loss": 0.0973113056781247, "_timestamp": 1697071074.9324603, "_runtime": 33.513625383377075, "_step": 236, "val_acc": 81.50289154052734, "_wandb": {"runtime": 33}}