{"train_loss": 0.08157397584846178, "_timestamp": 1697052703.1180866, "_runtime": 37.41011667251587, "_step": 263, "val_acc": 86.7052001953125, "_wandb": {"runtime": 36}}