{"train_loss": 0.02224464056645195, "_timestamp": 1696977143.4001694, "_runtime": 33.496073484420776, "_step": 275, "val_acc": 86.7052001953125, "_wandb": {"runtime": 33}}