{"train_loss": 0.08569666102182033, "_timestamp": 1696986464.0339196, "_runtime": 33.492196559906006, "_step": 224, "val_acc": 81.50289154052734, "_wandb": {"runtime": 33}}