{"train_loss": 0.04468541831146319, "_timestamp": 1696974412.2826283, "_runtime": 26.683756351470947, "_step": 210, "val_acc": 85.54913330078125, "_wandb": {"runtime": 26}}