{"train_loss": 0.07553057660088809, "_timestamp": 1697057050.5527706, "_runtime": 26.478529691696167, "_step": 176, "val_acc": 84.97109985351562, "_wandb": {"runtime": 25}}