{"train_loss": 0.03386206179857254, "_timestamp": 1697095671.5053809, "_runtime": 34.319408893585205, "_step": 282, "val_acc": 83.81502532958984, "_wandb": {"runtime": 33}}