{"train_loss": 0.11077936857310665, "_timestamp": 1697104089.5717728, "_runtime": 34.8089497089386, "_step": 237, "val_acc": 82.6589584350586, "_wandb": {"runtime": 34}}