{"train_loss": 0.09208064457823978, "_timestamp": 1696995405.7409656, "_runtime": 41.859896659851074, "_step": 287, "val_acc": 89.01734161376953, "_wandb": {"runtime": 41}}