{"train_loss": 0.03067476386854122, "_timestamp": 1697054524.0789156, "_runtime": 29.94644570350647, "_step": 239, "val_acc": 86.7052001953125, "_wandb": {"runtime": 29}}