{"train_loss": 1.6152628050294033, "_timestamp": 1697080949.7548823, "_runtime": 9.728981256484985, "_step": 53, "val_acc": 70.52023315429688, "_wandb": {"runtime": 9}}