{"train_loss": 0.05895090806514545, "_timestamp": 1696978215.007853, "_runtime": 40.745402097702026, "_step": 288, "val_acc": 83.23699188232422, "_wandb": {"runtime": 40}}