{"train_loss": 0.08435102745140687, "_timestamp": 1697072687.0598106, "_runtime": 29.36831259727478, "_step": 200, "val_acc": 89.59537506103516, "_wandb": {"runtime": 28}}