{"train_loss": 0.11768940325046695, "_timestamp": 1697084000.7413557, "_runtime": 11.722485542297363, "_step": 71, "val_acc": 83.23699188232422, "_wandb": {"runtime": 11}}