{"train_loss": 0.11232553543062708, "_timestamp": 1697064798.9619558, "_runtime": 29.372997760772705, "_step": 194, "val_acc": 84.97109985351562, "_wandb": {"runtime": 28}}