{"train_loss": 0.01880074912400613, "_timestamp": 1697010585.006453, "_runtime": 34.22726893424988, "_step": 278, "val_acc": 87.86127471923828, "_wandb": {"runtime": 33}}