{"train_loss": 0.19107555862256262, "_timestamp": 1697022803.1736107, "_runtime": 9.39722466468811, "_step": 50, "val_acc": 86.12716674804688, "_wandb": {"runtime": 9}}