{"train_loss": 0.2261884790347066, "_timestamp": 1697074462.2640283, "_runtime": 9.101102352142334, "_step": 39, "val_acc": 81.50289154052734, "_wandb": {"runtime": 8}}