{"train_loss": 0.17889222130179405, "_timestamp": 1697060664.0127137, "_runtime": 13.482497692108154, "_step": 72, "val_acc": 82.6589584350586, "_wandb": {"runtime": 13}}