{"train_loss": 0.09390736666919533, "_timestamp": 1697059783.0045588, "_runtime": 19.245542764663696, "_step": 119, "val_acc": 83.23699188232422, "_wandb": {"runtime": 18}}