{"train_loss": 0.09168863426460776, "_timestamp": 1697076742.620978, "_runtime": 17.71117615699768, "_step": 107, "val_acc": 86.7052001953125, "_wandb": {"runtime": 17}}