{"train_loss": 0.32637720988240354, "_timestamp": 1697048217.7097685, "_runtime": 8.298627614974976, "_step": 32, "val_acc": 84.97109985351562, "_wandb": {"runtime": 7}}