{"train_loss": 0.20886578584133192, "_timestamp": 1696984629.721995, "_runtime": 9.665319204330444, "_step": 41, "val_acc": 87.28323364257812, "_wandb": {"runtime": 9}}