{"train_loss": 0.10137118875092371, "_timestamp": 1696978378.5566993, "_runtime": 24.083620309829712, "_step": 159, "val_acc": 83.23699188232422, "_wandb": {"runtime": 23}}