{"train_loss": 0.0335752661529452, "_timestamp": 1696992042.8447537, "_runtime": 24.585490703582764, "_step": 186, "val_acc": 87.28323364257812, "_wandb": {"runtime": 24}}