{"train_loss": 0.03130177562504054, "_timestamp": 1697024749.0927012, "_runtime": 27.211929082870483, "_step": 213, "val_acc": 86.7052001953125, "_wandb": {"runtime": 26}}