{"train_loss": 0.17702609190154214, "_timestamp": 1697083372.6915348, "_runtime": 14.02948784828186, "_step": 78, "val_acc": 80.92485809326172, "_wandb": {"runtime": 13}}