{"train_loss": 0.08960586298408724, "_timestamp": 1696989549.82567, "_runtime": 30.8763689994812, "_step": 204, "val_acc": 84.97109985351562, "_wandb": {"runtime": 30}}