{"train_loss": 0.10405123649641525, "_timestamp": 1697008217.1921182, "_runtime": 24.763318061828613, "_step": 192, "val_acc": 84.97109985351562, "_wandb": {"runtime": 24}}