{"train_loss": 0.041745058742763345, "_timestamp": 1697063838.8210104, "_runtime": 23.67217230796814, "_step": 182, "val_acc": 86.7052001953125, "_wandb": {"runtime": 23}}