{"train_loss": 0.07998818708150539, "_timestamp": 1697098439.9324734, "_runtime": 23.26519751548767, "_step": 180, "val_acc": 85.54913330078125, "_wandb": {"runtime": 22}}