{"train_loss": 0.10462696391948346, "_timestamp": 1697048173.5074387, "_runtime": 36.23922657966614, "_step": 254, "val_acc": 87.86127471923828, "_wandb": {"runtime": 35}}