{"train_loss": 0.034183788389444004, "_timestamp": 1697019599.3230987, "_runtime": 29.839122772216797, "_step": 240, "val_acc": 86.12716674804688, "_wandb": {"runtime": 29}}