{"train_loss": 0.06837427281019234, "_timestamp": 1697033208.996633, "_runtime": 26.3660089969635, "_step": 174, "val_acc": 86.12716674804688, "_wandb": {"runtime": 25}}