{"train_loss": 0.36450330254643465, "_timestamp": 1697071009.4889355, "_runtime": 9.61961555480957, "_step": 42, "val_acc": 84.97109985351562, "_wandb": {"runtime": 9}}