{"train_loss": 0.05265135556827624, "_timestamp": 1697024182.1306722, "_runtime": 23.398728132247925, "_step": 179, "val_acc": 86.7052001953125, "_wandb": {"runtime": 23}}