{"train_loss": 0.04434097463909407, "_timestamp": 1697070907.5641267, "_runtime": 41.03789782524109, "_step": 296, "val_acc": 86.12716674804688, "_wandb": {"runtime": 40}}