{"train_loss": 0.026303880761355855, "_timestamp": 1697112173.662396, "_runtime": 33.24431800842285, "_step": 270, "val_acc": 86.7052001953125, "_wandb": {"runtime": 32}}