{"train_loss": 0.08150160805387206, "_timestamp": 1697053980.7407184, "_runtime": 18.87382435798645, "_step": 117, "val_acc": 85.54913330078125, "_wandb": {"runtime": 18}}