{"train_loss": 0.06391985879041427, "_timestamp": 1696992658.4899125, "_runtime": 15.351977586746216, "_step": 102, "val_acc": 84.97109985351562, "_wandb": {"runtime": 14}}