{"train_loss": 0.09269910472239433, "_timestamp": 1696982074.5141788, "_runtime": 32.996187686920166, "_step": 221, "val_acc": 84.39306640625, "_wandb": {"runtime": 32}}