{"train_loss": 0.04719268362211107, "_timestamp": 1697011681.7196062, "_runtime": 42.38713312149048, "_step": 293, "val_acc": 86.7052001953125, "_wandb": {"runtime": 42}}