{"train_loss": 0.06191090392057112, "_timestamp": 1697053594.5971713, "_runtime": 20.228779315948486, "_step": 125, "val_acc": 87.28323364257812, "_wandb": {"runtime": 19}}