{"train_loss": 0.13417115879006858, "_timestamp": 1697090675.3938353, "_runtime": 19.185351371765137, "_step": 119, "val_acc": 87.86127471923828, "_wandb": {"runtime": 18}}