{"train_loss": 0.01816167648973723, "_timestamp": 1697032927.9941828, "_runtime": 33.60966992378235, "_step": 278, "val_acc": 86.12716674804688, "_wandb": {"runtime": 33}}