{"train_loss": 0.062410776273260804, "_timestamp": 1696979171.5528746, "_runtime": 33.58970665931702, "_step": 222, "val_acc": 84.39306640625, "_wandb": {"runtime": 31}}