{"train_loss": 0.07350117349347403, "_timestamp": 1696988929.168561, "_runtime": 17.91185998916626, "_step": 125, "val_acc": 89.01734161376953, "_wandb": {"runtime": 17}}