{"train_loss": 0.027225501289141776, "_timestamp": 1697027033.7262888, "_runtime": 26.25222682952881, "_step": 174, "val_acc": 89.59537506103516, "_wandb": {"runtime": 25}}