{"train_loss": 0.09060089067057815, "_timestamp": 1697120991.2183836, "_runtime": 19.875845432281494, "_step": 123, "val_acc": 83.81502532958984, "_wandb": {"runtime": 19}}