{"train_loss": 0.02579485781783195, "_timestamp": 1697053027.4379642, "_runtime": 36.07000112533569, "_step": 299, "val_acc": 86.7052001953125, "_wandb": {"runtime": 35}}