{"train_loss": 0.053320542790082304, "_timestamp": 1697087615.1061747, "_runtime": 18.055071592330933, "_step": 129, "val_acc": 87.86127471923828, "_wandb": {"runtime": 17}}