{"train_loss": 0.0875086149980509, "_timestamp": 1696974593.1005468, "_runtime": 25.37148380279541, "_step": 170, "val_acc": 83.23699188232422, "_wandb": {"runtime": 24}}