{"train_loss": 0.07890673562191254, "_timestamp": 1697111036.5006511, "_runtime": 19.75493311882019, "_step": 146, "val_acc": 87.86127471923828, "_wandb": {"runtime": 19}}