{"train_loss": 0.24352600113597028, "_timestamp": 1697118714.041559, "_runtime": 9.495264053344727, "_step": 42, "val_acc": 81.50289154052734, "_wandb": {"runtime": 9}}