{"train_loss": 0.07284622128814632, "_timestamp": 1697086541.511181, "_runtime": 26.599037170410156, "_step": 179, "val_acc": 85.54913330078125, "_wandb": {"runtime": 26}}