{"train_loss": 1.6488463500328436, "_timestamp": 1696925215.2302532, "_runtime": 869.2041893005371, "_step": 21, "val_acc": 0.3583815097808838, "_wandb": {"runtime": 868}}