{"train_loss": 0.09841855743163547, "_timestamp": 1697112798.8733864, "_runtime": 15.535831451416016, "_step": 90, "val_acc": 87.86127471923828, "_wandb": {"runtime": 15}}