{"train_loss": 0.12951815459703983, "_timestamp": 1697066926.3332222, "_runtime": 13.283527135848999, "_step": 71, "val_acc": 86.12716674804688, "_wandb": {"runtime": 12}}