{"train_loss": 0.05941590524906682, "_timestamp": 1696992072.9299717, "_runtime": 23.722078800201416, "_step": 177, "val_acc": 82.6589584350586, "_wandb": {"runtime": 23}}