{"train_loss": 0.04500334146080625, "_timestamp": 1697043754.4930248, "_runtime": 31.1179518699646, "_step": 254, "val_acc": 83.23699188232422, "_wandb": {"runtime": 30}}