{"train_loss": 0.1755531661883863, "_timestamp": 1697077877.0857022, "_runtime": 16.71350908279419, "_step": 98, "val_acc": 82.08092498779297, "_wandb": {"runtime": 16}}