{"train_loss": 0.19037576734499875, "_timestamp": 1697033713.4000018, "_runtime": 8.527557849884033, "_step": 41, "val_acc": 82.6589584350586, "_wandb": {"runtime": 8}}