{"train_loss": 0.018023911836492115, "_timestamp": 1697021013.3640776, "_runtime": 34.72355365753174, "_step": 285, "val_acc": 86.7052001953125, "_wandb": {"runtime": 34}}