{"train_loss": 0.2138794795718304, "_timestamp": 1697062026.5436554, "_runtime": 9.755442380905151, "_step": 44, "val_acc": 84.97109985351562, "_wandb": {"runtime": 9}}