{"train_loss": 0.06758234697274951, "_timestamp": 1697013230.4072096, "_runtime": 35.879438638687134, "_step": 245, "val_acc": 86.12716674804688, "_wandb": {"runtime": 35}}