{"train_loss": 0.1565851373706273, "_timestamp": 1697031921.1195655, "_runtime": 10.428399562835693, "_step": 50, "val_acc": 84.39306640625, "_wandb": {"runtime": 10}}