{"train_loss": 0.32895283539627873, "_timestamp": 1697119494.9312847, "_runtime": 13.713083744049072, "_step": 89, "val_acc": 84.97109985351562, "_wandb": {"runtime": 13}}