{"train_loss": 0.12407478735901328, "_timestamp": 1697017203.957507, "_runtime": 35.18205690383911, "_step": 240, "val_acc": 82.08092498779297, "_wandb": {"runtime": 34}}