{"train_loss": 0.031638665318348295, "_timestamp": 1696977966.8358145, "_runtime": 39.16873335838318, "_step": 279, "val_acc": 82.6589584350586, "_wandb": {"runtime": 38}}