{"train_loss": 0.1368191653678497, "_timestamp": 1697103562.1907609, "_runtime": 20.96208691596985, "_step": 134, "val_acc": 83.23699188232422, "_wandb": {"runtime": 20}}