{"train_loss": 1.039640774007996, "_timestamp": 1696934912.7570572, "_runtime": 869.5072541236877, "_step": 21, "val_acc": 0.5549132823944092, "_wandb": {"runtime": 869}}