{"train_loss": 0.07785903398748921, "_timestamp": 1697029407.1615095, "_runtime": 38.684977531433105, "_step": 270, "val_acc": 86.7052001953125, "_wandb": {"runtime": 38}}