{"train_loss": 0.1232788068794667, "_timestamp": 1697121346.1214464, "_runtime": 23.34788942337036, "_step": 144, "val_acc": 84.39306640625, "_wandb": {"runtime": 22}}