{"train_loss": 0.04079832607706965, "_timestamp": 1697086106.5056868, "_runtime": 20.071448802947998, "_step": 147, "val_acc": 86.12716674804688, "_wandb": {"runtime": 19}}