{"train_loss": 0.1916949803031288, "_timestamp": 1697101948.0304565, "_runtime": 19.202351570129395, "_step": 120, "val_acc": 80.92485809326172, "_wandb": {"runtime": 18}}