{"train_loss": 0.06425622688622626, "_timestamp": 1697037788.6141837, "_runtime": 34.433836698532104, "_step": 240, "val_acc": 82.6589584350586, "_wandb": {"runtime": 34}}