{"train_loss": 0.3625588354676269, "_timestamp": 1697027576.643792, "_runtime": 7.305063009262085, "_step": 30, "val_acc": 86.12716674804688, "_wandb": {"runtime": 6}}