{"train_loss": 0.05271646367429301, "_timestamp": 1696979636.0525904, "_runtime": 15.54353642463684, "_step": 105, "val_acc": 86.12716674804688, "_wandb": {"runtime": 15}}