{"train_loss": 0.057658104274725154, "_timestamp": 1697076627.4992468, "_runtime": 31.5372257232666, "_step": 218, "val_acc": 84.97109985351562, "_wandb": {"runtime": 31}}