{"train_loss": 0.08687148131376002, "_timestamp": 1697065166.564045, "_runtime": 21.56981086730957, "_step": 134, "val_acc": 89.01734161376953, "_wandb": {"runtime": 20}}