{"train_loss": 0.11778156867055872, "_timestamp": 1696974523.7064428, "_runtime": 19.779079914093018, "_step": 125, "val_acc": 84.39306640625, "_wandb": {"runtime": 19}}