{"train_loss": 0.020034049976032312, "_timestamp": 1697053357.9370966, "_runtime": 36.34715461730957, "_step": 299, "val_acc": 86.7052001953125, "_wandb": {"runtime": 35}}