{"train_loss": 0.18546172837878383, "_timestamp": 1696987806.3958185, "_runtime": 11.896780490875244, "_step": 57, "val_acc": 82.6589584350586, "_wandb": {"runtime": 11}}