{"train_loss": 0.05075857363273065, "_timestamp": 1697013689.8369753, "_runtime": 25.39455223083496, "_step": 195, "val_acc": 85.54913330078125, "_wandb": {"runtime": 25}}