{"train_loss": 0.018797357607264677, "_timestamp": 1697049708.1870003, "_runtime": 34.40383815765381, "_step": 285, "val_acc": 88.4393081665039, "_wandb": {"runtime": 34}}