{"train_loss": 2.0880159084186998, "_timestamp": 1697058615.6351988, "_runtime": 28.453958749771118, "_step": 227, "val_acc": 64.73988342285156, "_wandb": {"runtime": 28}}