{"train_loss": 0.11980321585352338, "_timestamp": 1697057736.524644, "_runtime": 10.611775875091553, "_step": 60, "val_acc": 83.81502532958984, "_wandb": {"runtime": 10}}