{"train_loss": 0.034605770388098304, "_timestamp": 1697023166.3652365, "_runtime": 32.2691445350647, "_step": 261, "val_acc": 87.28323364257812, "_wandb": {"runtime": 31}}