{"train_loss": 0.07414063227601177, "_timestamp": 1696988485.6649768, "_runtime": 21.184281826019287, "_step": 131, "val_acc": 84.97109985351562, "_wandb": {"runtime": 20}}