{"train_loss": 0.09792608010777554, "_timestamp": 1697075474.5649323, "_runtime": 17.074117422103882, "_step": 104, "val_acc": 86.12716674804688, "_wandb": {"runtime": 16}}