{"train_loss": 0.0676624626137836, "_timestamp": 1697009930.5745873, "_runtime": 31.92485737800598, "_step": 258, "val_acc": 86.7052001953125, "_wandb": {"runtime": 31}}