{"train_loss": 0.08812581058618678, "_timestamp": 1697010541.2242806, "_runtime": 36.274147510528564, "_step": 249, "val_acc": 83.81502532958984, "_wandb": {"runtime": 35}}