{"train_loss": 0.047650918276536516, "_timestamp": 1696997874.8233192, "_runtime": 30.1148841381073, "_step": 239, "val_acc": 85.54913330078125, "_wandb": {"runtime": 29}}