{"train_loss": 0.11568307296676171, "_timestamp": 1697038747.2926245, "_runtime": 41.03210139274597, "_step": 291, "val_acc": 84.39306640625, "_wandb": {"runtime": 40}}