{"train_loss": 0.028467166150898435, "_timestamp": 1697080643.6352057, "_runtime": 29.752899646759033, "_step": 242, "val_acc": 86.12716674804688, "_wandb": {"runtime": 29}}