{"train_loss": 0.08485078279925294, "_timestamp": 1697028165.206302, "_runtime": 14.874027013778687, "_step": 101, "val_acc": 86.12716674804688, "_wandb": {"runtime": 14}}