{"train_loss": 0.050461819032640305, "_timestamp": 1696998541.8648546, "_runtime": 27.12986469268799, "_step": 210, "val_acc": 87.86127471923828, "_wandb": {"runtime": 26}}