{"train_loss": 0.0629283984348741, "_timestamp": 1697007663.5075378, "_runtime": 36.56152391433716, "_step": 255, "val_acc": 90.17340850830078, "_wandb": {"runtime": 36}}