{"train_loss": 0.06665722925830524, "_timestamp": 1697114237.5253448, "_runtime": 28.808607816696167, "_step": 195, "val_acc": 88.4393081665039, "_wandb": {"runtime": 28}}