{"train_loss": 0.0956528284180866, "_timestamp": 1696995899.205331, "_runtime": 25.578330039978027, "_step": 162, "val_acc": 84.97109985351562, "_wandb": {"runtime": 25}}