{"train_loss": 0.07207194763387359, "_timestamp": 1696980078.3359149, "_runtime": 17.27966284751892, "_step": 104, "val_acc": 87.86127471923828, "_wandb": {"runtime": 16}}