{"train_loss": 0.09657138488038855, "_timestamp": 1697058113.8928876, "_runtime": 27.476311683654785, "_step": 182, "val_acc": 85.54913330078125, "_wandb": {"runtime": 27}}