{"train_loss": 0.08678983705020835, "_timestamp": 1697109478.3737319, "_runtime": 13.000951766967773, "_step": 83, "val_acc": 84.97109985351562, "_wandb": {"runtime": 12}}