{"train_loss": 0.079497174713165, "_timestamp": 1697108976.634764, "_runtime": 37.83414602279663, "_step": 267, "val_acc": 86.7052001953125, "_wandb": {"runtime": 37}}