{"train_loss": 0.0644456997566564, "_timestamp": 1697061274.5298684, "_runtime": 29.995134353637695, "_step": 206, "val_acc": 83.23699188232422, "_wandb": {"runtime": 29}}