{"train_loss": 0.35729930350600286, "_timestamp": 1697116756.6352372, "_runtime": 8.683788299560547, "_step": 29, "val_acc": 82.08092498779297, "_wandb": {"runtime": 7}}