{"train_loss": 0.05075383330370451, "_timestamp": 1697020393.202106, "_runtime": 21.298582077026367, "_step": 161, "val_acc": 83.81502532958984, "_wandb": {"runtime": 20}}