{"train_loss": 0.03731304923137433, "_timestamp": 1697092482.591861, "_runtime": 26.562566995620728, "_step": 210, "val_acc": 85.54913330078125, "_wandb": {"runtime": 26}}