{"train_loss": 0.085236555993825, "_timestamp": 1697117487.9007645, "_runtime": 31.22711443901062, "_step": 216, "val_acc": 86.12716674804688, "_wandb": {"runtime": 30}}