{"train_loss": NaN, "_timestamp": 1696828329.452625, "_runtime": 581.8357510566711, "_step": 9, "_wandb": {"runtime": 594}}