{"train_loss": 0.06177174773197188, "_timestamp": 1696988356.4674735, "_runtime": 20.665615558624268, "_step": 126, "val_acc": 83.23699188232422, "_wandb": {"runtime": 20}}