{"train_loss": 0.12554249856187855, "_timestamp": 1697042974.370279, "_runtime": 10.5190110206604, "_step": 59, "val_acc": 83.81502532958984, "_wandb": {"runtime": 10}}