{"train_loss": 0.03205378680641568, "_timestamp": 1697093788.0710087, "_runtime": 28.345409631729126, "_step": 227, "val_acc": 86.7052001953125, "_wandb": {"runtime": 28}}