{"train_loss": 0.048872742431000045, "_timestamp": 1697022134.3525066, "_runtime": 32.57165265083313, "_step": 263, "val_acc": 86.7052001953125, "_wandb": {"runtime": 32}}