{"train_loss": 0.13682563779442464, "_timestamp": 1697096957.3732047, "_runtime": 36.60307765007019, "_step": 255, "val_acc": 83.81502532958984, "_wandb": {"runtime": 36}}