{"train_loss": 2.1965010138445122, "_timestamp": 1697124288.3390646, "_runtime": 18.62185764312744, "_step": 135, "val_acc": 61.84971237182617, "_wandb": {"runtime": 18}}