{"train_loss": 0.18351540827668858, "_timestamp": 1697105540.6710398, "_runtime": 16.965020895004272, "_step": 102, "val_acc": 84.97109985351562, "_wandb": {"runtime": 16}}