{"train_loss": 0.03028176603892948, "_timestamp": 1697080065.974212, "_runtime": 25.976912021636963, "_step": 201, "val_acc": 86.7052001953125, "_wandb": {"runtime": 25}}