{"train_loss": 0.1071777228959078, "_timestamp": 1697115853.5620692, "_runtime": 14.540634155273438, "_step": 98, "val_acc": 82.6589584350586, "_wandb": {"runtime": 14}}