{"train_loss": 0.14082485651813967, "_timestamp": 1697003334.307717, "_runtime": 11.796669006347656, "_step": 60, "val_acc": 84.97109985351562, "_wandb": {"runtime": 11}}