{"train_loss": 0.2548937410289465, "_timestamp": 1697127173.8471444, "_runtime": 7.47981333732605, "_step": 30, "val_acc": 85.54913330078125, "_wandb": {"runtime": 7}}