{"train_loss": 0.12369244277130725, "_timestamp": 1697087929.518714, "_runtime": 12.97956395149231, "_step": 83, "val_acc": 84.39306640625, "_wandb": {"runtime": 12}}