{"train_loss": 0.1121122861635698, "_timestamp": 1697092186.1045277, "_runtime": 30.22373867034912, "_step": 206, "val_acc": 84.39306640625, "_wandb": {"runtime": 29}}