{"train_loss": 0.09477318149753088, "_timestamp": 1697106476.3714764, "_runtime": 15.808980464935303, "_step": 93, "val_acc": 84.39306640625, "_wandb": {"runtime": 15}}