{"train_loss": 0.11050522141158581, "_timestamp": 1696984453.51609, "_runtime": 15.700819969177246, "_step": 104, "val_acc": 82.08092498779297, "_wandb": {"runtime": 15}}