{"train_loss": 0.21107899553554002, "_timestamp": 1697002309.889058, "_runtime": 9.785510063171387, "_step": 44, "val_acc": 79.76878356933594, "_wandb": {"runtime": 9}}