{"train_loss": 0.022450658624049623, "_timestamp": 1697128179.0579884, "_runtime": 29.82999038696289, "_step": 237, "val_acc": 87.86127471923828, "_wandb": {"runtime": 29}}