{"train_loss": 0.02275856245352432, "_timestamp": 1697115011.265014, "_runtime": 32.27659201622009, "_step": 264, "val_acc": 87.86127471923828, "_wandb": {"runtime": 31}}