{"train_loss": 0.03789072862669263, "_timestamp": 1697038046.5624545, "_runtime": 37.01781749725342, "_step": 261, "val_acc": 82.6589584350586, "_wandb": {"runtime": 36}}