{"train_loss": 0.06075915512303973, "_timestamp": 1697108354.6323767, "_runtime": 21.437768697738647, "_step": 158, "val_acc": 87.28323364257812, "_wandb": {"runtime": 20}}