{"train_loss": 0.04267795172893594, "_timestamp": 1696990485.116297, "_runtime": 33.42395210266113, "_step": 266, "val_acc": 86.7052001953125, "_wandb": {"runtime": 32}}