{"train_loss": 0.0886691568627802, "_timestamp": 1697079771.6588147, "_runtime": 40.65366077423096, "_step": 288, "val_acc": 83.81502532958984, "_wandb": {"runtime": 40}}