{"train_loss": 0.11456548777235628, "_timestamp": 1697017637.050364, "_runtime": 15.586458921432495, "_step": 104, "val_acc": 87.28323364257812, "_wandb": {"runtime": 15}}