{"train_loss": 0.08609496740364404, "_timestamp": 1697057663.1586788, "_runtime": 34.73915767669678, "_step": 87, "val_acc": 83.81502532958984, "_wandb": {"runtime": 13}}