{"train_loss": 0.24370510378029459, "_timestamp": 1697035274.087042, "_runtime": 12.814764976501465, "_step": 69, "val_acc": 84.97109985351562, "_wandb": {"runtime": 12}}