{"train_loss": 0.051827621425577806, "_timestamp": 1696990965.5898046, "_runtime": 28.957995653152466, "_step": 192, "val_acc": 86.7052001953125, "_wandb": {"runtime": 28}}