{"train_loss": 0.03293130544642376, "_timestamp": 1696999831.640039, "_runtime": 35.94687604904175, "_step": 290, "val_acc": 86.7052001953125, "_wandb": {"runtime": 35}}