{"train_loss": 0.028007458146867278, "_timestamp": 1697099922.318791, "_runtime": 32.10951590538025, "_step": 261, "val_acc": 84.97109985351562, "_wandb": {"runtime": 31}}