{"train_loss": NaN, "_timestamp": 1696816572.3072002, "_runtime": 293.65917229652405, "_step": 4, "_wandb": {"runtime": 293}}