{"train_loss": 0.058407111223353896, "_timestamp": 1696977191.9740314, "_runtime": 20.13979434967041, "_step": 150, "val_acc": 85.54913330078125, "_wandb": {"runtime": 19}}