{"train_loss": 0.1725391026932833, "_timestamp": 1696979272.615262, "_runtime": 10.065519094467163, "_step": 56, "val_acc": 82.08092498779297, "_wandb": {"runtime": 9}}