{"train_loss": 0.09715652606601632, "_timestamp": 1696974496.2098715, "_runtime": 18.095038414001465, "_step": 131, "val_acc": 84.97109985351562, "_wandb": {"runtime": 17}}