{"train_loss": 0.05935241351293963, "_timestamp": 1697024025.8735824, "_runtime": 31.7085542678833, "_step": 219, "val_acc": 83.81502532958984, "_wandb": {"runtime": 31}}