{"train_loss": 3.312469782177792, "_timestamp": 1696867992.3500283, "_runtime": 589.3341453075409, "_step": 9, "_wandb": {"runtime": 601}}