{"train_loss": 0.15065484981290822, "_timestamp": 1697056271.9482613, "_runtime": 15.631700277328491, "_step": 90, "val_acc": 86.7052001953125, "_wandb": {"runtime": 15}}