{"train_loss": 0.042594911985445856, "_timestamp": 1697034431.2561212, "_runtime": 19.77483320236206, "_step": 146, "val_acc": 86.7052001953125, "_wandb": {"runtime": 19}}