{"train_loss": 0.292050187497638, "_timestamp": 1697074906.161416, "_runtime": 7.876201152801514, "_step": 32, "val_acc": 84.39306640625, "_wandb": {"runtime": 7}}