{"train_loss": 0.16390649502187274, "_timestamp": 1697049838.559801, "_runtime": 10.202471017837524, "_step": 56, "val_acc": 83.23699188232422, "_wandb": {"runtime": 9}}