{"train_loss": 0.04533040492394722, "_timestamp": 1696986389.7733138, "_runtime": 26.671929836273193, "_step": 207, "val_acc": 84.97109985351562, "_wandb": {"runtime": 26}}