{"train_loss": 0.08836391429568446, "_timestamp": 1696979076.8913188, "_runtime": 15.907957792282104, "_step": 92, "val_acc": 86.7052001953125, "_wandb": {"runtime": 15}}