{"train_loss": 3.2962124943733215, "_timestamp": 1696963290.864106, "_runtime": 864.083291053772, "_step": 21, "val_acc": 0.04624277353286743, "_wandb": {"runtime": 863}}