{"train_loss": 0.027518000371136896, "_timestamp": 1697064199.1318495, "_runtime": 33.67189049720764, "_step": 278, "val_acc": 89.59537506103516, "_wandb": {"runtime": 33}}