{"train_loss": 0.0909262883631231, "_timestamp": 1697039471.323718, "_runtime": 27.87138319015503, "_step": 186, "val_acc": 87.86127471923828, "_wandb": {"runtime": 27}}