{"train_loss": 0.0987525038031298, "_timestamp": 1697030891.6714544, "_runtime": 12.786498546600342, "_step": 78, "val_acc": 84.39306640625, "_wandb": {"runtime": 12}}