{"train_loss": 0.020161824877547144, "_timestamp": 1697036602.676924, "_runtime": 35.387123107910156, "_step": 290, "val_acc": 85.54913330078125, "_wandb": {"runtime": 35}}