{"train_loss": 0.2295222946031149, "_timestamp": 1697011846.9345925, "_runtime": 12.229276418685913, "_step": 65, "val_acc": 83.23699188232422, "_wandb": {"runtime": 11}}