{"train_loss": 0.15307167726352292, "_timestamp": 1696980683.530295, "_runtime": 20.615046977996826, "_step": 131, "val_acc": 86.12716674804688, "_wandb": {"runtime": 20}}