{"train_loss": 0.1329836107920422, "_timestamp": 1697029275.1678476, "_runtime": 15.109511613845825, "_step": 86, "val_acc": 89.59537506103516, "_wandb": {"runtime": 14}}