{"train_loss": 0.08483067346022052, "_timestamp": 1697007384.5640771, "_runtime": 24.858517169952393, "_step": 162, "val_acc": 85.54913330078125, "_wandb": {"runtime": 24}}