{"train_loss": 0.05767731947910994, "_timestamp": 1697059335.2269378, "_runtime": 30.482143878936768, "_step": 246, "val_acc": 86.7052001953125, "_wandb": {"runtime": 30}}