{"train_loss": 0.029576244928500462, "_timestamp": 1697030111.2189233, "_runtime": 32.974905252456665, "_step": 267, "val_acc": 89.01734161376953, "_wandb": {"runtime": 32}}