{"train_loss": 0.07842347887886125, "_timestamp": 1697026590.903934, "_runtime": 23.550189971923828, "_step": 182, "val_acc": 84.39306640625, "_wandb": {"runtime": 23}}