{"train_loss": 0.04821226239031137, "_timestamp": 1697124623.8049903, "_runtime": 22.586017370224, "_step": 171, "val_acc": 85.54913330078125, "_wandb": {"runtime": 22}}