{"train_loss": 0.10934904504697336, "_timestamp": 1697119806.5364347, "_runtime": 19.313411712646484, "_step": 119, "val_acc": 84.97109985351562, "_wandb": {"runtime": 18}}