{"train_loss": 0.11074149834809738, "_timestamp": 1696996989.355468, "_runtime": 37.19685912132263, "_step": 255, "val_acc": 87.28323364257812, "_wandb": {"runtime": 36}}