{"train_loss": 0.08649778875067483, "_timestamp": 1697110034.3671186, "_runtime": 17.030306577682495, "_step": 120, "val_acc": 84.39306640625, "_wandb": {"runtime": 16}}