{"train_loss": 0.2603530970423721, "_timestamp": 1697007896.6132364, "_runtime": 33.62239933013916, "_step": 276, "val_acc": 82.08092498779297, "_wandb": {"runtime": 33}}