{"train_loss": 0.07255742205631767, "_timestamp": 1697093699.7042315, "_runtime": 17.579984426498413, "_step": 126, "val_acc": 83.81502532958984, "_wandb": {"runtime": 17}}