{"train_loss": 0.05089401065501883, "_timestamp": 1697105275.8807218, "_runtime": 15.504603862762451, "_step": 107, "val_acc": 82.08092498779297, "_wandb": {"runtime": 15}}