{"train_loss": 0.10660016610352106, "_timestamp": 1697099819.265662, "_runtime": 22.042171955108643, "_step": 143, "val_acc": 87.86127471923828, "_wandb": {"runtime": 21}}