{"train_loss": 0.048385802109869265, "_timestamp": 1697081759.6093721, "_runtime": 40.26902723312378, "_step": 287, "val_acc": 88.4393081665039, "_wandb": {"runtime": 39}}