{"train_loss": 0.05094570922123831, "_timestamp": 1697070948.6450005, "_runtime": 30.79583740234375, "_step": 249, "val_acc": 86.7052001953125, "_wandb": {"runtime": 30}}