{"train_loss": 0.3090696822158819, "_timestamp": 1697019500.8131042, "_runtime": 9.359644174575806, "_step": 42, "val_acc": 84.97109985351562, "_wandb": {"runtime": 9}}