{"train_loss": 0.08770360469514894, "_timestamp": 1697070022.7853324, "_runtime": 22.35789942741394, "_step": 141, "val_acc": 85.54913330078125, "_wandb": {"runtime": 21}}