{"train_loss": 0.021465452230903646, "_timestamp": 1697037852.7503603, "_runtime": 31.359548330307007, "_step": 254, "val_acc": 87.28323364257812, "_wandb": {"runtime": 30}}