{"train_loss": 0.06615453521818529, "_timestamp": 1697056939.861767, "_runtime": 18.887514114379883, "_step": 137, "val_acc": 84.39306640625, "_wandb": {"runtime": 18}}