{"train_loss": 0.02071872401202834, "_timestamp": 1697095256.4147146, "_runtime": 36.88560247421265, "_step": 257, "val_acc": 86.7052001953125, "_wandb": {"runtime": 36}}