{"train_loss": 0.19497721579445657, "_timestamp": 1697120194.7678802, "_runtime": 9.810976266860962, "_step": 45, "val_acc": 82.08092498779297, "_wandb": {"runtime": 9}}