{"train_loss": 0.08862994544121415, "_timestamp": 1697082531.900372, "_runtime": 20.688197135925293, "_step": 131, "val_acc": 86.12716674804688, "_wandb": {"runtime": 20}}