{"train_loss": 0.0669111539460827, "_timestamp": 1697031391.9457986, "_runtime": 28.73252558708191, "_step": 228, "val_acc": 84.39306640625, "_wandb": {"runtime": 28}}