{"train_loss": 3.2945241817208224, "_timestamp": 1696841365.5990949, "_runtime": 586.939306974411, "_step": 9, "_wandb": {"runtime": 598}}