{"train_loss": 0.07399740894216784, "_timestamp": 1697116895.113015, "_runtime": 17.848780870437622, "_step": 107, "val_acc": 86.12716674804688, "_wandb": {"runtime": 17}}