{"train_loss": 0.04883669497618495, "_timestamp": 1696991197.7143009, "_runtime": 24.26137685775757, "_step": 180, "val_acc": 86.7052001953125, "_wandb": {"runtime": 23}}