{"train_loss": 0.07659651722953936, "_timestamp": 1697127510.5167344, "_runtime": 18.345162391662598, "_step": 111, "val_acc": 84.97109985351562, "_wandb": {"runtime": 17}}