{"train_loss": 0.0934699025995986, "_timestamp": 1697016876.5056095, "_runtime": 21.707109451293945, "_step": 137, "val_acc": 85.54913330078125, "_wandb": {"runtime": 21}}