{"train_loss": 0.08090271696253398, "_timestamp": 1696988326.5221963, "_runtime": 26.76666021347046, "_step": 171, "val_acc": 89.01734161376953, "_wandb": {"runtime": 26}}