{"train_loss": 0.03674529942813828, "_timestamp": 1697001322.0559597, "_runtime": 23.773791790008545, "_step": 179, "val_acc": 87.28323364257812, "_wandb": {"runtime": 23}}