{"train_loss": 0.5495391100960697, "_timestamp": 1696922567.9147146, "_runtime": 870.9321405887604, "_step": 21, "val_acc": 0.6531791687011719, "_wandb": {"runtime": 870}}