{"train_loss": 0.06572393125442919, "_timestamp": 1697061719.4369516, "_runtime": 21.894595623016357, "_step": 165, "val_acc": 85.54913330078125, "_wandb": {"runtime": 21}}