{"train_loss": 0.06177092971670073, "_timestamp": 1697027408.6463003, "_runtime": 25.110751390457153, "_step": 167, "val_acc": 86.12716674804688, "_wandb": {"runtime": 24}}