{"train_loss": 0.035141054982167866, "_timestamp": 1697066759.2045267, "_runtime": 31.46228265762329, "_step": 255, "val_acc": 86.12716674804688, "_wandb": {"runtime": 31}}