{"train_loss": 0.03397066682119594, "_timestamp": 1697083978.1523895, "_runtime": 35.35181951522827, "_step": 293, "val_acc": 86.7052001953125, "_wandb": {"runtime": 34}}