{"train_loss": 0.09403338026103758, "_timestamp": 1697083218.642438, "_runtime": 19.227975845336914, "_step": 140, "val_acc": 86.7052001953125, "_wandb": {"runtime": 18}}