{"train_loss": 0.040626010989504975, "_timestamp": 1696985886.3079073, "_runtime": 27.913427352905273, "_step": 215, "val_acc": 86.7052001953125, "_wandb": {"runtime": 27}}