{"train_loss": 0.18053611103705194, "_timestamp": 1697107564.2385354, "_runtime": 10.276740312576294, "_step": 57, "val_acc": 84.39306640625, "_wandb": {"runtime": 9}}