{"train_loss": 0.031064696060385297, "_timestamp": 1697036067.6587892, "_runtime": 38.3128342628479, "_step": 273, "val_acc": 85.54913330078125, "_wandb": {"runtime": 37}}