{"train_loss": 0.04511487027521917, "_timestamp": 1697095630.198151, "_runtime": 23.949095010757446, "_step": 186, "val_acc": 86.12716674804688, "_wandb": {"runtime": 23}}