{"train_loss": 0.19025764692314837, "_timestamp": 1697028539.6532216, "_runtime": 8.315763711929321, "_step": 39, "val_acc": 87.28323364257812, "_wandb": {"runtime": 7}}