{"train_loss": 0.05840539234706612, "_timestamp": 1697077221.102423, "_runtime": 27.18158483505249, "_step": 183, "val_acc": 87.86127471923828, "_wandb": {"runtime": 26}}