{"train_loss": 0.034242656759425, "_timestamp": 1697085007.5780418, "_runtime": 28.630388736724854, "_step": 225, "val_acc": 84.39306640625, "_wandb": {"runtime": 28}}