{"train_loss": 3.2943321785261466, "_timestamp": 1696864958.3290975, "_runtime": 917.6834924221039, "_step": 14, "_wandb": {"runtime": 917}}