{"train_loss": 0.10200495517617741, "_timestamp": 1697054013.9741921, "_runtime": 21.041126251220703, "_step": 134, "val_acc": 86.7052001953125, "_wandb": {"runtime": 20}}