{"train_loss": 0.13305630446086789, "_timestamp": 1696983714.521559, "_runtime": 10.610625982284546, "_step": 60, "val_acc": 87.86127471923828, "_wandb": {"runtime": 10}}