{"train_loss": 0.033746274929970156, "_timestamp": 1697083933.719365, "_runtime": 26.807835817337036, "_step": 213, "val_acc": 90.17340850830078, "_wandb": {"runtime": 26}}