{"train_loss": 0.0366595083628348, "_timestamp": 1697056676.9387536, "_runtime": 39.459006547927856, "_step": 279, "val_acc": 85.54913330078125, "_wandb": {"runtime": 39}}