{"train_loss": 0.14195541855554247, "_timestamp": 1696989931.7643507, "_runtime": 11.011014699935913, "_step": 60, "val_acc": 85.54913330078125, "_wandb": {"runtime": 10}}