{"train_loss": 0.047277849587222, "_timestamp": 1697041023.678365, "_runtime": 22.086647033691406, "_step": 167, "val_acc": 84.39306640625, "_wandb": {"runtime": 21}}