{"train_loss": 0.03956909433851928, "_timestamp": 1697039431.04747, "_runtime": 28.65825915336609, "_step": 227, "val_acc": 85.54913330078125, "_wandb": {"runtime": 28}}