{"train_loss": 0.045365381474216836, "_timestamp": 1697129787.8507981, "_runtime": 36.24851322174072, "_step": 294, "val_acc": 89.59537506103516, "_wandb": {"runtime": 35}}