{"train_loss": 0.0816041519648807, "_timestamp": 1697014287.1116042, "_runtime": 15.227977275848389, "_step": 102, "val_acc": 84.39306640625, "_wandb": {"runtime": 14}}