{"train_loss": 0.0385941117189738, "_timestamp": 1697118992.152565, "_runtime": 18.366493940353394, "_step": 132, "val_acc": 84.97109985351562, "_wandb": {"runtime": 18}}