{"train_loss": 0.04749902098461292, "_timestamp": 1697036101.4763932, "_runtime": 25.936718225479126, "_step": 203, "val_acc": 85.54913330078125, "_wandb": {"runtime": 25}}