{"train_loss": 0.03072781077867677, "_timestamp": 1696999174.240482, "_runtime": 23.172754049301147, "_step": 174, "val_acc": 86.12716674804688, "_wandb": {"runtime": 22}}