{"train_loss": 0.029826168544850377, "_timestamp": 1697012384.9135995, "_runtime": 34.446319580078125, "_step": 282, "val_acc": 86.12716674804688, "_wandb": {"runtime": 34}}