{"train_loss": 0.20146265807886457, "_timestamp": 1697023982.8384054, "_runtime": 9.422771453857422, "_step": 42, "val_acc": 85.54913330078125, "_wandb": {"runtime": 9}}