{"train_loss": 0.2401450289153429, "_timestamp": 1697009308.474787, "_runtime": 17.45433211326599, "_step": 104, "val_acc": 82.6589584350586, "_wandb": {"runtime": 16}}