{"train_loss": 0.08320509593089133, "_timestamp": 1697007782.2561243, "_runtime": 30.090352296829224, "_step": 204, "val_acc": 84.39306640625, "_wandb": {"runtime": 29}}