{"train_loss": 0.15710221446487446, "_timestamp": 1696988576.09901, "_runtime": 21.379689931869507, "_step": 131, "val_acc": 80.92485809326172, "_wandb": {"runtime": 20}}