{"train_loss": 3.311199293580166, "_timestamp": 1696839244.757128, "_runtime": 894.0137910842896, "_step": 14, "_wandb": {"runtime": 893}}