{"train_loss": 0.02663346482535586, "_timestamp": 1697033578.3058987, "_runtime": 35.18645668029785, "_step": 290, "val_acc": 86.7052001953125, "_wandb": {"runtime": 34}}