{"train_loss": 0.03630885926649234, "_timestamp": 1697058789.3652923, "_runtime": 25.94455337524414, "_step": 174, "val_acc": 86.7052001953125, "_wandb": {"runtime": 25}}