{"train_loss": 0.043612716226773554, "_timestamp": 1697074253.62667, "_runtime": 27.91435980796814, "_step": 222, "val_acc": 86.7052001953125, "_wandb": {"runtime": 27}}