{"train_loss": 0.04286562143229381, "_timestamp": 1697107592.941757, "_runtime": 18.209131956100464, "_step": 132, "val_acc": 83.81502532958984, "_wandb": {"runtime": 17}}