{"train_loss": 0.08841390340307424, "_timestamp": 1697086262.9497807, "_runtime": 16.58958673477173, "_step": 116, "val_acc": 85.54913330078125, "_wandb": {"runtime": 16}}