{"train_loss": 0.032070029691419415, "_timestamp": 1697089488.3974059, "_runtime": 33.9764609336853, "_step": 278, "val_acc": 87.28323364257812, "_wandb": {"runtime": 33}}