{"train_loss": 0.10867415835301197, "_timestamp": 1697089874.5204828, "_runtime": 17.08726668357849, "_step": 102, "val_acc": 84.39306640625, "_wandb": {"runtime": 16}}