{"train_loss": 0.2435443261421697, "_timestamp": 1697028651.966495, "_runtime": 11.251394033432007, "_step": 57, "val_acc": 84.97109985351562, "_wandb": {"runtime": 10}}