{"train_loss": 0.057004846032806346, "_timestamp": 1696987032.123067, "_runtime": 39.650086879730225, "_step": 279, "val_acc": 86.7052001953125, "_wandb": {"runtime": 39}}