{"train_loss": 0.08652006230197934, "_timestamp": 1697108900.1790707, "_runtime": 23.273074626922607, "_step": 152, "val_acc": 83.23699188232422, "_wandb": {"runtime": 22}}