{"train_loss": 0.19073960362652012, "_timestamp": 1697029708.3491886, "_runtime": 10.329664468765259, "_step": 50, "val_acc": 84.39306640625, "_wandb": {"runtime": 9}}