{"train_loss": 0.027547376046260428, "_timestamp": 1697023448.3338296, "_runtime": 26.498369693756104, "_step": 209, "val_acc": 82.6589584350586, "_wandb": {"runtime": 26}}