{"train_loss": 0.16047409562350706, "_timestamp": 1697103484.6338048, "_runtime": 11.06521487236023, "_step": 65, "val_acc": 83.81502532958984, "_wandb": {"runtime": 10}}