{"train_loss": 0.07473122152001706, "_timestamp": 1697107072.2085207, "_runtime": 15.23397159576416, "_step": 104, "val_acc": 87.86127471923828, "_wandb": {"runtime": 14}}