{"train_loss": 0.029906948800956786, "_timestamp": 1696990603.5959, "_runtime": 21.957210063934326, "_step": 161, "val_acc": 89.59537506103516, "_wandb": {"runtime": 21}}