{"train_loss": 0.08809697594044211, "_timestamp": 1696982747.9347568, "_runtime": 38.10167670249939, "_step": 270, "val_acc": 87.28323364257812, "_wandb": {"runtime": 37}}