{"train_loss": 0.049876392591571395, "_timestamp": 1697121478.1759834, "_runtime": 21.131454467773438, "_step": 144, "val_acc": 86.7052001953125, "_wandb": {"runtime": 20}}