{"train_loss": 0.03934465966533956, "_timestamp": 1697101268.9266574, "_runtime": 26.066031455993652, "_step": 203, "val_acc": 84.39306640625, "_wandb": {"runtime": 25}}