{"train_loss": 0.06970119490125758, "_timestamp": 1697104853.2933345, "_runtime": 25.536627531051636, "_step": 200, "val_acc": 83.23699188232422, "_wandb": {"runtime": 25}}