{"train_loss": 0.04855957678735776, "_timestamp": 1697023211.4211218, "_runtime": 36.287240743637085, "_step": 252, "val_acc": 81.50289154052734, "_wandb": {"runtime": 35}}