{"train_loss": 0.05819174686587567, "_timestamp": 1697085322.8650343, "_runtime": 34.19634437561035, "_step": 234, "val_acc": 84.39306640625, "_wandb": {"runtime": 33}}