{"train_loss": 0.047499987951934684, "_timestamp": 1697120156.028051, "_runtime": 23.09640383720398, "_step": 177, "val_acc": 84.97109985351562, "_wandb": {"runtime": 22}}