{"train_loss": 0.06404236104707559, "_timestamp": 1697030034.5569017, "_runtime": 38.253758668899536, "_step": 266, "val_acc": 85.54913330078125, "_wandb": {"runtime": 37}}