{"train_loss": 0.1175486596171246, "_timestamp": 1697008627.4025278, "_runtime": 12.64163088798523, "_step": 80, "val_acc": 86.7052001953125, "_wandb": {"runtime": 12}}