{"train_loss": 0.02894695594143339, "_timestamp": 1697108174.302623, "_runtime": 31.56089210510254, "_step": 257, "val_acc": 86.7052001953125, "_wandb": {"runtime": 31}}