{"train_loss": 0.049262685155723414, "_timestamp": 1697042584.1558208, "_runtime": 23.261631965637207, "_step": 179, "val_acc": 84.39306640625, "_wandb": {"runtime": 22}}