{"train_loss": 0.049781511775976006, "_timestamp": 1696982958.6775258, "_runtime": 33.29229664802551, "_step": 275, "val_acc": 84.97109985351562, "_wandb": {"runtime": 32}}