{"train_loss": 0.5589067076527795, "_timestamp": 1697058755.8569863, "_runtime": 13.344816207885742, "_step": 74, "val_acc": 85.54913330078125, "_wandb": {"runtime": 11}}