{"train_loss": 0.25431133720070814, "_timestamp": 1697005123.1930232, "_runtime": 8.171118259429932, "_step": 38, "val_acc": 83.81502532958984, "_wandb": {"runtime": 7}}