{"train_loss": 0.1033047296331524, "_timestamp": 1697073962.2209725, "_runtime": 26.230761528015137, "_step": 170, "val_acc": 82.6589584350586, "_wandb": {"runtime": 25}}