{"train_loss": 0.041415158322156774, "_timestamp": 1697071846.0592122, "_runtime": 31.191070318222046, "_step": 254, "val_acc": 86.12716674804688, "_wandb": {"runtime": 30}}