{"train_loss": 0.05622030248145335, "_timestamp": 1697128320.0068219, "_runtime": 31.602235794067383, "_step": 254, "val_acc": 89.01734161376953, "_wandb": {"runtime": 31}}