{"train_loss": 0.10110352576851066, "_timestamp": 1697104996.782799, "_runtime": 39.714035987854004, "_step": 278, "val_acc": 85.54913330078125, "_wandb": {"runtime": 39}}