{"train_loss": 0.17472920575460724, "_timestamp": 1697082205.2073283, "_runtime": 8.352660417556763, "_step": 33, "val_acc": 85.54913330078125, "_wandb": {"runtime": 7}}