{"train_loss": 0.07498149677764537, "_timestamp": 1697124938.4385817, "_runtime": 15.592620611190796, "_step": 107, "val_acc": 87.28323364257812, "_wandb": {"runtime": 15}}