{"train_loss": 0.08915350943543883, "_timestamp": 1697123297.9840631, "_runtime": 13.662371158599854, "_step": 84, "val_acc": 82.6589584350586, "_wandb": {"runtime": 13}}