{"train_loss": 0.1394322795230289, "_timestamp": 1697039748.1507523, "_runtime": 25.933356285095215, "_step": 171, "val_acc": 86.12716674804688, "_wandb": {"runtime": 25}}