{"train_loss": 0.0693911636020815, "_timestamp": 1697067966.378814, "_runtime": 39.410382986068726, "_step": 276, "val_acc": 87.86127471923828, "_wandb": {"runtime": 38}}