{"train_loss": 0.1436304380835662, "_timestamp": 1697111282.2955165, "_runtime": 12.864170551300049, "_step": 81, "val_acc": 83.23699188232422, "_wandb": {"runtime": 12}}