{"train_loss": 0.061785789796822636, "_timestamp": 1697035977.6101, "_runtime": 20.19025993347168, "_step": 149, "val_acc": 84.97109985351562, "_wandb": {"runtime": 19}}