{"train_loss": 0.1558742422697156, "_timestamp": 1697002383.6415212, "_runtime": 16.928128242492676, "_step": 119, "val_acc": 83.23699188232422, "_wandb": {"runtime": 16}}