{"train_loss": 0.1785103238599245, "_timestamp": 1697048125.3863654, "_runtime": 8.950312376022339, "_step": 44, "val_acc": 83.81502532958984, "_wandb": {"runtime": 8}}