{"train_loss": 0.05846406818031832, "_timestamp": 1697117524.9575446, "_runtime": 26.985880613327026, "_step": 180, "val_acc": 86.12716674804688, "_wandb": {"runtime": 26}}