{"train_loss": 0.08477443250351001, "_timestamp": 1697027340.2442172, "_runtime": 13.489540100097656, "_step": 89, "val_acc": 86.12716674804688, "_wandb": {"runtime": 13}}