{"train_loss": 0.12901740031706732, "_timestamp": 1696990107.2315671, "_runtime": 10.172136068344116, "_step": 54, "val_acc": 86.7052001953125, "_wandb": {"runtime": 9}}