{"train_loss": 0.05762236920824318, "_timestamp": 1697107545.0200765, "_runtime": 27.043476581573486, "_step": 213, "val_acc": 85.54913330078125, "_wandb": {"runtime": 26}}