{"train_loss": 0.0, "_timestamp": 1696971245.0659742, "_runtime": 27.636759281158447, "_step": 99, "_wandb": {"runtime": 27}}