{"train_loss": 1.024700542759161, "_timestamp": 1696948185.9279082, "_runtime": 872.1292691230774, "_step": 21, "val_acc": 0.4971098303794861, "_wandb": {"runtime": 871}}