{"train_loss": 0.033806226671088575, "_timestamp": 1697078271.6685965, "_runtime": 28.758832454681396, "_step": 231, "val_acc": 86.12716674804688, "_wandb": {"runtime": 28}}