{"train_loss": 0.03277384588186261, "_timestamp": 1696994293.5311573, "_runtime": 34.900410175323486, "_step": 278, "val_acc": 84.39306640625, "_wandb": {"runtime": 34}}