{"train_loss": 0.17736385320854742, "_timestamp": 1697123314.6430035, "_runtime": 9.158968448638916, "_step": 44, "val_acc": 80.92485809326172, "_wandb": {"runtime": 8}}