{"train_loss": 0.04755908282213779, "_timestamp": 1697059973.2076857, "_runtime": 19.240166664123535, "_step": 140, "val_acc": 83.23699188232422, "_wandb": {"runtime": 18}}