{"train_loss": 0.05799874106725288, "_timestamp": 1697050462.9667447, "_runtime": 19.40550470352173, "_step": 140, "val_acc": 84.39306640625, "_wandb": {"runtime": 18}}