{"train_loss": 0.11277666254250636, "_timestamp": 1697126878.6280978, "_runtime": 22.6608567237854, "_step": 144, "val_acc": 86.7052001953125, "_wandb": {"runtime": 22}}