{"train_loss": 0.10370237019649425, "_timestamp": 1697006293.5954447, "_runtime": 17.373632669448853, "_step": 102, "val_acc": 85.54913330078125, "_wandb": {"runtime": 17}}