{"train_loss": 0.06462234377334447, "_timestamp": 1697124364.0102232, "_runtime": 42.24242925643921, "_step": 299, "val_acc": 85.54913330078125, "_wandb": {"runtime": 41}}