{"train_loss": 1.0679957425267166, "_timestamp": 1696966829.4258034, "_runtime": 869.8939905166626, "_step": 21, "val_acc": 0.5202311873435974, "_wandb": {"runtime": 869}}