{"train_loss": 0.07673176384103203, "_timestamp": 1696994408.6354697, "_runtime": 27.26034379005432, "_step": 210, "val_acc": 86.7052001953125, "_wandb": {"runtime": 26}}