{"train_loss": 0.02459028293378651, "_timestamp": 1696980723.5971403, "_runtime": 29.779890298843384, "_step": 242, "val_acc": 87.28323364257812, "_wandb": {"runtime": 29}}