{"train_loss": 0.24867574859757063, "_timestamp": 1697123986.4231486, "_runtime": 11.708940744400024, "_step": 59, "val_acc": 83.81502532958984, "_wandb": {"runtime": 11}}