{"train_loss": 0.10122180283935957, "_timestamp": 1697055572.7252054, "_runtime": 13.043854475021362, "_step": 80, "val_acc": 85.54913330078125, "_wandb": {"runtime": 12}}