{"train_loss": 0.18987587813374607, "_timestamp": 1697062591.2792537, "_runtime": 12.795655727386475, "_step": 68, "val_acc": 86.12716674804688, "_wandb": {"runtime": 12}}