{"train_loss": NaN, "_timestamp": 1696859777.483257, "_runtime": 882.7844369411469, "_step": 14, "_wandb": {"runtime": 882}}