{"train_loss": 0.05614715169974451, "_timestamp": 1697004281.2379334, "_runtime": 36.249778509140015, "_step": 249, "val_acc": 82.6589584350586, "_wandb": {"runtime": 35}}