{"train_loss": 0.2824473688595517, "_timestamp": 1697005792.8384588, "_runtime": 8.581053733825684, "_step": 35, "val_acc": 83.81502532958984, "_wandb": {"runtime": 8}}