{"train_loss": 0.07538507144551637, "_timestamp": 1697067285.5191493, "_runtime": 16.591252326965332, "_step": 116, "val_acc": 86.7052001953125, "_wandb": {"runtime": 16}}