{"train_loss": 0.023337015378570487, "_timestamp": 1697030556.4402347, "_runtime": 34.5539186000824, "_step": 281, "val_acc": 85.54913330078125, "_wandb": {"runtime": 34}}