{"train_loss": 0.07947438988471837, "_timestamp": 1697130014.027431, "_runtime": 23.626135110855103, "_step": 150, "val_acc": 86.12716674804688, "_wandb": {"runtime": 23}}