{"train_loss": 0.05215074844945352, "_timestamp": 1697002762.2831402, "_runtime": 23.395798206329346, "_step": 179, "val_acc": 84.97109985351562, "_wandb": {"runtime": 23}}