{"train_loss": 3.4298202166723653, "_timestamp": 1696829555.8323915, "_runtime": 897.2311215400696, "_step": 14, "_wandb": {"runtime": 896}}