{"train_loss": 0.2585219763392626, "_timestamp": 1696982373.7980285, "_runtime": 11.136846542358398, "_step": 42, "val_acc": 80.92485809326172, "_wandb": {"runtime": 9}}