{"train_loss": 0.08169137573865957, "_timestamp": 1697087708.128435, "_runtime": 13.28446888923645, "_step": 86, "val_acc": 84.97109985351562, "_wandb": {"runtime": 12}}