{"train_loss": 0.05356920977951526, "_timestamp": 1696999099.3321605, "_runtime": 41.57123041152954, "_step": 288, "val_acc": 85.54913330078125, "_wandb": {"runtime": 41}}