{"train_loss": 0.05238420472935189, "_timestamp": 1697034323.5534554, "_runtime": 25.36660623550415, "_step": 200, "val_acc": 87.28323364257812, "_wandb": {"runtime": 25}}