{"train_loss": 0.013000507725316078, "_timestamp": 1697124892.9435418, "_runtime": 32.36032176017761, "_step": 263, "val_acc": 83.23699188232422, "_wandb": {"runtime": 31}}