{"train_loss": 0.3031689091477283, "_timestamp": 1696974982.3428926, "_runtime": 27.331758737564087, "_step": 216, "val_acc": 83.23699188232422, "_wandb": {"runtime": 26}}