{"train_loss": 0.05901472931078007, "_timestamp": 1697029361.901712, "_runtime": 24.306975841522217, "_step": 189, "val_acc": 87.86127471923828, "_wandb": {"runtime": 23}}