{"train_loss": 0.09239443176599263, "_timestamp": 1697000369.9147735, "_runtime": 32.11758852005005, "_step": 218, "val_acc": 83.81502532958984, "_wandb": {"runtime": 31}}