{"train_loss": 0.052838058617009326, "_timestamp": 1697023056.857242, "_runtime": 20.460885047912598, "_step": 150, "val_acc": 87.28323364257812, "_wandb": {"runtime": 19}}