{"train_loss": 0.031216696781907662, "_timestamp": 1697106200.803564, "_runtime": 29.608093976974487, "_step": 239, "val_acc": 83.23699188232422, "_wandb": {"runtime": 29}}