{"train_loss": 0.03877031915756159, "_timestamp": 1696971981.1261172, "_runtime": 51.12705612182617, "_step": 278, "val_acc": 86.7052001953125, "_wandb": {"runtime": 50}}