{"train_loss": 0.06548870089572183, "_timestamp": 1697105422.617687, "_runtime": 38.045727014541626, "_step": 266, "val_acc": 82.08092498779297, "_wandb": {"runtime": 37}}