{"train_loss": 0.03420645060954442, "_timestamp": 1697020695.547042, "_runtime": 35.98401880264282, "_step": 296, "val_acc": 85.54913330078125, "_wandb": {"runtime": 35}}