{"train_loss": 0.30888291275085406, "_timestamp": 1697004299.953244, "_runtime": 8.831439971923828, "_step": 36, "val_acc": 83.23699188232422, "_wandb": {"runtime": 8}}