{"train_loss": 0.05612102863284066, "_timestamp": 1697030871.0884104, "_runtime": 33.368067264556885, "_step": 228, "val_acc": 86.12716674804688, "_wandb": {"runtime": 32}}