{"train_loss": 0.04060534388639119, "_timestamp": 1696984360.261197, "_runtime": 35.44760513305664, "_step": 267, "val_acc": 85.54913330078125, "_wandb": {"runtime": 35}}