{"train_loss": 0.044484076607257644, "_timestamp": 1697117342.7978508, "_runtime": 35.61205291748047, "_step": 294, "val_acc": 86.7052001953125, "_wandb": {"runtime": 35}}