{"train_loss": 0.043263045812383036, "_timestamp": 1697076378.6800673, "_runtime": 39.723307371139526, "_step": 284, "val_acc": 84.97109985351562, "_wandb": {"runtime": 39}}