{"train_loss": 0.14191821603061155, "_timestamp": 1697084304.2377582, "_runtime": 10.821680068969727, "_step": 62, "val_acc": 83.23699188232422, "_wandb": {"runtime": 10}}