{"train_loss": 0.024004336994758613, "_timestamp": 1697000261.8969846, "_runtime": 26.927207469940186, "_step": 209, "val_acc": 86.12716674804688, "_wandb": {"runtime": 26}}