{"train_loss": 0.1767027258418154, "_timestamp": 1697042094.06066, "_runtime": 13.245815992355347, "_step": 72, "val_acc": 83.81502532958984, "_wandb": {"runtime": 12}}