{"train_loss": 0.11949519726426103, "_timestamp": 1697048487.4031112, "_runtime": 35.763864278793335, "_step": 293, "val_acc": 84.97109985351562, "_wandb": {"runtime": 35}}