{"train_loss": 0.11334841895366607, "_timestamp": 1697074010.15245, "_runtime": 38.345744132995605, "_step": 261, "val_acc": 83.81502532958984, "_wandb": {"runtime": 37}}