{"train_loss": 0.2310772367514843, "_timestamp": 1697113370.9253392, "_runtime": 8.51572322845459, "_step": 35, "val_acc": 82.08092498779297, "_wandb": {"runtime": 8}}