{"train_loss": 0.1849241275123732, "_timestamp": 1697003100.8000991, "_runtime": 13.33892822265625, "_step": 71, "val_acc": 84.97109985351562, "_wandb": {"runtime": 12}}