{"train_loss": 0.0453440829756843, "_timestamp": 1697124657.3413818, "_runtime": 25.0609028339386, "_step": 194, "val_acc": 87.28323364257812, "_wandb": {"runtime": 24}}