{"train_loss": 0.06111420885941317, "_timestamp": 1697009000.4137995, "_runtime": 19.76633048057556, "_step": 144, "val_acc": 89.01734161376953, "_wandb": {"runtime": 19}}