{"train_loss": 0.02312688721035239, "_timestamp": 1697089126.9868898, "_runtime": 34.476449728012085, "_step": 284, "val_acc": 84.97109985351562, "_wandb": {"runtime": 34}}