{"train_loss": 0.06841301837892727, "_timestamp": 1697098589.4728746, "_runtime": 23.28765559196472, "_step": 179, "val_acc": 85.54913330078125, "_wandb": {"runtime": 22}}