{"train_loss": 0.15084735135721086, "_timestamp": 1697100152.6079335, "_runtime": 14.70788860321045, "_step": 81, "val_acc": 84.97109985351562, "_wandb": {"runtime": 14}}