{"train_loss": 0.023134650732932048, "_timestamp": 1696987973.3239639, "_runtime": 34.350029945373535, "_step": 275, "val_acc": 87.28323364257812, "_wandb": {"runtime": 33}}