{"train_loss": 0.11997331800155861, "_timestamp": 1697052294.84251, "_runtime": 10.058153867721558, "_step": 54, "val_acc": 83.23699188232422, "_wandb": {"runtime": 9}}