{"train_loss": 0.11050176284774098, "_timestamp": 1696992703.7884727, "_runtime": 14.116493701934814, "_step": 90, "val_acc": 86.12716674804688, "_wandb": {"runtime": 13}}