{"train_loss": 0.12731228462084695, "_timestamp": 1696993600.9030075, "_runtime": 20.785663604736328, "_step": 128, "val_acc": 85.54913330078125, "_wandb": {"runtime": 20}}