{"train_loss": 0.04732124006909015, "_timestamp": 1697124563.1763053, "_runtime": 34.09503626823425, "_step": 281, "val_acc": 86.12716674804688, "_wandb": {"runtime": 33}}