{"train_loss": 0.1184638034563165, "_timestamp": 1697087352.2086303, "_runtime": 22.939544439315796, "_step": 147, "val_acc": 87.86127471923828, "_wandb": {"runtime": 22}}