{"train_loss": 0.05253554208794349, "_timestamp": 1697045043.944986, "_runtime": 32.193889141082764, "_step": 222, "val_acc": 83.23699188232422, "_wandb": {"runtime": 31}}