{"train_loss": 0.08810767886190957, "_timestamp": 1697095156.13213, "_runtime": 39.73810791969299, "_step": 281, "val_acc": 83.81502532958984, "_wandb": {"runtime": 39}}