{"train_loss": 3.2960899662832883, "_timestamp": 1696933152.7647462, "_runtime": 864.3967022895813, "_step": 21, "val_acc": 0.04624277353286743, "_wandb": {"runtime": 863}}