{"train_loss": 0.027419193257945916, "_timestamp": 1697116656.5177736, "_runtime": 31.848752737045288, "_step": 260, "val_acc": 84.39306640625, "_wandb": {"runtime": 31}}