{"train_loss": 2.552440440557111, "_timestamp": 1696863417.8830187, "_runtime": 896.8223598003387, "_step": 14, "_wandb": {"runtime": 896}}