{"train_loss": 0.061834385010771195, "_timestamp": 1697107135.016568, "_runtime": 26.110018968582153, "_step": 171, "val_acc": 84.97109985351562, "_wandb": {"runtime": 25}}