{"train_loss": 0.09133122554103043, "_timestamp": 1697066676.7047458, "_runtime": 31.1873676776886, "_step": 209, "val_acc": 83.81502532958984, "_wandb": {"runtime": 30}}