{"train_loss": 0.06173248585248583, "_timestamp": 1696984314.1339304, "_runtime": 25.38397455215454, "_step": 159, "val_acc": 86.7052001953125, "_wandb": {"runtime": 24}}