{"train_loss": 0.14267225981538378, "_timestamp": 1697009280.73723, "_runtime": 12.511767148971558, "_step": 65, "val_acc": 86.12716674804688, "_wandb": {"runtime": 12}}