{"train_loss": 0.0688481126413789, "_timestamp": 1697099037.6107712, "_runtime": 13.72917628288269, "_step": 90, "val_acc": 83.23699188232422, "_wandb": {"runtime": 13}}