{"train_loss": 0.08207902774961968, "_timestamp": 1697076997.3575025, "_runtime": 39.97880554199219, "_step": 284, "val_acc": 85.54913330078125, "_wandb": {"runtime": 39}}