{"train_loss": 0.09379888290666628, "_timestamp": 1697043982.6380742, "_runtime": 32.93935418128967, "_step": 225, "val_acc": 82.08092498779297, "_wandb": {"runtime": 32}}