{"train_loss": 0.06082313576020127, "_timestamp": 1697007457.5935493, "_runtime": 20.641290187835693, "_step": 129, "val_acc": 83.81502532958984, "_wandb": {"runtime": 20}}