{"train_loss": 0.06010766209341412, "_timestamp": 1697089641.2265465, "_runtime": 16.10811758041382, "_step": 111, "val_acc": 86.7052001953125, "_wandb": {"runtime": 15}}