{"train_loss": 0.045421160784614986, "_timestamp": 1697114198.5806158, "_runtime": 20.84996485710144, "_step": 131, "val_acc": 88.4393081665039, "_wandb": {"runtime": 20}}