{"train_loss": 0.048779162123452784, "_timestamp": 1697108864.822241, "_runtime": 18.84273910522461, "_step": 137, "val_acc": 85.54913330078125, "_wandb": {"runtime": 18}}