{"train_loss": 0.07234699490241879, "_timestamp": 1697052324.9091387, "_runtime": 19.196809768676758, "_step": 140, "val_acc": 84.97109985351562, "_wandb": {"runtime": 18}}