{"train_loss": 0.10726891944271534, "_timestamp": 1697052224.620639, "_runtime": 22.731122970581055, "_step": 147, "val_acc": 86.7052001953125, "_wandb": {"runtime": 22}}