{"train_loss": 0.10413301593169223, "_timestamp": 1697031052.0253248, "_runtime": 38.899996757507324, "_step": 273, "val_acc": 81.50289154052734, "_wandb": {"runtime": 38}}