{"train_loss": 0.06680087578147216, "_timestamp": 1697088825.3787494, "_runtime": 21.35357427597046, "_step": 135, "val_acc": 85.54913330078125, "_wandb": {"runtime": 20}}