{"train_loss": 0.03458481835103919, "_timestamp": 1697096338.0351987, "_runtime": 21.024666786193848, "_step": 156, "val_acc": 88.4393081665039, "_wandb": {"runtime": 20}}