{"train_loss": 0.06228706728853827, "_timestamp": 1696987270.4998128, "_runtime": 41.64096975326538, "_step": 285, "val_acc": 84.97109985351562, "_wandb": {"runtime": 41}}