{"train_loss": 0.04442100186810591, "_timestamp": 1697016816.6338882, "_runtime": 28.824910163879395, "_step": 219, "val_acc": 86.12716674804688, "_wandb": {"runtime": 27}}