{"train_loss": 0.12864116672697196, "_timestamp": 1697004130.813521, "_runtime": 19.37682795524597, "_step": 120, "val_acc": 84.39306640625, "_wandb": {"runtime": 19}}