{"train_loss": 0.16675766618099325, "_timestamp": 1697001990.6553903, "_runtime": 8.885518312454224, "_step": 44, "val_acc": 83.23699188232422, "_wandb": {"runtime": 8}}