{"train_loss": 0.1747568154999943, "_timestamp": 1697006148.5338285, "_runtime": 16.44686460494995, "_step": 96, "val_acc": 83.81502532958984, "_wandb": {"runtime": 16}}