{"train_loss": 0.13904012899932472, "_timestamp": 1696987830.8332825, "_runtime": 15.548507452011108, "_step": 87, "val_acc": 84.97109985351562, "_wandb": {"runtime": 15}}