{"train_loss": 0.0442618356718476, "_timestamp": 1696985418.8192956, "_runtime": 30.778064727783203, "_step": 242, "val_acc": 82.08092498779297, "_wandb": {"runtime": 30}}