{"train_loss": 0.0441557302770508, "_timestamp": 1697040496.6304471, "_runtime": 35.70680618286133, "_step": 251, "val_acc": 87.86127471923828, "_wandb": {"runtime": 35}}