{"train_loss": 0.08377393784521278, "_timestamp": 1697120426.9345455, "_runtime": 19.84145951271057, "_step": 111, "val_acc": 86.7052001953125, "_wandb": {"runtime": 17}}