{"train_loss": 0.053087092746525656, "_timestamp": 1697128735.5022535, "_runtime": 33.23100757598877, "_step": 228, "val_acc": 84.39306640625, "_wandb": {"runtime": 32}}