{"train_loss": 0.09469019710411165, "_timestamp": 1697064605.348394, "_runtime": 26.25457000732422, "_step": 174, "val_acc": 80.92485809326172, "_wandb": {"runtime": 25}}