{"train_loss": 0.32262304546528087, "_timestamp": 1697122861.6586735, "_runtime": 7.617163419723511, "_step": 29, "val_acc": 84.39306640625, "_wandb": {"runtime": 7}}