{"train_loss": 0.030622487002442224, "_timestamp": 1697060286.9914641, "_runtime": 33.93521213531494, "_step": 276, "val_acc": 86.7052001953125, "_wandb": {"runtime": 33}}