{"train_loss": 0.11786020616459292, "_timestamp": 1697128755.424838, "_runtime": 12.104040145874023, "_step": 72, "val_acc": 86.7052001953125, "_wandb": {"runtime": 11}}