{"train_loss": 0.2918143472092789, "_timestamp": 1697020047.21392, "_runtime": 8.837264060974121, "_step": 38, "val_acc": 80.34681701660156, "_wandb": {"runtime": 8}}