{"train_loss": 0.03372200229611291, "_timestamp": 1697080727.2433264, "_runtime": 31.117353439331055, "_step": 255, "val_acc": 86.7052001953125, "_wandb": {"runtime": 30}}