{"train_loss": 0.07718113542610217, "_timestamp": 1697050099.982402, "_runtime": 39.561022996902466, "_step": 276, "val_acc": 83.81502532958984, "_wandb": {"runtime": 39}}