{"train_loss": 0.048250703839585185, "_timestamp": 1697082904.7521749, "_runtime": 20.39823579788208, "_step": 152, "val_acc": 84.97109985351562, "_wandb": {"runtime": 20}}