{"train_loss": 0.05573597746724561, "_timestamp": 1697116801.6176686, "_runtime": 37.647775650024414, "_step": 266, "val_acc": 83.23699188232422, "_wandb": {"runtime": 37}}