{"train_loss": 0.21669401821875295, "_timestamp": 1697089218.7926776, "_runtime": 17.520200729370117, "_step": 105, "val_acc": 86.12716674804688, "_wandb": {"runtime": 17}}