{"train_loss": 0.06475715293159146, "_timestamp": 1697034360.0209553, "_runtime": 25.73655128479004, "_step": 201, "val_acc": 87.28323364257812, "_wandb": {"runtime": 25}}