{"train_loss": 0.13044527882905027, "_timestamp": 1697009828.3803182, "_runtime": 22.66740107536316, "_step": 144, "val_acc": 86.12716674804688, "_wandb": {"runtime": 22}}