{"train_loss": 0.0652583651298787, "_timestamp": 1697000182.7914002, "_runtime": 29.873600244522095, "_step": 197, "val_acc": 86.7052001953125, "_wandb": {"runtime": 29}}