{"train_loss": 0.031392748773552824, "_timestamp": 1696978296.382617, "_runtime": 29.824450969696045, "_step": 200, "val_acc": 85.54913330078125, "_wandb": {"runtime": 29}}