{"train_loss": 0.07810060909494411, "_timestamp": 1697010079.8644273, "_runtime": 17.171541213989258, "_step": 102, "val_acc": 86.7052001953125, "_wandb": {"runtime": 16}}