{"train_loss": 0.03669219858522072, "_timestamp": 1697024214.1324277, "_runtime": 24.15031361579895, "_step": 159, "val_acc": 86.12716674804688, "_wandb": {"runtime": 23}}