{"train_loss": 0.14160408650329986, "_timestamp": 1697080783.9185002, "_runtime": 25.8183171749115, "_step": 173, "val_acc": 82.08092498779297, "_wandb": {"runtime": 25}}