{"train_loss": 0.09059738961243352, "_timestamp": 1697102261.3947558, "_runtime": 17.278551816940308, "_step": 105, "val_acc": 84.39306640625, "_wandb": {"runtime": 16}}