{"train_loss": 0.04948780716662187, "_timestamp": 1697129600.166265, "_runtime": 40.4880690574646, "_step": 285, "val_acc": 89.01734161376953, "_wandb": {"runtime": 40}}