{"train_loss": 0.2035388073472436, "_timestamp": 1697077670.5708728, "_runtime": 16.32797384262085, "_step": 95, "val_acc": 85.54913330078125, "_wandb": {"runtime": 15}}