{"train_loss": 0.029651478311956622, "_timestamp": 1697035440.8963, "_runtime": 29.446859121322632, "_step": 236, "val_acc": 84.39306640625, "_wandb": {"runtime": 29}}