{"train_loss": 0.11358440853655338, "_timestamp": 1697048705.8418736, "_runtime": 12.361308574676514, "_step": 65, "val_acc": 84.39306640625, "_wandb": {"runtime": 11}}