{"train_loss": 0.16236191209362344, "_timestamp": 1697005013.8631067, "_runtime": 17.684711694717407, "_step": 105, "val_acc": 83.23699188232422, "_wandb": {"runtime": 17}}