{"train_loss": 0.24386657199410852, "_timestamp": 1697047844.212862, "_runtime": 13.279002904891968, "_step": 72, "val_acc": 81.50289154052734, "_wandb": {"runtime": 12}}