{"train_loss": 0.17158851272231618, "_timestamp": 1696979294.9537165, "_runtime": 11.55722451210022, "_step": 59, "val_acc": 86.7052001953125, "_wandb": {"runtime": 11}}