{"train_loss": 0.07204906174136044, "_timestamp": 1697016081.3494318, "_runtime": 42.56373476982117, "_step": 299, "val_acc": 87.28323364257812, "_wandb": {"runtime": 42}}