{"train_loss": 0.03990956468691746, "_timestamp": 1697119733.400122, "_runtime": 29.3905189037323, "_step": 239, "val_acc": 87.28323364257812, "_wandb": {"runtime": 29}}