{"train_loss": 0.2436501467383878, "_timestamp": 1697077353.5029495, "_runtime": 10.377161502838135, "_step": 50, "val_acc": 83.81502532958984, "_wandb": {"runtime": 10}}