{"train_loss": 0.028424974340068306, "_timestamp": 1697021152.7490056, "_runtime": 30.18684148788452, "_step": 243, "val_acc": 84.97109985351562, "_wandb": {"runtime": 29}}