{"train_loss": 0.1348392794255254, "_timestamp": 1697005065.3676424, "_runtime": 12.34450650215149, "_step": 65, "val_acc": 82.08092498779297, "_wandb": {"runtime": 11}}