{"train_loss": 0.05049058829629144, "_timestamp": 1697069282.5931435, "_runtime": 17.275050401687622, "_step": 122, "val_acc": 86.12716674804688, "_wandb": {"runtime": 16}}