{"train_loss": 0.03601222626085198, "_timestamp": 1696989640.7269297, "_runtime": 29.043301582336426, "_step": 225, "val_acc": 86.12716674804688, "_wandb": {"runtime": 28}}