{"train_loss": 0.02235900947477582, "_timestamp": 1697127384.6008375, "_runtime": 36.58466553688049, "_step": 255, "val_acc": 88.4393081665039, "_wandb": {"runtime": 36}}