{"train_loss": 0.0865254255964659, "_timestamp": 1697047266.8064039, "_runtime": 20.512313842773438, "_step": 129, "val_acc": 83.81502532958984, "_wandb": {"runtime": 20}}