{"train_loss": 0.25237151469255603, "_timestamp": 1696998147.7808547, "_runtime": 9.988779783248901, "_step": 45, "val_acc": 86.12716674804688, "_wandb": {"runtime": 9}}