{"train_loss": 0.036025663350470534, "_timestamp": 1697098404.4048362, "_runtime": 28.92724609375, "_step": 231, "val_acc": 84.39306640625, "_wandb": {"runtime": 28}}