{"train_loss": 1.07283034019692, "_timestamp": 1697074739.4672947, "_runtime": 28.599610805511475, "_step": 228, "val_acc": 80.92485809326172, "_wandb": {"runtime": 28}}