{"train_loss": 0.20476275595814683, "_timestamp": 1697082288.1182785, "_runtime": 13.72706651687622, "_step": 90, "val_acc": 86.12716674804688, "_wandb": {"runtime": 13}}