{"train_loss": 0.10234673048347928, "_timestamp": 1697001160.4099615, "_runtime": 16.493229389190674, "_step": 96, "val_acc": 86.7052001953125, "_wandb": {"runtime": 16}}