{"train_loss": 0.10406725381522677, "_timestamp": 1697094809.4249885, "_runtime": 13.178367614746094, "_step": 84, "val_acc": 84.39306640625, "_wandb": {"runtime": 12}}