{"train_loss": 0.15182850813103277, "_timestamp": 1696984936.9923003, "_runtime": 17.525970220565796, "_step": 101, "val_acc": 83.81502532958984, "_wandb": {"runtime": 17}}