{"train_loss": 0.041640447811386004, "_timestamp": 1697036903.5070307, "_runtime": 32.37299680709839, "_step": 263, "val_acc": 84.39306640625, "_wandb": {"runtime": 31}}