{"train_loss": 0.04861359178903513, "_timestamp": 1697095593.806276, "_runtime": 28.701444149017334, "_step": 228, "val_acc": 88.4393081665039, "_wandb": {"runtime": 28}}