{"train_loss": 0.03404113713538188, "_timestamp": 1697126823.293854, "_runtime": 24.28489899635315, "_step": 185, "val_acc": 87.28323364257812, "_wandb": {"runtime": 23}}