{"train_loss": 0.06451544844881134, "_timestamp": 1697111208.2315586, "_runtime": 31.48111653327942, "_step": 210, "val_acc": 87.28323364257812, "_wandb": {"runtime": 31}}