{"train_loss": 0.23582916949377503, "_timestamp": 1697030489.7065258, "_runtime": 9.907686710357666, "_step": 54, "val_acc": 83.23699188232422, "_wandb": {"runtime": 9}}