{"train_loss": 0.061517295276009756, "_timestamp": 1697067193.748698, "_runtime": 22.62411904335022, "_step": 171, "val_acc": 83.23699188232422, "_wandb": {"runtime": 22}}