{"train_loss": 0.039749255164277325, "_timestamp": 1697000669.797635, "_runtime": 21.750581979751587, "_step": 155, "val_acc": 85.54913330078125, "_wandb": {"runtime": 20}}