{"train_loss": 0.09352115507042685, "_timestamp": 1696977538.2745876, "_runtime": 16.598541736602783, "_step": 99, "val_acc": 82.6589584350586, "_wandb": {"runtime": 16}}