{"train_loss": 0.7422433133970125, "_timestamp": 1696912214.743114, "_runtime": 871.0015490055084, "_step": 21, "val_acc": 0.6936416029930115, "_wandb": {"runtime": 870}}