{"train_loss": 0.08567271147838382, "_timestamp": 1697014977.8378692, "_runtime": 36.697325229644775, "_step": 254, "val_acc": 84.39306640625, "_wandb": {"runtime": 36}}