{"train_loss": 0.03227414759444506, "_timestamp": 1696985180.2134037, "_runtime": 34.083369731903076, "_step": 273, "val_acc": 85.54913330078125, "_wandb": {"runtime": 33}}