{"train_loss": 0.08211699112989874, "_timestamp": 1697028592.6279166, "_runtime": 14.61768364906311, "_step": 98, "val_acc": 83.23699188232422, "_wandb": {"runtime": 14}}