{"train_loss": 0.12642920278770806, "_timestamp": 1697009857.2408323, "_runtime": 20.663122415542603, "_step": 131, "val_acc": 83.23699188232422, "_wandb": {"runtime": 20}}