{"train_loss": 0.04219538860326243, "_timestamp": 1697064308.978304, "_runtime": 39.05259895324707, "_step": 275, "val_acc": 87.86127471923828, "_wandb": {"runtime": 38}}