{"train_loss": 1.5089315817095625, "_timestamp": 1696971314.8814445, "_runtime": 888.62411236763, "_step": 21, "val_acc": 0.4219653308391571, "_wandb": {"runtime": 888}}