{"train_loss": 0.03044978447994867, "_timestamp": 1697116968.989463, "_runtime": 34.175143003463745, "_step": 281, "val_acc": 85.54913330078125, "_wandb": {"runtime": 33}}