{"train_loss": 1.5834941305366663, "_timestamp": 1696871032.9562573, "_runtime": 890.1938283443451, "_step": 14, "_wandb": {"runtime": 889}}