{"train_loss": 0.14387962746238986, "_timestamp": 1697056136.8391447, "_runtime": 9.351557731628418, "_step": 48, "val_acc": 86.12716674804688, "_wandb": {"runtime": 8}}