{"train_loss": 0.1913735718455512, "_timestamp": 1696983811.125637, "_runtime": 19.08196210861206, "_step": 117, "val_acc": 88.4393081665039, "_wandb": {"runtime": 18}}