{"train_loss": 0.05342083306729978, "_timestamp": 1697115208.395581, "_runtime": 37.07479691505432, "_step": 260, "val_acc": 87.28323364257812, "_wandb": {"runtime": 36}}