{"train_loss": 0.04776800034952155, "_timestamp": 1697047328.8172407, "_runtime": 30.761196613311768, "_step": 209, "val_acc": 85.54913330078125, "_wandb": {"runtime": 30}}