{"train_loss": 0.021673385072824392, "_timestamp": 1696973361.4297748, "_runtime": 28.939608812332153, "_step": 228, "val_acc": 86.12716674804688, "_wandb": {"runtime": 28}}