{"train_loss": 0.057768891803747, "_timestamp": 1697094398.917956, "_runtime": 25.02194309234619, "_step": 195, "val_acc": 84.97109985351562, "_wandb": {"runtime": 24}}