{"train_loss": 0.03218735700343237, "_timestamp": 1697036557.1656177, "_runtime": 30.85942769050598, "_step": 249, "val_acc": 84.97109985351562, "_wandb": {"runtime": 30}}