{"train_loss": 0.11093659772602625, "_timestamp": 1697025198.8739853, "_runtime": 13.173644304275513, "_step": 84, "val_acc": 83.23699188232422, "_wandb": {"runtime": 12}}