{"train_loss": 0.14872994068143672, "_timestamp": 1697101149.6791737, "_runtime": 10.71835970878601, "_step": 62, "val_acc": 84.97109985351562, "_wandb": {"runtime": 10}}