{"train_loss": 0.08068464047594949, "_timestamp": 1697069630.5823991, "_runtime": 41.78977608680725, "_step": 299, "val_acc": 82.6589584350586, "_wandb": {"runtime": 41}}