{"train_loss": 0.17271711815928303, "_timestamp": 1696983956.0228868, "_runtime": 9.172670841217041, "_step": 47, "val_acc": 83.81502532958984, "_wandb": {"runtime": 8}}