{"train_loss": 0.04313008789362949, "_timestamp": 1697062661.0993633, "_runtime": 24.396886348724365, "_step": 189, "val_acc": 86.12716674804688, "_wandb": {"runtime": 24}}