{"train_loss": 0.05005356507527447, "_timestamp": 1697042334.8971279, "_runtime": 20.797756910324097, "_step": 155, "val_acc": 87.28323364257812, "_wandb": {"runtime": 20}}