{"train_loss": 0.10292095163847904, "_timestamp": 1697102483.1023579, "_runtime": 31.80554175376892, "_step": 219, "val_acc": 81.50289154052734, "_wandb": {"runtime": 31}}