{"train_loss": 0.16565545427418032, "_timestamp": 1697109714.578187, "_runtime": 12.530330896377563, "_step": 65, "val_acc": 83.81502532958984, "_wandb": {"runtime": 12}}