{"train_loss": 1.1178277717080227, "_timestamp": 1697036331.3348286, "_runtime": 7.394495725631714, "_step": 30, "val_acc": 76.30057525634766, "_wandb": {"runtime": 7}}