{"train_loss": 0.0701539166099771, "_timestamp": 1697019160.5275433, "_runtime": 36.121302366256714, "_step": 252, "val_acc": 84.97109985351562, "_wandb": {"runtime": 35}}