{"train_loss": 1.3304851419531063, "_timestamp": 1696889683.7817063, "_runtime": 889.8233523368835, "_step": 14, "_wandb": {"runtime": 889}}