{"train_loss": 0.08171357093568415, "_timestamp": 1697119038.9755719, "_runtime": 39.391732931137085, "_step": 276, "val_acc": 83.81502532958984, "_wandb": {"runtime": 38}}