{"train_loss": 0.057168072939655465, "_timestamp": 1696983214.4674299, "_runtime": 16.075159788131714, "_step": 111, "val_acc": 86.7052001953125, "_wandb": {"runtime": 15}}