{"train_loss": 0.08281268917977117, "_timestamp": 1697038651.3447828, "_runtime": 16.89739489555359, "_step": 119, "val_acc": 84.39306640625, "_wandb": {"runtime": 16}}