{"train_loss": 0.0312397550482866, "_timestamp": 1696972230.334624, "_runtime": 39.636800050735474, "_step": 245, "val_acc": 84.39306640625, "_wandb": {"runtime": 39}}