{"train_loss": 0.04877847258737961, "_timestamp": 1696996301.1424322, "_runtime": 27.453102111816406, "_step": 180, "val_acc": 86.7052001953125, "_wandb": {"runtime": 27}}