{"train_loss": 0.06597593711109745, "_timestamp": 1697011281.7563584, "_runtime": 33.50543928146362, "_step": 233, "val_acc": 83.23699188232422, "_wandb": {"runtime": 33}}