{"train_loss": 0.08333312722226215, "_timestamp": 1697020460.2048676, "_runtime": 16.442784547805786, "_step": 116, "val_acc": 86.12716674804688, "_wandb": {"runtime": 16}}