{"train_loss": 0.05362756182926945, "_timestamp": 1697059193.7078693, "_runtime": 23.03345823287964, "_step": 176, "val_acc": 85.54913330078125, "_wandb": {"runtime": 22}}