{"train_loss": 1.068414822831447, "_timestamp": 1696941109.6311247, "_runtime": 873.9098756313324, "_step": 21, "val_acc": 0.5375722646713257, "_wandb": {"runtime": 873}}