{"train_loss": 0.1918546827726586, "_timestamp": 1697112401.4952428, "_runtime": 9.399226903915405, "_step": 48, "val_acc": 84.39306640625, "_wandb": {"runtime": 8}}