{"train_loss": 0.07182820927524983, "_timestamp": 1697026615.3082151, "_runtime": 14.45139217376709, "_step": 96, "val_acc": 84.39306640625, "_wandb": {"runtime": 14}}