{"train_loss": 0.25693332278277986, "_timestamp": 1697008926.1683624, "_runtime": 7.752354383468628, "_step": 35, "val_acc": 86.12716674804688, "_wandb": {"runtime": 7}}