{"train_loss": 0.052819795072685145, "_timestamp": 1696979698.6643755, "_runtime": 21.46834444999695, "_step": 137, "val_acc": 83.81502532958984, "_wandb": {"runtime": 21}}