{"train_loss": 0.04583177208727182, "_timestamp": 1696981237.155649, "_runtime": 35.34556698799133, "_step": 290, "val_acc": 84.97109985351562, "_wandb": {"runtime": 34}}