{"train_loss": 0.0728553205046283, "_timestamp": 1697024996.4237087, "_runtime": 27.636905670166016, "_step": 186, "val_acc": 87.28323364257812, "_wandb": {"runtime": 27}}