{"train_loss": 0.1174344731776347, "_timestamp": 1697103325.6302552, "_runtime": 16.88425922393799, "_step": 99, "val_acc": 86.12716674804688, "_wandb": {"runtime": 16}}