{"train_loss": 0.041002790454428555, "_timestamp": 1697111335.2075992, "_runtime": 24.062379121780396, "_step": 186, "val_acc": 84.97109985351562, "_wandb": {"runtime": 23}}