{"train_loss": 0.09572362623632301, "_timestamp": 1697109126.8995986, "_runtime": 13.114667654037476, "_step": 84, "val_acc": 87.28323364257812, "_wandb": {"runtime": 12}}