{"train_loss": 0.03615411737024091, "_timestamp": 1696978259.9608207, "_runtime": 34.58025074005127, "_step": 285, "val_acc": 84.97109985351562, "_wandb": {"runtime": 34}}