{"train_loss": 0.20987543204885928, "_timestamp": 1697072617.8583524, "_runtime": 12.053815364837646, "_step": 62, "val_acc": 83.81502532958984, "_wandb": {"runtime": 11}}