{"train_loss": 0.047097232946747, "_timestamp": 1697037193.8332522, "_runtime": 29.246559143066406, "_step": 197, "val_acc": 87.28323364257812, "_wandb": {"runtime": 28}}