{"train_loss": 0.14462167371151058, "_timestamp": 1697113087.90081, "_runtime": 10.390100002288818, "_step": 59, "val_acc": 86.12716674804688, "_wandb": {"runtime": 10}}