{"train_loss": 0.09909527528175521, "_timestamp": 1697056214.357047, "_runtime": 40.24964118003845, "_step": 282, "val_acc": 84.97109985351562, "_wandb": {"runtime": 39}}