{"train_loss": 3.2963280334722165, "_timestamp": 1696972231.8012002, "_runtime": 902.8605461120605, "_step": 21, "val_acc": 0.04624277353286743, "_wandb": {"runtime": 902}}