{"train_loss": 0.19483156772980162, "_timestamp": 1697080254.5589182, "_runtime": 12.770578145980835, "_step": 66, "val_acc": 81.50289154052734, "_wandb": {"runtime": 12}}