{"train_loss": 0.03606982653700681, "_timestamp": 1697125994.38523, "_runtime": 33.456592082977295, "_step": 225, "val_acc": 84.97109985351562, "_wandb": {"runtime": 32}}