{"train_loss": 0.038168889459569096, "_timestamp": 1697063019.2209592, "_runtime": 30.92817211151123, "_step": 212, "val_acc": 84.97109985351562, "_wandb": {"runtime": 30}}