{"train_loss": 0.12360905923035949, "_timestamp": 1696997198.1930602, "_runtime": 10.00516414642334, "_step": 54, "val_acc": 86.12716674804688, "_wandb": {"runtime": 9}}