{"train_loss": 0.07996724000428045, "_timestamp": 1696973204.6733136, "_runtime": 16.440250635147095, "_step": 116, "val_acc": 86.12716674804688, "_wandb": {"runtime": 16}}