{"train_loss": 0.1818244032301875, "_timestamp": 1697118851.276093, "_runtime": 11.707588911056519, "_step": 60, "val_acc": 85.54913330078125, "_wandb": {"runtime": 11}}