{"train_loss": 0.02993349599933555, "_timestamp": 1697100882.9816422, "_runtime": 28.580132246017456, "_step": 227, "val_acc": 84.97109985351562, "_wandb": {"runtime": 28}}