{"train_loss": 0.15018852096224247, "_timestamp": 1696981061.0199656, "_runtime": 13.174271583557129, "_step": 72, "val_acc": 83.23699188232422, "_wandb": {"runtime": 12}}