{"train_loss": 0.0212366555128409, "_timestamp": 1697026010.2203956, "_runtime": 34.22082757949829, "_step": 237, "val_acc": 87.86127471923828, "_wandb": {"runtime": 33}}