{"train_loss": 0.0436925234666993, "_timestamp": 1696999725.2947178, "_runtime": 33.9326708316803, "_step": 233, "val_acc": 83.23699188232422, "_wandb": {"runtime": 33}}