{"train_loss": 0.024819284685627493, "_timestamp": 1697127282.8450403, "_runtime": 32.89329934120178, "_step": 266, "val_acc": 84.39306640625, "_wandb": {"runtime": 32}}