{"train_loss": 0.07368205425865558, "_timestamp": 1697061832.2639983, "_runtime": 31.704354286193848, "_step": 213, "val_acc": 86.7052001953125, "_wandb": {"runtime": 31}}