{"train_loss": 0.05263784063200271, "_timestamp": 1696990912.3932703, "_runtime": 22.4255473613739, "_step": 167, "val_acc": 86.12716674804688, "_wandb": {"runtime": 22}}