{"train_loss": 0.07649007916374695, "_timestamp": 1697083089.7692997, "_runtime": 29.424938678741455, "_step": 198, "val_acc": 84.39306640625, "_wandb": {"runtime": 28}}