{"train_loss": 0.09381692302223771, "_timestamp": 1697020496.5596044, "_runtime": 27.00689935684204, "_step": 180, "val_acc": 86.12716674804688, "_wandb": {"runtime": 26}}