{"train_loss": 0.17627428870561512, "_timestamp": 1696985746.7987642, "_runtime": 12.675846338272095, "_step": 77, "val_acc": 89.01734161376953, "_wandb": {"runtime": 12}}