{"train_loss": 0.0438036929550689, "_timestamp": 1697129295.8940327, "_runtime": 40.565491676330566, "_step": 291, "val_acc": 80.92485809326172, "_wandb": {"runtime": 40}}