{"train_loss": 0.0753753284441827, "_timestamp": 1696993475.5281193, "_runtime": 29.048214435577393, "_step": 192, "val_acc": 87.86127471923828, "_wandb": {"runtime": 28}}