{"train_loss": 0.13727724800687716, "_timestamp": 1697009238.809924, "_runtime": 22.011533975601196, "_step": 141, "val_acc": 86.12716674804688, "_wandb": {"runtime": 21}}