{"train_loss": 0.11190371310641599, "_timestamp": 1697051299.5706847, "_runtime": 12.735093593597412, "_step": 80, "val_acc": 87.86127471923828, "_wandb": {"runtime": 12}}