{"train_loss": 0.029451422145601015, "_timestamp": 1697012092.0144885, "_runtime": 35.631635427474976, "_step": 288, "val_acc": 84.39306640625, "_wandb": {"runtime": 35}}