{"train_loss": 0.11882891967556937, "_timestamp": 1697048685.9481568, "_runtime": 33.59031677246094, "_step": 227, "val_acc": 83.81502532958984, "_wandb": {"runtime": 33}}