{"train_loss": 0.22810578146992727, "_timestamp": 1697117542.4215517, "_runtime": 8.075347661972046, "_step": 30, "val_acc": 86.12716674804688, "_wandb": {"runtime": 7}}