{"train_loss": 0.06519264602007582, "_timestamp": 1697068656.606764, "_runtime": 40.54180097579956, "_step": 288, "val_acc": 84.39306640625, "_wandb": {"runtime": 39}}