{"train_loss": 0.030418539201153096, "_timestamp": 1696988455.6434493, "_runtime": 27.102357387542725, "_step": 209, "val_acc": 83.81502532958984, "_wandb": {"runtime": 26}}