{"train_loss": 0.0464689546808882, "_timestamp": 1697062431.7974005, "_runtime": 28.785003423690796, "_step": 230, "val_acc": 87.28323364257812, "_wandb": {"runtime": 28}}