{"train_loss": 0.14566119279452536, "_timestamp": 1696976665.0739071, "_runtime": 10.633106231689453, "_step": 60, "val_acc": 84.97109985351562, "_wandb": {"runtime": 10}}