{"train_loss": 0.174716281325578, "_timestamp": 1697034712.8274932, "_runtime": 18.97645616531372, "_step": 116, "val_acc": 84.39306640625, "_wandb": {"runtime": 18}}