{"train_loss": 0.05171040897149333, "_timestamp": 1697060963.808714, "_runtime": 18.90482783317566, "_step": 135, "val_acc": 86.7052001953125, "_wandb": {"runtime": 18}}