{"train_loss": 0.05832815241152529, "_timestamp": 1697086680.1936622, "_runtime": 41.43171525001526, "_step": 293, "val_acc": 86.7052001953125, "_wandb": {"runtime": 41}}