{"train_loss": 0.06690093541590952, "_timestamp": 1697124850.7655709, "_runtime": 36.70613694190979, "_step": 255, "val_acc": 86.12716674804688, "_wandb": {"runtime": 36}}