{"train_loss": 0.06128843124890917, "_timestamp": 1697045696.5727568, "_runtime": 18.332082748413086, "_step": 132, "val_acc": 86.7052001953125, "_wandb": {"runtime": 17}}