{"train_loss": 0.13358089250923935, "_timestamp": 1697058241.388362, "_runtime": 14.549391984939575, "_step": 81, "val_acc": 83.81502532958984, "_wandb": {"runtime": 14}}