{"train_loss": 0.09221382714201544, "_timestamp": 1697107977.7023432, "_runtime": 20.356345176696777, "_step": 125, "val_acc": 84.39306640625, "_wandb": {"runtime": 20}}