{"train_loss": 0.1047118399725404, "_timestamp": 1697030829.68176, "_runtime": 12.751151084899902, "_step": 81, "val_acc": 85.54913330078125, "_wandb": {"runtime": 12}}