{"train_loss": 0.1622953812570073, "_timestamp": 1696986351.492501, "_runtime": 9.184660911560059, "_step": 45, "val_acc": 83.23699188232422, "_wandb": {"runtime": 8}}