{"train_loss": 0.05263830775524988, "_timestamp": 1697103297.996587, "_runtime": 15.50233793258667, "_step": 105, "val_acc": 83.23699188232422, "_wandb": {"runtime": 15}}