{"train_loss": 3.2960769042026166, "_timestamp": 1696929635.9349093, "_runtime": 871.4234442710876, "_step": 21, "val_acc": 0.04624277353286743, "_wandb": {"runtime": 871}}