{"train_loss": 0.2776680783108743, "_timestamp": 1697045781.096194, "_runtime": 14.061216115951538, "_step": 78, "val_acc": 84.39306640625, "_wandb": {"runtime": 13}}