{"train_loss": 0.1012086973926269, "_timestamp": 1697098365.864391, "_runtime": 21.803240060806274, "_step": 141, "val_acc": 87.28323364257812, "_wandb": {"runtime": 21}}