{"train_loss": 0.035357922283109536, "_timestamp": 1697003405.3352718, "_runtime": 20.774903774261475, "_step": 153, "val_acc": 85.54913330078125, "_wandb": {"runtime": 20}}