{"train_loss": 0.0792169783177764, "_timestamp": 1696997678.5074065, "_runtime": 20.06163239479065, "_step": 144, "val_acc": 85.54913330078125, "_wandb": {"runtime": 19}}