{"train_loss": 0.08001986432679777, "_timestamp": 1697112022.060747, "_runtime": 21.60637879371643, "_step": 162, "val_acc": 87.86127471923828, "_wandb": {"runtime": 21}}