{"train_loss": 0.06258113591439025, "_timestamp": 1697096308.8467407, "_runtime": 33.0639386177063, "_step": 227, "val_acc": 84.39306640625, "_wandb": {"runtime": 32}}