{"train_loss": 0.026509893138968753, "_timestamp": 1696989736.4569342, "_runtime": 37.52649521827698, "_step": 257, "val_acc": 84.97109985351562, "_wandb": {"runtime": 37}}