{"train_loss": 0.11094674805915633, "_timestamp": 1697104621.8836236, "_runtime": 10.15641450881958, "_step": 56, "val_acc": 85.54913330078125, "_wandb": {"runtime": 9}}