{"train_loss": 0.23571529525310495, "_timestamp": 1697111615.8937438, "_runtime": 8.606614828109741, "_step": 42, "val_acc": 84.97109985351562, "_wandb": {"runtime": 8}}