{"train_loss": 0.08578579192223071, "_timestamp": 1697117449.673121, "_runtime": 23.93214201927185, "_step": 155, "val_acc": 84.97109985351562, "_wandb": {"runtime": 23}}