{"train_loss": 0.07110296266131796, "_timestamp": 1696992452.740433, "_runtime": 28.604016065597534, "_step": 186, "val_acc": 84.97109985351562, "_wandb": {"runtime": 28}}