{"train_loss": 0.0716286845028747, "_timestamp": 1697060993.9787264, "_runtime": 18.13970947265625, "_step": 111, "val_acc": 84.97109985351562, "_wandb": {"runtime": 17}}