{"train_loss": 0.057065920471105466, "_timestamp": 1697071102.7213023, "_runtime": 20.09548830986023, "_step": 126, "val_acc": 86.12716674804688, "_wandb": {"runtime": 19}}