{"train_loss": 0.07467883679647605, "_timestamp": 1696987627.16027, "_runtime": 17.768548011779785, "_step": 123, "val_acc": 86.12716674804688, "_wandb": {"runtime": 17}}