{"train_loss": 0.0956840141957929, "_timestamp": 1697120729.4046245, "_runtime": 37.514474391937256, "_step": 248, "val_acc": 83.81502532958984, "_wandb": {"runtime": 34}}