{"train_loss": 0.03092158719935173, "_timestamp": 1697057401.0879474, "_runtime": 35.39805746078491, "_step": 291, "val_acc": 86.7052001953125, "_wandb": {"runtime": 35}}