{"train_loss": 0.02402395479987527, "_timestamp": 1696987337.7303615, "_runtime": 31.814717531204224, "_step": 251, "val_acc": 87.28323364257812, "_wandb": {"runtime": 31}}