{"train_loss": 0.13638522318932553, "_timestamp": 1697032753.9471095, "_runtime": 14.45918345451355, "_step": 95, "val_acc": 88.4393081665039, "_wandb": {"runtime": 14}}