{"train_loss": 0.15936274965142094, "_timestamp": 1697073128.9922626, "_runtime": 12.67433762550354, "_step": 68, "val_acc": 84.97109985351562, "_wandb": {"runtime": 12}}