{"train_loss": NaN, "_timestamp": 1696868312.4658842, "_runtime": 296.30536222457886, "_step": 4, "_wandb": {"runtime": 295}}