{"train_loss": 0.01633068448444287, "_timestamp": 1697069756.7747703, "_runtime": 34.61453914642334, "_step": 285, "val_acc": 85.54913330078125, "_wandb": {"runtime": 34}}