{"train_loss": 1.8943936880244765, "_timestamp": 1697013581.5687466, "_runtime": 15.53880763053894, "_step": 107, "val_acc": 66.47399139404297, "_wandb": {"runtime": 15}}