{"train_loss": 0.19142524781095427, "_timestamp": 1697040185.9610026, "_runtime": 19.603190660476685, "_step": 119, "val_acc": 84.39306640625, "_wandb": {"runtime": 19}}