{"train_loss": 0.4254479640445044, "_timestamp": 1696988694.1995802, "_runtime": 15.701610088348389, "_step": 101, "val_acc": 80.92485809326172, "_wandb": {"runtime": 14}}