{"train_loss": 0.12828818891403201, "_timestamp": 1696984493.8028255, "_runtime": 30.29437255859375, "_step": 201, "val_acc": 82.6589584350586, "_wandb": {"runtime": 29}}