{"train_loss": 0.11238947544967062, "_timestamp": 1696983392.3615708, "_runtime": 39.880849838256836, "_step": 281, "val_acc": 83.81502532958984, "_wandb": {"runtime": 39}}