{"train_loss": 0.06447101030417524, "_timestamp": 1697082949.2501435, "_runtime": 33.92509055137634, "_step": 237, "val_acc": 85.54913330078125, "_wandb": {"runtime": 33}}