{"train_loss": 0.31061127942142097, "_timestamp": 1697018722.8894577, "_runtime": 10.679831743240356, "_step": 51, "val_acc": 84.39306640625, "_wandb": {"runtime": 10}}