{"train_loss": 0.06045473858627469, "_timestamp": 1696972719.275691, "_runtime": 18.525886058807373, "_step": 135, "val_acc": 86.7052001953125, "_wandb": {"runtime": 18}}