{"train_loss": 0.08966071919949595, "_timestamp": 1697041342.5108433, "_runtime": 30.97951626777649, "_step": 213, "val_acc": 82.6589584350586, "_wandb": {"runtime": 30}}