{"train_loss": 0.0750788990895502, "_timestamp": 1697108567.772617, "_runtime": 27.432247161865234, "_step": 186, "val_acc": 87.28323364257812, "_wandb": {"runtime": 27}}