{"train_loss": 0.06274749066269156, "_timestamp": 1697069714.0993633, "_runtime": 33.00327920913696, "_step": 224, "val_acc": 86.12716674804688, "_wandb": {"runtime": 32}}