{"train_loss": 0.08307007499862203, "_timestamp": 1697116693.212115, "_runtime": 27.503334045410156, "_step": 185, "val_acc": 81.50289154052734, "_wandb": {"runtime": 27}}