{"train_loss": 0.08262748092001435, "_timestamp": 1697094328.3965006, "_runtime": 41.61745762825012, "_step": 293, "val_acc": 86.12716674804688, "_wandb": {"runtime": 41}}