{"train_loss": 0.1143556940694188, "_timestamp": 1697122479.334183, "_runtime": 24.063425064086914, "_step": 180, "val_acc": 86.12716674804688, "_wandb": {"runtime": 23}}