{"train_loss": 1.1524254790572233, "_timestamp": 1697035105.4034722, "_runtime": 9.17080020904541, "_step": 47, "val_acc": 73.41040802001953, "_wandb": {"runtime": 8}}