{"train_loss": 0.09302718485475431, "_timestamp": 1697099414.4764705, "_runtime": 34.77380156517029, "_step": 245, "val_acc": 84.97109985351562, "_wandb": {"runtime": 34}}