{"train_loss": 0.20532163856334465, "_timestamp": 1697054255.4535546, "_runtime": 15.027503728866577, "_step": 86, "val_acc": 83.81502532958984, "_wandb": {"runtime": 14}}