{"train_loss": 0.0320528416493691, "_timestamp": 1697098476.264331, "_runtime": 28.620338201522827, "_step": 231, "val_acc": 86.12716674804688, "_wandb": {"runtime": 28}}