{"train_loss": 0.044803390661146233, "_timestamp": 1697076717.4711924, "_runtime": 23.622464418411255, "_step": 182, "val_acc": 87.28323364257812, "_wandb": {"runtime": 23}}