{"train_loss": 0.1077744041374603, "_timestamp": 1697102936.8107412, "_runtime": 11.515355110168457, "_step": 69, "val_acc": 84.39306640625, "_wandb": {"runtime": 11}}