{"train_loss": 0.09966319990019466, "_timestamp": 1697034169.7422965, "_runtime": 15.762904405593872, "_step": 108, "val_acc": 85.54913330078125, "_wandb": {"runtime": 15}}