{"train_loss": 0.03970514299404851, "_timestamp": 1697127319.4220521, "_runtime": 28.413620233535767, "_step": 224, "val_acc": 86.7052001953125, "_wandb": {"runtime": 28}}