{"train_loss": 0.12828422274960335, "_timestamp": 1697121843.2331815, "_runtime": 18.509379386901855, "_step": 108, "val_acc": 84.97109985351562, "_wandb": {"runtime": 18}}