{"train_loss": 0.24083736738146738, "_timestamp": 1697059384.8200996, "_runtime": 8.025838613510132, "_step": 36, "val_acc": 87.28323364257812, "_wandb": {"runtime": 7}}