{"train_loss": 0.07335010320110637, "_timestamp": 1696999318.4647121, "_runtime": 33.94206118583679, "_step": 233, "val_acc": 84.39306640625, "_wandb": {"runtime": 33}}