{"train_loss": 0.10126278868762689, "_timestamp": 1697120767.3064232, "_runtime": 29.222511291503906, "_step": 189, "val_acc": 88.4393081665039, "_wandb": {"runtime": 27}}