{"train_loss": 0.042906153022560706, "_timestamp": 1697025938.9315999, "_runtime": 27.51003885269165, "_step": 185, "val_acc": 87.86127471923828, "_wandb": {"runtime": 27}}