{"train_loss": 0.07725709699754885, "_timestamp": 1697023246.8632364, "_runtime": 25.629079341888428, "_step": 168, "val_acc": 88.4393081665039, "_wandb": {"runtime": 25}}