{"train_loss": 0.09392097347610912, "_timestamp": 1696998961.5259295, "_runtime": 13.804085493087769, "_step": 89, "val_acc": 84.97109985351562, "_wandb": {"runtime": 13}}