{"train_loss": 0.04286869368949082, "_timestamp": 1697097802.0725663, "_runtime": 20.56981134414673, "_step": 153, "val_acc": 87.28323364257812, "_wandb": {"runtime": 20}}