{"train_loss": 0.03156858595727055, "_timestamp": 1697068458.890893, "_runtime": 34.02546501159668, "_step": 278, "val_acc": 85.54913330078125, "_wandb": {"runtime": 33}}