{"train_loss": 0.04608033286667494, "_timestamp": 1696979667.6798027, "_runtime": 21.38938570022583, "_step": 161, "val_acc": 85.54913330078125, "_wandb": {"runtime": 20}}