{"train_loss": 0.0940463244373542, "_timestamp": 1696997833.5916576, "_runtime": 24.913118600845337, "_step": 162, "val_acc": 80.92485809326172, "_wandb": {"runtime": 24}}