{"train_loss": 0.03506474821898697, "_timestamp": 1697009347.5619183, "_runtime": 30.28506326675415, "_step": 242, "val_acc": 84.97109985351562, "_wandb": {"runtime": 29}}