{"train_loss": 0.07452279626023631, "_timestamp": 1697039065.6422396, "_runtime": 29.571568489074707, "_step": 198, "val_acc": 87.86127471923828, "_wandb": {"runtime": 29}}