{"train_loss": 0.5077231942221175, "_timestamp": 1696980599.110973, "_runtime": 34.81371593475342, "_step": 287, "val_acc": 85.54913330078125, "_wandb": {"runtime": 34}}