{"train_loss": 0.05334381623800064, "_timestamp": 1697061155.4613476, "_runtime": 19.50847363471985, "_step": 144, "val_acc": 86.7052001953125, "_wandb": {"runtime": 19}}