{"train_loss": 0.03710454481458941, "_timestamp": 1697057718.2556853, "_runtime": 23.39152240753174, "_step": 179, "val_acc": 85.54913330078125, "_wandb": {"runtime": 23}}