{"train_loss": 0.10455593598335115, "_timestamp": 1697071758.4939704, "_runtime": 16.081817388534546, "_step": 93, "val_acc": 84.97109985351562, "_wandb": {"runtime": 15}}