{"train_loss": 1.2159480896106987, "_timestamp": 1696980375.9336178, "_runtime": 27.24556875228882, "_step": 215, "val_acc": 75.72254180908203, "_wandb": {"runtime": 26}}