{"train_loss": 0.08243949732846083, "_timestamp": 1697048569.8716342, "_runtime": 20.811466217041016, "_step": 155, "val_acc": 87.86127471923828, "_wandb": {"runtime": 20}}