{"train_loss": 0.1567683377341086, "_timestamp": 1697032116.3271093, "_runtime": 19.769795417785645, "_step": 122, "val_acc": 82.6589584350586, "_wandb": {"runtime": 19}}