{"train_loss": 0.14841295501520468, "_timestamp": 1696995247.0061524, "_runtime": 11.45007848739624, "_step": 66, "val_acc": 85.54913330078125, "_wandb": {"runtime": 11}}