{"train_loss": 0.06806528574223955, "_timestamp": 1697114725.4955626, "_runtime": 29.6973774433136, "_step": 201, "val_acc": 83.81502532958984, "_wandb": {"runtime": 29}}