{"train_loss": 0.15671151081576598, "_timestamp": 1696986927.9291394, "_runtime": 13.438220262527466, "_step": 71, "val_acc": 82.6589584350586, "_wandb": {"runtime": 13}}