{"train_loss": 0.04354937933385372, "_timestamp": 1697013612.6395652, "_runtime": 20.755518198013306, "_step": 153, "val_acc": 86.7052001953125, "_wandb": {"runtime": 20}}