{"train_loss": 0.025791676061872264, "_timestamp": 1697105147.031757, "_runtime": 35.59163308143616, "_step": 293, "val_acc": 87.28323364257812, "_wandb": {"runtime": 35}}