{"train_loss": 0.08601147842561004, "_timestamp": 1697112859.0747368, "_runtime": 28.920549869537354, "_step": 194, "val_acc": 86.7052001953125, "_wandb": {"runtime": 28}}