{"train_loss": 0.1735378720819257, "_timestamp": 1697000951.8312767, "_runtime": 10.66995358467102, "_step": 51, "val_acc": 85.54913330078125, "_wandb": {"runtime": 10}}