{"train_loss": 0.10800740251122692, "_timestamp": 1697122562.0493255, "_runtime": 39.57495737075806, "_step": 249, "val_acc": 84.97109985351562, "_wandb": {"runtime": 39}}