{"train_loss": 0.09830794121723535, "_timestamp": 1697099497.0585563, "_runtime": 14.183245420455933, "_step": 93, "val_acc": 86.12716674804688, "_wandb": {"runtime": 13}}