{"train_loss": 0.041832576549157154, "_timestamp": 1697015754.917772, "_runtime": 25.29983615875244, "_step": 197, "val_acc": 86.12716674804688, "_wandb": {"runtime": 24}}