{"train_loss": 0.10643190680190834, "_timestamp": 1697081110.8978255, "_runtime": 21.317846536636353, "_step": 137, "val_acc": 84.39306640625, "_wandb": {"runtime": 20}}