{"train_loss": 3.296542516627977, "_timestamp": 1696965060.932001, "_runtime": 870.4848110675812, "_step": 21, "val_acc": 0.04624277353286743, "_wandb": {"runtime": 870}}