{"train_loss": 0.05638889214132241, "_timestamp": 1697113888.1682804, "_runtime": 21.195996284484863, "_step": 120, "val_acc": 88.4393081665039, "_wandb": {"runtime": 18}}