{"train_loss": 3.295380943389826, "_timestamp": 1696886033.6555774, "_runtime": 298.9272654056549, "_step": 4, "_wandb": {"runtime": 298}}