{"train_loss": 0.1271613225405819, "_timestamp": 1697073793.436162, "_runtime": 22.6235249042511, "_step": 141, "val_acc": 82.08092498779297, "_wandb": {"runtime": 22}}