{"train_loss": 0.025751507180461358, "_timestamp": 1697066590.586787, "_runtime": 37.29697895050049, "_step": 258, "val_acc": 84.39306640625, "_wandb": {"runtime": 36}}