{"train_loss": 0.13461492633512026, "_timestamp": 1697048787.7854903, "_runtime": 26.98028016090393, "_step": 180, "val_acc": 83.23699188232422, "_wandb": {"runtime": 26}}