{"train_loss": 3.296151973480402, "_timestamp": 1696924336.1772594, "_runtime": 871.688054561615, "_step": 21, "val_acc": 0.04624277353286743, "_wandb": {"runtime": 871}}