{"train_loss": 0.10023336777420239, "_timestamp": 1697085130.680532, "_runtime": 12.567198038101196, "_step": 65, "val_acc": 83.81502532958984, "_wandb": {"runtime": 12}}