{"train_loss": 0.045042338448733656, "_timestamp": 1697015138.7453213, "_runtime": 31.10795521736145, "_step": 248, "val_acc": 85.54913330078125, "_wandb": {"runtime": 30}}