{"train_loss": 0.06762496942145274, "_timestamp": 1696995353.9465253, "_runtime": 25.94556736946106, "_step": 168, "val_acc": 86.7052001953125, "_wandb": {"runtime": 25}}