{"train_loss": 0.06999620157943735, "_timestamp": 1697075510.8458822, "_runtime": 26.715782165527344, "_step": 177, "val_acc": 83.23699188232422, "_wandb": {"runtime": 26}}