{"train_loss": 0.024810100152958616, "_timestamp": 1697130339.0585148, "_runtime": 31.309414863586426, "_step": 249, "val_acc": 87.28323364257812, "_wandb": {"runtime": 30}}