{"train_loss": 0.02881344174966216, "_timestamp": 1697015328.9973125, "_runtime": 31.17676043510437, "_step": 249, "val_acc": 87.28323364257812, "_wandb": {"runtime": 30}}