{"train_loss": 0.08228650209994792, "_timestamp": 1697047378.6255324, "_runtime": 39.516085386276245, "_step": 276, "val_acc": 84.97109985351562, "_wandb": {"runtime": 38}}