{"train_loss": 0.11068303129354189, "_timestamp": 1697020193.4257069, "_runtime": 10.636095762252808, "_step": 62, "val_acc": 86.7052001953125, "_wandb": {"runtime": 10}}