{"train_loss": 0.06560328521909257, "_timestamp": 1696981502.1452098, "_runtime": 37.97079372406006, "_step": 269, "val_acc": 89.01734161376953, "_wandb": {"runtime": 37}}