{"train_loss": 0.2712808883597338, "_timestamp": 1697100358.969193, "_runtime": 9.157949924468994, "_step": 39, "val_acc": 84.39306640625, "_wandb": {"runtime": 8}}