{"train_loss": 0.04060394383376724, "_timestamp": 1697078409.627184, "_runtime": 37.64648199081421, "_step": 263, "val_acc": 82.08092498779297, "_wandb": {"runtime": 37}}