{"train_loss": 0.02997908358689571, "_timestamp": 1697024832.7110908, "_runtime": 38.75771689414978, "_step": 272, "val_acc": 87.86127471923828, "_wandb": {"runtime": 38}}