{"train_loss": 0.025597973913495796, "_timestamp": 1697005432.8131807, "_runtime": 36.13349366188049, "_step": 296, "val_acc": 86.12716674804688, "_wandb": {"runtime": 35}}