{"train_loss": 0.053192451444649416, "_timestamp": 1697037021.804211, "_runtime": 32.39454984664917, "_step": 263, "val_acc": 84.97109985351562, "_wandb": {"runtime": 31}}