{"train_loss": 0.18022656691975372, "_timestamp": 1696996226.1148224, "_runtime": 13.993327379226685, "_step": 77, "val_acc": 80.34681701660156, "_wandb": {"runtime": 13}}