{"train_loss": 0.09897779405311963, "_timestamp": 1696982032.8430092, "_runtime": 27.810673236846924, "_step": 186, "val_acc": 84.39306640625, "_wandb": {"runtime": 27}}