{"train_loss": 0.05657337190106858, "_timestamp": 1696992330.5161972, "_runtime": 24.619262218475342, "_step": 185, "val_acc": 89.01734161376953, "_wandb": {"runtime": 24}}