{"train_loss": 0.19399591613301012, "_timestamp": 1697125183.4180999, "_runtime": 12.206796884536743, "_step": 65, "val_acc": 86.12716674804688, "_wandb": {"runtime": 11}}