{"train_loss": 0.0892520792630696, "_timestamp": 1697070649.8758795, "_runtime": 25.43172264099121, "_step": 170, "val_acc": 85.54913330078125, "_wandb": {"runtime": 25}}