{"train_loss": 0.04137785094898454, "_timestamp": 1696990051.8827262, "_runtime": 21.910139083862305, "_step": 162, "val_acc": 84.39306640625, "_wandb": {"runtime": 21}}