{"train_loss": 0.08649161473176507, "_timestamp": 1697078363.7588208, "_runtime": 17.567315816879272, "_step": 125, "val_acc": 87.28323364257812, "_wandb": {"runtime": 17}}