{"train_loss": 0.05486660230320033, "_timestamp": 1697007696.1981337, "_runtime": 21.649844646453857, "_step": 162, "val_acc": 84.39306640625, "_wandb": {"runtime": 21}}