{"train_loss": 0.08386201277608052, "_timestamp": 1697085751.088492, "_runtime": 40.52786302566528, "_step": 291, "val_acc": 84.97109985351562, "_wandb": {"runtime": 40}}