{"train_loss": 0.1602220042922729, "_timestamp": 1697076330.1503742, "_runtime": 27.27538824081421, "_step": 183, "val_acc": 84.97109985351562, "_wandb": {"runtime": 26}}