{"train_loss": 0.024370469825022834, "_timestamp": 1697022407.042711, "_runtime": 32.271023988723755, "_step": 263, "val_acc": 83.81502532958984, "_wandb": {"runtime": 31}}