{"train_loss": 0.07619539374312342, "_timestamp": 1697052107.4550056, "_runtime": 29.95908260345459, "_step": 206, "val_acc": 87.86127471923828, "_wandb": {"runtime": 29}}