{"train_loss": 0.09787347292403019, "_timestamp": 1697000226.0943787, "_runtime": 32.06294059753418, "_step": 216, "val_acc": 83.81502532958984, "_wandb": {"runtime": 31}}