{"train_loss": 0.046789395444225085, "_timestamp": 1697030921.7985148, "_runtime": 22.24363684654236, "_step": 168, "val_acc": 84.97109985351562, "_wandb": {"runtime": 21}}