{"train_loss": 0.15858541636965995, "_timestamp": 1696998456.13532, "_runtime": 14.046437978744507, "_step": 77, "val_acc": 81.50289154052734, "_wandb": {"runtime": 13}}