{"train_loss": 1.0761035923977667, "_timestamp": 1696919024.5071664, "_runtime": 868.5297772884369, "_step": 21, "val_acc": 0.5375722646713257, "_wandb": {"runtime": 868}}