{"train_loss": 0.06377119066323651, "_timestamp": 1697096042.1199849, "_runtime": 18.93569779396057, "_step": 137, "val_acc": 82.08092498779297, "_wandb": {"runtime": 18}}