{"train_loss": 0.05502337042978683, "_timestamp": 1697060026.1893682, "_runtime": 20.432239294052124, "_step": 152, "val_acc": 86.7052001953125, "_wandb": {"runtime": 20}}