{"train_loss": 0.04230530469270212, "_timestamp": 1697125698.1609192, "_runtime": 38.750580072402954, "_step": 272, "val_acc": 84.39306640625, "_wandb": {"runtime": 38}}