{"train_loss": 0.2690051801849243, "_timestamp": 1697117692.1235895, "_runtime": 7.6706085205078125, "_step": 33, "val_acc": 84.97109985351562, "_wandb": {"runtime": 7}}