{"train_loss": 0.047300468938056985, "_timestamp": 1697107215.8483553, "_runtime": 28.83360719680786, "_step": 231, "val_acc": 86.7052001953125, "_wandb": {"runtime": 28}}