{"train_loss": 0.04061453111894797, "_timestamp": 1697032488.63784, "_runtime": 36.5460729598999, "_step": 257, "val_acc": 86.7052001953125, "_wandb": {"runtime": 36}}