{"train_loss": 0.014979715695263558, "_timestamp": 1697007981.372166, "_runtime": 35.834627866744995, "_step": 293, "val_acc": 83.81502532958984, "_wandb": {"runtime": 35}}