{"train_loss": 0.2884407317222551, "_timestamp": 1697129509.5836513, "_runtime": 10.218153238296509, "_step": 42, "val_acc": 84.97109985351562, "_wandb": {"runtime": 9}}