{"train_loss": 0.13508176017379345, "_timestamp": 1696997225.983742, "_runtime": 16.956087112426758, "_step": 98, "val_acc": 84.39306640625, "_wandb": {"runtime": 16}}