{"train_loss": 0.035451448276140836, "_timestamp": 1697067467.1953962, "_runtime": 28.252514123916626, "_step": 224, "val_acc": 86.7052001953125, "_wandb": {"runtime": 27}}