{"train_loss": 0.05515684164399931, "_timestamp": 1697029042.660488, "_runtime": 25.277686834335327, "_step": 197, "val_acc": 87.86127471923828, "_wandb": {"runtime": 24}}