{"train_loss": 0.07067437726614434, "_timestamp": 1697078605.9880712, "_runtime": 17.55340814590454, "_step": 122, "val_acc": 87.86127471923828, "_wandb": {"runtime": 16}}