{"train_loss": 0.08883288649972094, "_timestamp": 1697112823.5709393, "_runtime": 14.22764539718628, "_step": 95, "val_acc": 84.97109985351562, "_wandb": {"runtime": 13}}