{"train_loss": 0.19409832002075258, "_timestamp": 1697056296.4697769, "_runtime": 14.243971824645996, "_step": 80, "val_acc": 86.12716674804688, "_wandb": {"runtime": 13}}