{"train_loss": 0.18858638332160407, "_timestamp": 1696992227.4991689, "_runtime": 9.057353973388672, "_step": 45, "val_acc": 85.54913330078125, "_wandb": {"runtime": 8}}