{"train_loss": 0.12914605577324711, "_timestamp": 1697126844.5666986, "_runtime": 14.611243486404419, "_step": 96, "val_acc": 87.86127471923828, "_wandb": {"runtime": 14}}