{"train_loss": 0.046675027664859106, "_timestamp": 1697042953.5429738, "_runtime": 30.99946165084839, "_step": 252, "val_acc": 86.12716674804688, "_wandb": {"runtime": 30}}