{"train_loss": 0.01778270454730752, "_timestamp": 1697053643.4831429, "_runtime": 38.165143966674805, "_step": 269, "val_acc": 87.86127471923828, "_wandb": {"runtime": 37}}