{"train_loss": 0.11719774448334477, "_timestamp": 1697111576.9810066, "_runtime": 16.416886568069458, "_step": 98, "val_acc": 83.23699188232422, "_wandb": {"runtime": 16}}