{"train_loss": 0.04255844028071002, "_timestamp": 1697018682.6575913, "_runtime": 42.41167140007019, "_step": 296, "val_acc": 86.12716674804688, "_wandb": {"runtime": 41}}