{"train_loss": 0.1978702395288057, "_timestamp": 1697013634.7231028, "_runtime": 11.890286922454834, "_step": 51, "val_acc": 82.08092498779297, "_wandb": {"runtime": 10}}