{"train_loss": 0.05014950214062146, "_timestamp": 1697112206.1652803, "_runtime": 24.737553358078003, "_step": 192, "val_acc": 86.7052001953125, "_wandb": {"runtime": 24}}