{"train_loss": 0.08437407872271399, "_timestamp": 1697056785.8674858, "_runtime": 19.10287380218506, "_step": 117, "val_acc": 85.54913330078125, "_wandb": {"runtime": 18}}