{"train_loss": 0.05265168976823821, "_timestamp": 1697099168.7369561, "_runtime": 31.329447031021118, "_step": 209, "val_acc": 82.08092498779297, "_wandb": {"runtime": 29}}