{"train_loss": 0.04522558218842849, "_timestamp": 1697070484.0538583, "_runtime": 25.119174242019653, "_step": 195, "val_acc": 83.81502532958984, "_wandb": {"runtime": 24}}