{"train_loss": 0.038285921354843086, "_timestamp": 1697120959.7039716, "_runtime": 34.63723373413086, "_step": 239, "val_acc": 85.54913330078125, "_wandb": {"runtime": 34}}