{"train_loss": 0.10149454559351123, "_timestamp": 1697035868.7101226, "_runtime": 19.135162591934204, "_step": 117, "val_acc": 85.54913330078125, "_wandb": {"runtime": 18}}