{"train_loss": 0.049525503725013804, "_timestamp": 1696981110.0127845, "_runtime": 41.47482752799988, "_step": 291, "val_acc": 85.54913330078125, "_wandb": {"runtime": 41}}