{"train_loss": 0.057187339269317856, "_timestamp": 1697069789.1144457, "_runtime": 25.857020616531372, "_step": 201, "val_acc": 86.7052001953125, "_wandb": {"runtime": 25}}