{"train_loss": 0.3028412797423296, "_timestamp": 1697111992.6322594, "_runtime": 7.9798994064331055, "_step": 30, "val_acc": 80.92485809326172, "_wandb": {"runtime": 7}}