{"train_loss": NaN, "_timestamp": 1696903577.3332891, "_runtime": 866.6971101760864, "_step": 21, "val_acc": 0.04624277353286743, "_wandb": {"runtime": 866}}