{"train_loss": 0.05238731892043075, "_timestamp": 1697003819.314661, "_runtime": 16.906459093093872, "_step": 119, "val_acc": 83.81502532958984, "_wandb": {"runtime": 16}}