{"train_loss": 0.023667973704462827, "_timestamp": 1697061941.0837715, "_runtime": 27.272584438323975, "_step": 215, "val_acc": 86.7052001953125, "_wandb": {"runtime": 26}}