{"train_loss": 0.03952468344860515, "_timestamp": 1697096593.6352968, "_runtime": 29.16301989555359, "_step": 234, "val_acc": 87.86127471923828, "_wandb": {"runtime": 28}}