{"train_loss": 0.046632236887722514, "_timestamp": 1697101644.7315388, "_runtime": 36.07031273841858, "_step": 251, "val_acc": 82.6589584350586, "_wandb": {"runtime": 35}}