{"train_loss": 0.06683368854181365, "_timestamp": 1697117195.068371, "_runtime": 38.01991415023804, "_step": 266, "val_acc": 82.6589584350586, "_wandb": {"runtime": 37}}