{"train_loss": 0.03899561018184867, "_timestamp": 1697096016.4861116, "_runtime": 24.468562602996826, "_step": 189, "val_acc": 84.39306640625, "_wandb": {"runtime": 24}}