{"train_loss": 0.07293879942898097, "_timestamp": 1697084190.1985962, "_runtime": 36.3914213180542, "_step": 257, "val_acc": 80.92485809326172, "_wandb": {"runtime": 35}}