{"train_loss": 3.437907725572586, "_timestamp": 1696873473.40609, "_runtime": 915.797590970993, "_step": 14, "_wandb": {"runtime": 915}}