{"train_loss": 0.08870611891020523, "_timestamp": 1697026028.9371028, "_runtime": 11.848724842071533, "_step": 72, "val_acc": 85.54913330078125, "_wandb": {"runtime": 11}}