{"train_loss": 0.03868700876198492, "_timestamp": 1697082856.8348615, "_runtime": 29.538970470428467, "_step": 236, "val_acc": 85.54913330078125, "_wandb": {"runtime": 29}}