{"train_loss": 0.1632002666592598, "_timestamp": 1697091227.1786063, "_runtime": 8.675333261489868, "_step": 42, "val_acc": 83.81502532958984, "_wandb": {"runtime": 8}}