{"train_loss": 0.032861483673873725, "_timestamp": 1697039596.8726912, "_runtime": 34.56166625022888, "_step": 284, "val_acc": 86.12716674804688, "_wandb": {"runtime": 34}}