{"train_loss": 0.12407223862151853, "_timestamp": 1697020532.500295, "_runtime": 26.95057487487793, "_step": 179, "val_acc": 83.23699188232422, "_wandb": {"runtime": 26}}