{"train_loss": 0.11468599422639886, "_timestamp": 1696984711.4611945, "_runtime": 24.05734658241272, "_step": 152, "val_acc": 86.12716674804688, "_wandb": {"runtime": 23}}