{"train_loss": 0.13893468114872312, "_timestamp": 1697099961.8795848, "_runtime": 9.843129873275757, "_step": 53, "val_acc": 83.81502532958984, "_wandb": {"runtime": 9}}