{"train_loss": 0.05649214235491791, "_timestamp": 1696995794.573177, "_runtime": 18.629383087158203, "_step": 132, "val_acc": 87.28323364257812, "_wandb": {"runtime": 18}}