{"train_loss": 0.03467885488211069, "_timestamp": 1697089568.40029, "_runtime": 26.774231910705566, "_step": 213, "val_acc": 85.54913330078125, "_wandb": {"runtime": 26}}