{"train_loss": 0.0384800813951378, "_timestamp": 1697077748.4848804, "_runtime": 22.367329359054565, "_step": 170, "val_acc": 84.39306640625, "_wandb": {"runtime": 21}}