{"train_loss": 0.2554658543058606, "_timestamp": 1697083806.1942105, "_runtime": 8.524800539016724, "_step": 35, "val_acc": 86.12716674804688, "_wandb": {"runtime": 8}}