{"train_loss": 0.023969733751877102, "_timestamp": 1697085398.7413738, "_runtime": 32.972503662109375, "_step": 269, "val_acc": 87.28323364257812, "_wandb": {"runtime": 32}}