{"train_loss": 0.2621415141363477, "_timestamp": 1696990298.6736588, "_runtime": 7.362384796142578, "_step": 29, "val_acc": 83.81502532958984, "_wandb": {"runtime": 6}}