{"train_loss": 0.06421441955053313, "_timestamp": 1697056448.4199696, "_runtime": 32.117655515670776, "_step": 221, "val_acc": 87.86127471923828, "_wandb": {"runtime": 31}}