{"train_loss": 0.2430530892208565, "_timestamp": 1697097271.2697277, "_runtime": 26.19919180870056, "_step": 206, "val_acc": 84.39306640625, "_wandb": {"runtime": 25}}