{"train_loss": 0.056980722131705734, "_timestamp": 1696972370.424928, "_runtime": 31.925845861434937, "_step": 215, "val_acc": 84.39306640625, "_wandb": {"runtime": 31}}