{"train_loss": 0.15732206133475832, "_timestamp": 1697077954.2564628, "_runtime": 16.176214694976807, "_step": 93, "val_acc": 84.39306640625, "_wandb": {"runtime": 15}}