{"train_loss": NaN, "_timestamp": 1696955265.3000448, "_runtime": 869.2076988220215, "_step": 21, "val_acc": 0.04624277353286743, "_wandb": {"runtime": 868}}