{"train_loss": 0.046482609843477865, "_timestamp": 1697087274.0978024, "_runtime": 21.82471251487732, "_step": 164, "val_acc": 84.97109985351562, "_wandb": {"runtime": 21}}