{"train_loss": 0.08422601571154975, "_timestamp": 1697018629.4051867, "_runtime": 15.1958327293396, "_step": 102, "val_acc": 86.12716674804688, "_wandb": {"runtime": 14}}