{"train_loss": 0.07776388946750071, "_timestamp": 1697011458.0677905, "_runtime": 29.973633527755737, "_step": 200, "val_acc": 83.81502532958984, "_wandb": {"runtime": 29}}