{"train_loss": 0.018878959388022722, "_timestamp": 1696978906.0602157, "_runtime": 34.89446663856506, "_step": 287, "val_acc": 82.6589584350586, "_wandb": {"runtime": 34}}