{"train_loss": 0.043827771642353644, "_timestamp": 1697031644.8424532, "_runtime": 33.89301633834839, "_step": 233, "val_acc": 85.54913330078125, "_wandb": {"runtime": 33}}