{"train_loss": 0.15563735450336405, "_timestamp": 1697020740.0333722, "_runtime": 13.726872205734253, "_step": 74, "val_acc": 86.12716674804688, "_wandb": {"runtime": 13}}