{"train_loss": 0.07580854405437834, "_timestamp": 1696987218.8501158, "_runtime": 36.179831743240356, "_step": 246, "val_acc": 85.54913330078125, "_wandb": {"runtime": 35}}