{"train_loss": 0.24209558920458304, "_timestamp": 1697071802.913648, "_runtime": 8.810395956039429, "_step": 35, "val_acc": 84.97109985351562, "_wandb": {"runtime": 8}}