{"train_loss": 0.08661407851722351, "_timestamp": 1697103590.8621788, "_runtime": 18.584255695343018, "_step": 135, "val_acc": 84.39306640625, "_wandb": {"runtime": 18}}