{"train_loss": 0.09425630994536373, "_timestamp": 1697114356.4077394, "_runtime": 34.24350547790527, "_step": 233, "val_acc": 83.23699188232422, "_wandb": {"runtime": 33}}