{"train_loss": 0.15656052508153195, "_timestamp": 1697033786.148091, "_runtime": 8.593868017196655, "_step": 41, "val_acc": 85.54913330078125, "_wandb": {"runtime": 8}}