{"train_loss": 0.05182186665546777, "_timestamp": 1697017005.1612775, "_runtime": 37.22715759277344, "_step": 260, "val_acc": 86.12716674804688, "_wandb": {"runtime": 36}}