{"train_loss": 0.1931366451127931, "_timestamp": 1697102568.2948914, "_runtime": 13.623806476593018, "_step": 75, "val_acc": 83.81502532958984, "_wandb": {"runtime": 13}}