{"train_loss": 0.1328303865590241, "_timestamp": 1697113330.9331813, "_runtime": 10.54098629951477, "_step": 60, "val_acc": 84.97109985351562, "_wandb": {"runtime": 10}}