{"train_loss": 0.037767958846268095, "_timestamp": 1697074530.3360767, "_runtime": 25.40954065322876, "_step": 198, "val_acc": 86.7052001953125, "_wandb": {"runtime": 24}}