{"train_loss": 1.4055671230356008, "_timestamp": 1696894259.751425, "_runtime": 591.1270380020142, "_step": 9, "_wandb": {"runtime": 603}}