{"train_loss": 0.18599735571851217, "_timestamp": 1696981547.902758, "_runtime": 16.912428855895996, "_step": 99, "val_acc": 79.19075012207031, "_wandb": {"runtime": 16}}