{"train_loss": 0.06310135918414914, "_timestamp": 1697079620.461028, "_runtime": 29.1393141746521, "_step": 237, "val_acc": 83.81502532958984, "_wandb": {"runtime": 28}}