{"train_loss": 0.3516527185606402, "_timestamp": 1697042914.2762635, "_runtime": 7.55835747718811, "_step": 32, "val_acc": 81.50289154052734, "_wandb": {"runtime": 7}}