{"train_loss": 0.08443304024051962, "_timestamp": 1697073108.2236261, "_runtime": 28.04131817817688, "_step": 189, "val_acc": 83.23699188232422, "_wandb": {"runtime": 27}}