{"train_loss": 0.0751365925629385, "_timestamp": 1697087020.2749555, "_runtime": 20.55628752708435, "_step": 131, "val_acc": 83.81502532958984, "_wandb": {"runtime": 20}}