{"train_loss": 0.04405309019548017, "_timestamp": 1697010122.5201771, "_runtime": 34.06386709213257, "_step": 278, "val_acc": 85.54913330078125, "_wandb": {"runtime": 33}}