{"train_loss": 0.043908641673624516, "_timestamp": 1697112133.554615, "_runtime": 24.150607109069824, "_step": 159, "val_acc": 87.28323364257812, "_wandb": {"runtime": 23}}