{"train_loss": 2.222694930082784, "_timestamp": 1696862493.7390282, "_runtime": 596.4107871055603, "_step": 9, "_wandb": {"runtime": 609}}