{"train_loss": 0.084646976368805, "_timestamp": 1697128139.407059, "_runtime": 21.34851884841919, "_step": 131, "val_acc": 86.7052001953125, "_wandb": {"runtime": 20}}