{"train_loss": 0.053884290036918636, "_timestamp": 1697117115.890613, "_runtime": 31.125658988952637, "_step": 252, "val_acc": 87.28323364257812, "_wandb": {"runtime": 30}}