{"train_loss": 0.051077302225843765, "_timestamp": 1697067262.102517, "_runtime": 34.28025579452515, "_step": 234, "val_acc": 89.01734161376953, "_wandb": {"runtime": 33}}