{"train_loss": 0.016683360012816697, "_timestamp": 1697020569.1079216, "_runtime": 27.757107496261597, "_step": 219, "val_acc": 88.4393081665039, "_wandb": {"runtime": 27}}