{"train_loss": 0.03134256122271032, "_timestamp": 1696976772.288017, "_runtime": 33.99110412597656, "_step": 279, "val_acc": 84.39306640625, "_wandb": {"runtime": 33}}