{"train_loss": 0.12068953779850934, "_timestamp": 1696988145.9162138, "_runtime": 31.126425743103027, "_step": 206, "val_acc": 83.81502532958984, "_wandb": {"runtime": 30}}