{"train_loss": 0.059933346457952674, "_timestamp": 1697059902.388168, "_runtime": 15.452216148376465, "_step": 105, "val_acc": 86.7052001953125, "_wandb": {"runtime": 15}}