{"train_loss": 0.08824027982150573, "_timestamp": 1696991469.8058798, "_runtime": 28.14890193939209, "_step": 185, "val_acc": 84.39306640625, "_wandb": {"runtime": 27}}