{"train_loss": 0.061747899621476005, "_timestamp": 1697071679.3406591, "_runtime": 18.967320203781128, "_step": 137, "val_acc": 85.54913330078125, "_wandb": {"runtime": 18}}