{"train_loss": 0.050509918903455485, "_timestamp": 1697088111.765611, "_runtime": 29.991334915161133, "_step": 204, "val_acc": 82.6589584350586, "_wandb": {"runtime": 29}}