{"train_loss": 0.0814705076336395, "_timestamp": 1697001390.2055213, "_runtime": 40.21003723144531, "_step": 279, "val_acc": 87.28323364257812, "_wandb": {"runtime": 39}}