{"train_loss": 0.18974461143858037, "_timestamp": 1697000533.4667041, "_runtime": 14.957008123397827, "_step": 84, "val_acc": 82.08092498779297, "_wandb": {"runtime": 14}}