{"train_loss": 0.07829485407510642, "_timestamp": 1697050012.146268, "_runtime": 39.03579783439636, "_step": 273, "val_acc": 83.81502532958984, "_wandb": {"runtime": 38}}