{"train_loss": 3.294138619373011, "_timestamp": 1696843510.3259811, "_runtime": 894.1592772006989, "_step": 14, "_wandb": {"runtime": 893}}