{"train_loss": 0.030615228903750607, "_timestamp": 1697103437.2113526, "_runtime": 25.517853498458862, "_step": 167, "val_acc": 86.12716674804688, "_wandb": {"runtime": 25}}