{"train_loss": 0.10346344438229882, "_timestamp": 1696973386.166129, "_runtime": 12.646242141723633, "_step": 78, "val_acc": 88.4393081665039, "_wandb": {"runtime": 12}}