{"train_loss": 0.17928314637825932, "_timestamp": 1697000141.5027585, "_runtime": 9.23936653137207, "_step": 47, "val_acc": 86.7052001953125, "_wandb": {"runtime": 8}}