{"train_loss": 3.2932097790546195, "_timestamp": 1696945524.951153, "_runtime": 867.6523299217224, "_step": 21, "val_acc": 0.04624277353286743, "_wandb": {"runtime": 867}}