{"train_loss": 0.3040233434632767, "_timestamp": 1697093159.5206287, "_runtime": 8.636396646499634, "_step": 35, "val_acc": 82.08092498779297, "_wandb": {"runtime": 8}}