{"train_loss": 0.023862580401243557, "_timestamp": 1697009206.8397357, "_runtime": 31.05250382423401, "_step": 251, "val_acc": 87.86127471923828, "_wandb": {"runtime": 30}}