{"train_loss": 0.19350239943691291, "_timestamp": 1696991894.7344935, "_runtime": 16.558934450149536, "_step": 95, "val_acc": 83.23699188232422, "_wandb": {"runtime": 16}}