{"train_loss": 0.06534634339948032, "_timestamp": 1697037380.5007498, "_runtime": 29.917322874069214, "_step": 236, "val_acc": 83.23699188232422, "_wandb": {"runtime": 29}}