{"train_loss": 0.08397909927420145, "_timestamp": 1697021269.8481367, "_runtime": 23.470550775527954, "_step": 180, "val_acc": 86.12716674804688, "_wandb": {"runtime": 23}}