{"train_loss": 0.348050132393837, "_timestamp": 1697057013.4042432, "_runtime": 10.13508415222168, "_step": 56, "val_acc": 82.6589584350586, "_wandb": {"runtime": 9}}