{"train_loss": 2.382070826012814, "_timestamp": 1696887863.8756306, "_runtime": 583.354166507721, "_step": 9, "_wandb": {"runtime": 595}}