{"train_loss": 0.023556339758215472, "_timestamp": 1697099740.2027183, "_runtime": 30.21772027015686, "_step": 245, "val_acc": 85.54913330078125, "_wandb": {"runtime": 29}}