{"train_loss": 0.10716943785028402, "_timestamp": 1697121154.962541, "_runtime": 22.967525005340576, "_step": 147, "val_acc": 82.08092498779297, "_wandb": {"runtime": 22}}