{"train_loss": 0.06522697907720887, "_timestamp": 1697035248.9233499, "_runtime": 18.723885774612427, "_step": 135, "val_acc": 85.54913330078125, "_wandb": {"runtime": 18}}