{"train_loss": 0.09774914820310335, "_timestamp": 1697127407.2909734, "_runtime": 12.93889045715332, "_step": 81, "val_acc": 88.4393081665039, "_wandb": {"runtime": 12}}