{"train_loss": 0.0365368164913339, "_timestamp": 1697101439.3271098, "_runtime": 20.71223473548889, "_step": 155, "val_acc": 84.97109985351562, "_wandb": {"runtime": 20}}