{"train_loss": 0.08286442863957978, "_timestamp": 1697110910.0472648, "_runtime": 37.586341857910156, "_step": 263, "val_acc": 83.23699188232422, "_wandb": {"runtime": 37}}