{"train_loss": 0.06119142357885383, "_timestamp": 1697029596.5295298, "_runtime": 37.57866382598877, "_step": 263, "val_acc": 83.81502532958984, "_wandb": {"runtime": 37}}