{"train_loss": 0.07767172628163554, "_timestamp": 1697075128.0254357, "_runtime": 37.058711767196655, "_step": 263, "val_acc": 83.81502532958984, "_wandb": {"runtime": 36}}