{"train_loss": 0.33705253266664437, "_timestamp": 1697074418.9663582, "_runtime": 7.815794229507446, "_step": 29, "val_acc": 82.6589584350586, "_wandb": {"runtime": 7}}