{"train_loss": 0.1378482380952296, "_timestamp": 1697093270.1729398, "_runtime": 14.859002828598022, "_step": 83, "val_acc": 83.23699188232422, "_wandb": {"runtime": 14}}