{"train_loss": 0.09412211817580947, "_timestamp": 1697054333.5419877, "_runtime": 20.458391666412354, "_step": 126, "val_acc": 83.23699188232422, "_wandb": {"runtime": 20}}