{"train_loss": 0.1169743595948053, "_timestamp": 1697070385.8560457, "_runtime": 15.173246622085571, "_step": 87, "val_acc": 84.39306640625, "_wandb": {"runtime": 14}}