{"train_loss": 0.0597307292810847, "_timestamp": 1696996672.7078767, "_runtime": 36.74577569961548, "_step": 252, "val_acc": 83.81502532958984, "_wandb": {"runtime": 36}}