{"train_loss": 0.044534469737744414, "_timestamp": 1696999523.5132391, "_runtime": 32.83456826210022, "_step": 263, "val_acc": 86.7052001953125, "_wandb": {"runtime": 32}}