{"train_loss": 0.15456848870962858, "_timestamp": 1697018323.2532392, "_runtime": 10.674078226089478, "_step": 50, "val_acc": 83.81502532958984, "_wandb": {"runtime": 10}}