{"train_loss": 0.16320351954159695, "_timestamp": 1697004732.7132268, "_runtime": 19.173694849014282, "_step": 114, "val_acc": 87.86127471923828, "_wandb": {"runtime": 18}}