{"train_loss": 0.05819666037216869, "_timestamp": 1697039937.859833, "_runtime": 19.562323093414307, "_step": 143, "val_acc": 87.28323364257812, "_wandb": {"runtime": 19}}