{"train_loss": 0.14233188615938605, "_timestamp": 1697002258.1601372, "_runtime": 19.80237913131714, "_step": 122, "val_acc": 83.81502532958984, "_wandb": {"runtime": 19}}