{"train_loss": 0.056922268447314586, "_timestamp": 1697071465.4321327, "_runtime": 22.164772748947144, "_step": 170, "val_acc": 86.7052001953125, "_wandb": {"runtime": 21}}