{"train_loss": 0.06132158300796047, "_timestamp": 1697117261.176219, "_runtime": 26.230429887771606, "_step": 176, "val_acc": 89.01734161376953, "_wandb": {"runtime": 25}}