{"train_loss": 0.03279654259677045, "_timestamp": 1697093538.9085996, "_runtime": 31.78279757499695, "_step": 258, "val_acc": 87.28323364257812, "_wandb": {"runtime": 31}}