{"train_loss": 0.0489992996147119, "_timestamp": 1697057237.8882616, "_runtime": 22.20262050628662, "_step": 168, "val_acc": 85.54913330078125, "_wandb": {"runtime": 21}}