{"train_loss": 0.08304412820008258, "_timestamp": 1696992414.8324203, "_runtime": 31.57768225669861, "_step": 210, "val_acc": 83.81502532958984, "_wandb": {"runtime": 31}}