{"train_loss": 0.1193381548916033, "_timestamp": 1697115624.6044903, "_runtime": 27.964580297470093, "_step": 191, "val_acc": 83.23699188232422, "_wandb": {"runtime": 27}}