{"train_loss": 0.04784460416264009, "_timestamp": 1697057941.52795, "_runtime": 19.817378997802734, "_step": 146, "val_acc": 84.39306640625, "_wandb": {"runtime": 19}}