{"train_loss": 0.09199809619268878, "_timestamp": 1697062846.6251922, "_runtime": 19.04959225654602, "_step": 116, "val_acc": 83.23699188232422, "_wandb": {"runtime": 18}}