{"train_loss": 0.15150578705550627, "_timestamp": 1696988042.6630852, "_runtime": 10.820993185043335, "_step": 59, "val_acc": 84.97109985351562, "_wandb": {"runtime": 10}}