{"train_loss": 0.11982663404392782, "_timestamp": 1697092109.4854238, "_runtime": 41.09530973434448, "_step": 294, "val_acc": 85.54913330078125, "_wandb": {"runtime": 40}}