{"train_loss": 0.03495011299437042, "_timestamp": 1697076130.0820408, "_runtime": 19.016238689422607, "_step": 138, "val_acc": 86.12716674804688, "_wandb": {"runtime": 18}}