{"train_loss": 0.0914195641993036, "_timestamp": 1697125057.860678, "_runtime": 36.09628987312317, "_step": 252, "val_acc": 83.23699188232422, "_wandb": {"runtime": 35}}