{"train_loss": 0.2549738849751478, "_timestamp": 1696990130.3335726, "_runtime": 12.144842624664307, "_step": 47, "val_acc": 79.76878356933594, "_wandb": {"runtime": 10}}