{"train_loss": 0.08924576497994104, "_timestamp": 1697066284.5809937, "_runtime": 30.484233617782593, "_step": 209, "val_acc": 86.12716674804688, "_wandb": {"runtime": 30}}