{"train_loss": 0.16191300923048063, "_timestamp": 1697023747.8893433, "_runtime": 11.163557291030884, "_step": 66, "val_acc": 85.54913330078125, "_wandb": {"runtime": 10}}