{"train_loss": 0.038758080160288616, "_timestamp": 1696987694.193362, "_runtime": 27.932071924209595, "_step": 216, "val_acc": 84.39306640625, "_wandb": {"runtime": 27}}