{"train_loss": 0.026509824248171564, "_timestamp": 1697126492.2475052, "_runtime": 30.170607089996338, "_step": 243, "val_acc": 86.12716674804688, "_wandb": {"runtime": 29}}