{"train_loss": 1.5759700617085335, "_timestamp": 1696931401.2038631, "_runtime": 869.9101071357727, "_step": 21, "val_acc": 0.4161849617958069, "_wandb": {"runtime": 869}}