{"train_loss": 0.2928417564131493, "_timestamp": 1696996883.3719115, "_runtime": 8.929279565811157, "_step": 36, "val_acc": 80.92485809326172, "_wandb": {"runtime": 8}}