{"train_loss": 0.046943067934439885, "_timestamp": 1697083191.9346073, "_runtime": 28.447447299957275, "_step": 228, "val_acc": 83.23699188232422, "_wandb": {"runtime": 28}}