{"train_loss": 0.10226422990130823, "_timestamp": 1696975880.4213686, "_runtime": 12.234303712844849, "_step": 75, "val_acc": 87.86127471923828, "_wandb": {"runtime": 11}}