{"train_loss": 0.09489556191878956, "_timestamp": 1696985235.8292382, "_runtime": 12.703517198562622, "_step": 77, "val_acc": 86.12716674804688, "_wandb": {"runtime": 12}}