{"train_loss": 0.07870049722801331, "_timestamp": 1696973667.4064958, "_runtime": 34.72708988189697, "_step": 240, "val_acc": 83.23699188232422, "_wandb": {"runtime": 34}}