{"train_loss": 0.04956323495351298, "_timestamp": 1696979816.5812237, "_runtime": 33.987101793289185, "_step": 234, "val_acc": 82.08092498779297, "_wandb": {"runtime": 33}}