{"train_loss": 0.23558536596422971, "_timestamp": 1697053738.9752793, "_runtime": 9.868613243103027, "_step": 53, "val_acc": 86.12716674804688, "_wandb": {"runtime": 9}}