{"train_loss": 0.01900366053315486, "_timestamp": 1697081021.645276, "_runtime": 34.781079053878784, "_step": 287, "val_acc": 85.54913330078125, "_wandb": {"runtime": 34}}