{"train_loss": 0.30155832242480546, "_timestamp": 1696986005.4608614, "_runtime": 8.818029403686523, "_step": 35, "val_acc": 87.28323364257812, "_wandb": {"runtime": 8}}