{"train_loss": 3.3128362734650456, "_timestamp": 1696879944.4208095, "_runtime": 1268.1074314117432, "_step": 14, "_wandb": {"runtime": 1267}}