{"train_loss": 0.030334921429193643, "_timestamp": 1697065680.2446635, "_runtime": 31.45270037651062, "_step": 216, "val_acc": 87.28323364257812, "_wandb": {"runtime": 31}}