{"train_loss": 0.04995688462229229, "_timestamp": 1697118121.2052624, "_runtime": 25.65923833847046, "_step": 168, "val_acc": 84.97109985351562, "_wandb": {"runtime": 25}}