{"train_loss": 0.046103712999760064, "_timestamp": 1697113957.2065537, "_runtime": 38.41512966156006, "_step": 264, "val_acc": 84.97109985351562, "_wandb": {"runtime": 38}}