{"train_loss": 0.05467222135535679, "_timestamp": 1697048869.5424178, "_runtime": 27.079346656799316, "_step": 182, "val_acc": 83.81502532958984, "_wandb": {"runtime": 26}}