{"train_loss": 0.06499083173396282, "_timestamp": 1697126526.920487, "_runtime": 23.769726991653442, "_step": 155, "val_acc": 85.54913330078125, "_wandb": {"runtime": 23}}