{"train_loss": 0.016233650726187692, "_timestamp": 1697113856.1318338, "_runtime": 35.11672782897949, "_step": 290, "val_acc": 90.17340850830078, "_wandb": {"runtime": 34}}