{"train_loss": 0.02683966974781956, "_timestamp": 1697071379.8540537, "_runtime": 34.411072731018066, "_step": 282, "val_acc": 87.28323364257812, "_wandb": {"runtime": 34}}