{"train_loss": 0.21428699427565864, "_timestamp": 1697039803.144988, "_runtime": 8.758036136627197, "_step": 42, "val_acc": 84.39306640625, "_wandb": {"runtime": 8}}