{"train_loss": 0.023250977765920378, "_timestamp": 1697006012.59071, "_runtime": 34.92254590988159, "_step": 287, "val_acc": 87.86127471923828, "_wandb": {"runtime": 34}}