{"train_loss": 0.06504117035263673, "_timestamp": 1697107716.729388, "_runtime": 28.048826932907104, "_step": 224, "val_acc": 87.28323364257812, "_wandb": {"runtime": 27}}