{"train_loss": 0.039968279320313486, "_timestamp": 1697012997.6911685, "_runtime": 29.465187549591064, "_step": 234, "val_acc": 85.54913330078125, "_wandb": {"runtime": 29}}