{"train_loss": 0.1443957881474066, "_timestamp": 1696995826.5274732, "_runtime": 24.780029296875, "_step": 159, "val_acc": 82.08092498779297, "_wandb": {"runtime": 24}}