{"train_loss": 0.021627809148455083, "_timestamp": 1697013919.617795, "_runtime": 33.621623039245605, "_step": 273, "val_acc": 86.12716674804688, "_wandb": {"runtime": 33}}