{"train_loss": 0.07201661761893435, "_timestamp": 1697116400.3203108, "_runtime": 15.45263671875, "_step": 105, "val_acc": 86.7052001953125, "_wandb": {"runtime": 15}}