{"train_loss": 0.06550204292546179, "_timestamp": 1697083867.334402, "_runtime": 27.599596977233887, "_step": 219, "val_acc": 86.12716674804688, "_wandb": {"runtime": 27}}