{"train_loss": 0.05065291106218992, "_timestamp": 1697043712.012708, "_runtime": 29.914623022079468, "_step": 243, "val_acc": 85.54913330078125, "_wandb": {"runtime": 29}}