{"train_loss": 0.07182291706720757, "_timestamp": 1697074577.7841566, "_runtime": 36.92259764671326, "_step": 258, "val_acc": 83.23699188232422, "_wandb": {"runtime": 36}}