{"train_loss": 0.13700554855601038, "_timestamp": 1696986297.5360582, "_runtime": 12.675629138946533, "_step": 77, "val_acc": 87.28323364257812, "_wandb": {"runtime": 12}}