{"train_loss": 0.08029594723958262, "_timestamp": 1696980998.7783935, "_runtime": 17.666350603103638, "_step": 105, "val_acc": 84.39306640625, "_wandb": {"runtime": 17}}