{"train_loss": 3.3274876225826353, "_timestamp": 1696853129.4648204, "_runtime": 883.3928422927856, "_step": 14, "_wandb": {"runtime": 883}}