{"train_loss": 0.03744075592975457, "_timestamp": 1697076103.6370268, "_runtime": 23.67013382911682, "_step": 182, "val_acc": 83.81502532958984, "_wandb": {"runtime": 23}}