{"train_loss": 0.05208340139726588, "_timestamp": 1697118926.799139, "_runtime": 25.123795986175537, "_step": 168, "val_acc": 83.23699188232422, "_wandb": {"runtime": 24}}