{"train_loss": 0.11064418272093632, "_timestamp": 1696990632.5478344, "_runtime": 19.950616359710693, "_step": 122, "val_acc": 85.54913330078125, "_wandb": {"runtime": 19}}