{"train_loss": 0.048732898227848806, "_timestamp": 1697070112.8281653, "_runtime": 40.28300738334656, "_step": 281, "val_acc": 86.7052001953125, "_wandb": {"runtime": 39}}