{"train_loss": 0.17126009058813715, "_timestamp": 1697052767.7819545, "_runtime": 9.37502145767212, "_step": 48, "val_acc": 86.12716674804688, "_wandb": {"runtime": 8}}