{"train_loss": 0.11690082049083918, "_timestamp": 1697081644.031984, "_runtime": 12.523763179779053, "_step": 66, "val_acc": 85.54913330078125, "_wandb": {"runtime": 12}}