{"train_loss": 0.05565627159816105, "_timestamp": 1697018367.614414, "_runtime": 31.786091089248657, "_step": 212, "val_acc": 88.4393081665039, "_wandb": {"runtime": 31}}