{"train_loss": 0.07610160719906521, "_timestamp": 1696976585.0297265, "_runtime": 24.41176152229309, "_step": 161, "val_acc": 89.01734161376953, "_wandb": {"runtime": 23}}