{"train_loss": 0.11385349734404752, "_timestamp": 1697096631.2833498, "_runtime": 25.814400672912598, "_step": 168, "val_acc": 85.54913330078125, "_wandb": {"runtime": 25}}