{"train_loss": 0.041733131463081725, "_timestamp": 1697001779.5238147, "_runtime": 29.81286072731018, "_step": 236, "val_acc": 83.81502532958984, "_wandb": {"runtime": 29}}