{"train_loss": 0.2258349721601536, "_timestamp": 1697040925.1585312, "_runtime": 11.426067113876343, "_step": 57, "val_acc": 85.54913330078125, "_wandb": {"runtime": 11}}