{"train_loss": 0.026376148424893726, "_timestamp": 1697105996.2478955, "_runtime": 25.902053594589233, "_step": 204, "val_acc": 82.08092498779297, "_wandb": {"runtime": 25}}