{"train_loss": 0.04974985914034119, "_timestamp": 1697050288.236453, "_runtime": 26.854132175445557, "_step": 210, "val_acc": 84.39306640625, "_wandb": {"runtime": 26}}