{"train_loss": 0.06025972018738515, "_timestamp": 1697037557.5245514, "_runtime": 31.24351143836975, "_step": 210, "val_acc": 86.12716674804688, "_wandb": {"runtime": 30}}