{"train_loss": 0.0460770727232705, "_timestamp": 1697016915.5838375, "_runtime": 29.95609450340271, "_step": 240, "val_acc": 85.54913330078125, "_wandb": {"runtime": 29}}