{"train_loss": 0.11040245828240416, "_timestamp": 1697109816.6110625, "_runtime": 11.00926160812378, "_step": 65, "val_acc": 86.7052001953125, "_wandb": {"runtime": 10}}