{"train_loss": 0.04606908546803996, "_timestamp": 1697002566.8434432, "_runtime": 19.745399236679077, "_step": 144, "val_acc": 84.97109985351562, "_wandb": {"runtime": 19}}