{"train_loss": 0.09734489045750219, "_timestamp": 1696992779.6600127, "_runtime": 28.25257182121277, "_step": 185, "val_acc": 85.54913330078125, "_wandb": {"runtime": 27}}