{"train_loss": 0.11527297993428832, "_timestamp": 1696985538.147234, "_runtime": 25.963324069976807, "_step": 171, "val_acc": 83.23699188232422, "_wandb": {"runtime": 25}}