{"train_loss": 0.286424006227144, "_timestamp": 1696974737.1900623, "_runtime": 9.797547340393066, "_step": 44, "val_acc": 84.97109985351562, "_wandb": {"runtime": 9}}