{"train_loss": 1.0466732576835986, "_timestamp": 1697064692.784435, "_runtime": 9.126199007034302, "_step": 45, "val_acc": 76.30057525634766, "_wandb": {"runtime": 8}}