{"train_loss": 0.04984507806664116, "_timestamp": 1697124079.1828277, "_runtime": 21.49654459953308, "_step": 135, "val_acc": 85.54913330078125, "_wandb": {"runtime": 21}}