{"train_loss": 0.06316969014141102, "_timestamp": 1697062571.0416493, "_runtime": 18.505077362060547, "_step": 134, "val_acc": 86.7052001953125, "_wandb": {"runtime": 18}}