{"train_loss": 0.04791894952663719, "_timestamp": 1697038364.4547083, "_runtime": 29.704651355743408, "_step": 239, "val_acc": 86.12716674804688, "_wandb": {"runtime": 29}}