{"train_loss": 0.20212670431883875, "_timestamp": 1697085511.370046, "_runtime": 11.598538875579834, "_step": 59, "val_acc": 82.6589584350586, "_wandb": {"runtime": 11}}