{"train_loss": 0.253020778135938, "_timestamp": 1697105331.2874818, "_runtime": 13.888195753097534, "_step": 66, "val_acc": 83.23699188232422, "_wandb": {"runtime": 12}}