{"train_loss": 0.08916353571856785, "_timestamp": 1696978551.995162, "_runtime": 11.761390924453735, "_step": 71, "val_acc": 82.6589584350586, "_wandb": {"runtime": 11}}