{"train_loss": 0.055314321416094464, "_timestamp": 1697039262.7231817, "_runtime": 41.69449973106384, "_step": 299, "val_acc": 84.97109985351562, "_wandb": {"runtime": 41}}