{"train_loss": 0.030920971304091605, "_timestamp": 1697106086.823899, "_runtime": 34.28207612037659, "_step": 279, "val_acc": 83.23699188232422, "_wandb": {"runtime": 33}}