{"train_loss": 2.8179640659066134, "_timestamp": 1697036206.1657817, "_runtime": 12.354825735092163, "_step": 77, "val_acc": 38.72832489013672, "_wandb": {"runtime": 11}}