{"train_loss": 0.019528786520484488, "_timestamp": 1697044259.170085, "_runtime": 35.942901849746704, "_step": 294, "val_acc": 86.7052001953125, "_wandb": {"runtime": 35}}