{"train_loss": 0.08827958832126717, "_timestamp": 1697085431.1361983, "_runtime": 24.36372137069702, "_step": 191, "val_acc": 83.81502532958984, "_wandb": {"runtime": 23}}