{"train_loss": 0.06433743623973326, "_timestamp": 1697051466.8275611, "_runtime": 18.98587203025818, "_step": 138, "val_acc": 85.54913330078125, "_wandb": {"runtime": 18}}