{"train_loss": 0.06341311732594054, "_timestamp": 1697093670.9618545, "_runtime": 24.76320242881775, "_step": 192, "val_acc": 84.39306640625, "_wandb": {"runtime": 24}}