{"train_loss": 0.06380410175932962, "_timestamp": 1696986231.648319, "_runtime": 18.680012941360474, "_step": 132, "val_acc": 86.7052001953125, "_wandb": {"runtime": 18}}