{"train_loss": 0.040532650610128805, "_timestamp": 1697023091.8882499, "_runtime": 24.577980756759644, "_step": 189, "val_acc": 83.23699188232422, "_wandb": {"runtime": 24}}