{"train_loss": 0.0629932744710078, "_timestamp": 1697022839.9939406, "_runtime": 25.281277656555176, "_step": 165, "val_acc": 80.92485809326172, "_wandb": {"runtime": 24}}