{"train_loss": 0.09084651741364343, "_timestamp": 1697089615.0465262, "_runtime": 37.38862729072571, "_step": 266, "val_acc": 84.39306640625, "_wandb": {"runtime": 37}}