{"train_loss": 0.07102053625601192, "_timestamp": 1696977449.4633977, "_runtime": 25.86520767211914, "_step": 170, "val_acc": 81.50289154052734, "_wandb": {"runtime": 25}}