{"train_loss": 0.14535344084508198, "_timestamp": 1696997340.7042687, "_runtime": 13.210296630859375, "_step": 71, "val_acc": 85.54913330078125, "_wandb": {"runtime": 12}}