{"train_loss": 0.027084123689767925, "_timestamp": 1697118966.2975965, "_runtime": 28.5175724029541, "_step": 221, "val_acc": 83.81502532958984, "_wandb": {"runtime": 27}}