{"train_loss": 0.04768835429405404, "_timestamp": 1697103464.0704458, "_runtime": 16.33961772918701, "_step": 114, "val_acc": 84.39306640625, "_wandb": {"runtime": 15}}