{"train_loss": 0.04914747403398546, "_timestamp": 1697000844.9745812, "_runtime": 22.286590337753296, "_step": 165, "val_acc": 86.7052001953125, "_wandb": {"runtime": 21}}