{"train_loss": 0.1040018807533522, "_timestamp": 1697121091.6867678, "_runtime": 16.552700757980347, "_step": 89, "val_acc": 84.97109985351562, "_wandb": {"runtime": 16}}