{"train_loss": 0.14971623828547986, "_timestamp": 1697058856.4398336, "_runtime": 10.740014553070068, "_step": 57, "val_acc": 84.39306640625, "_wandb": {"runtime": 9}}