{"train_loss": 0.07271208132070295, "_timestamp": 1697038976.7149053, "_runtime": 33.571977376937866, "_step": 234, "val_acc": 86.12716674804688, "_wandb": {"runtime": 33}}