{"train_loss": 0.18462782088927057, "_timestamp": 1697004669.0058036, "_runtime": 17.19550848007202, "_step": 101, "val_acc": 82.08092498779297, "_wandb": {"runtime": 16}}