{"train_loss": 0.0708966750521646, "_timestamp": 1697029548.4502728, "_runtime": 25.519689798355103, "_step": 189, "val_acc": 85.54913330078125, "_wandb": {"runtime": 24}}