{"train_loss": 0.06273666776440562, "_timestamp": 1697045588.785586, "_runtime": 30.22777009010315, "_step": 206, "val_acc": 84.39306640625, "_wandb": {"runtime": 29}}