{"train_loss": 3.313298543871835, "_timestamp": 1696871938.55414, "_runtime": 894.4069490432739, "_step": 14, "_wandb": {"runtime": 893}}