{"train_loss": 0.03926593048408693, "_timestamp": 1697080687.2837398, "_runtime": 32.21949791908264, "_step": 264, "val_acc": 86.7052001953125, "_wandb": {"runtime": 31}}