{"train_loss": 0.09733064039502033, "_timestamp": 1697012578.5000947, "_runtime": 16.201523542404175, "_step": 111, "val_acc": 87.86127471923828, "_wandb": {"runtime": 15}}