{"train_loss": 0.24846425613518372, "_timestamp": 1697046268.2718818, "_runtime": 8.860544919967651, "_step": 36, "val_acc": 84.97109985351562, "_wandb": {"runtime": 8}}