{"train_loss": 0.056885332952058595, "_timestamp": 1696972801.961767, "_runtime": 24.43732190132141, "_step": 189, "val_acc": 86.12716674804688, "_wandb": {"runtime": 24}}