{"train_loss": 0.1014313850704808, "_timestamp": 1697116257.166986, "_runtime": 29.267685890197754, "_step": 197, "val_acc": 84.39306640625, "_wandb": {"runtime": 28}}