{"train_loss": 0.13435585043517612, "_timestamp": 1696974842.6993225, "_runtime": 31.6781964302063, "_step": 218, "val_acc": 84.97109985351562, "_wandb": {"runtime": 31}}