{"train_loss": 0.08580355704653748, "_timestamp": 1697107679.103681, "_runtime": 26.420246124267578, "_step": 174, "val_acc": 83.81502532958984, "_wandb": {"runtime": 26}}