{"train_loss": 0.37099062564761137, "_timestamp": 1696984877.719933, "_runtime": 25.408581018447876, "_step": 180, "val_acc": 83.81502532958984, "_wandb": {"runtime": 23}}