{"train_loss": 0.12294703987318763, "_timestamp": 1697123530.8453546, "_runtime": 11.83111047744751, "_step": 62, "val_acc": 86.7052001953125, "_wandb": {"runtime": 11}}