{"train_loss": 0.04937503506905984, "_timestamp": 1697090218.5814896, "_runtime": 36.46368861198425, "_step": 299, "val_acc": 85.54913330078125, "_wandb": {"runtime": 36}}