{"train_loss": 0.030757567468965644, "_timestamp": 1697068815.6647942, "_runtime": 30.197729110717773, "_step": 242, "val_acc": 89.01734161376953, "_wandb": {"runtime": 29}}