{"train_loss": 3.432528454550477, "_timestamp": 1696832280.6658475, "_runtime": 895.8173885345459, "_step": 14, "_wandb": {"runtime": 895}}