{"train_loss": 0.06796684229833096, "_timestamp": 1696991593.867503, "_runtime": 24.095996856689453, "_step": 153, "val_acc": 89.59537506103516, "_wandb": {"runtime": 23}}