{"train_loss": 0.05221322123069576, "_timestamp": 1697121788.0113165, "_runtime": 30.710925579071045, "_step": 234, "val_acc": 85.54913330078125, "_wandb": {"runtime": 30}}