{"train_loss": 0.1821715503519531, "_timestamp": 1697122994.397725, "_runtime": 15.35570216178894, "_step": 84, "val_acc": 86.7052001953125, "_wandb": {"runtime": 14}}