{"train_loss": 0.10099083577556167, "_timestamp": 1697055869.0780284, "_runtime": 29.84266448020935, "_step": 203, "val_acc": 86.12716674804688, "_wandb": {"runtime": 29}}