{"train_loss": 0.06198136951384503, "_timestamp": 1697076015.131093, "_runtime": 14.10838007926941, "_step": 93, "val_acc": 83.23699188232422, "_wandb": {"runtime": 13}}