{"train_loss": 0.07551170374418414, "_timestamp": 1697122443.845434, "_runtime": 45.20105504989624, "_step": 297, "val_acc": 87.28323364257812, "_wandb": {"runtime": 44}}