{"train_loss": 0.29227102807787964, "_timestamp": 1697062257.885792, "_runtime": 9.104614019393921, "_step": 38, "val_acc": 86.12716674804688, "_wandb": {"runtime": 8}}