{"train_loss": 0.07001308645433096, "_timestamp": 1697084283.7924418, "_runtime": 31.417644739151, "_step": 218, "val_acc": 89.01734161376953, "_wandb": {"runtime": 31}}