{"train_loss": 0.09464800888320518, "_timestamp": 1697088326.0650673, "_runtime": 36.74956822395325, "_step": 254, "val_acc": 86.7052001953125, "_wandb": {"runtime": 36}}