{"train_loss": 3.295448312925738, "_timestamp": 1696915490.6563406, "_runtime": 294.44947957992554, "_step": 6, "val_acc": 0.04624277353286743, "_wandb": {"runtime": 294}}