{"train_loss": 0.03019959379940532, "_timestamp": 1697035183.7557237, "_runtime": 35.845786809921265, "_step": 293, "val_acc": 87.28323364257812, "_wandb": {"runtime": 35}}