{"train_loss": 0.13441195899923875, "_timestamp": 1696973519.650819, "_runtime": 16.274165153503418, "_step": 92, "val_acc": 85.54913330078125, "_wandb": {"runtime": 15}}