{"train_loss": 0.12731130731015922, "_timestamp": 1697100458.870277, "_runtime": 31.40037488937378, "_step": 219, "val_acc": 84.39306640625, "_wandb": {"runtime": 31}}