{"train_loss": 0.04509218209314832, "_timestamp": 1697048942.12814, "_runtime": 28.27019190788269, "_step": 189, "val_acc": 87.28323364257812, "_wandb": {"runtime": 27}}