{"train_loss": 0.10919500395742267, "_timestamp": 1697059220.054822, "_runtime": 18.32300591468811, "_step": 132, "val_acc": 87.86127471923828, "_wandb": {"runtime": 17}}