{"train_loss": 0.09925831971300203, "_timestamp": 1697076792.5628874, "_runtime": 10.805362462997437, "_step": 62, "val_acc": 86.7052001953125, "_wandb": {"runtime": 10}}