{"train_loss": 3.2956078236186226, "_timestamp": 1696907170.5259757, "_runtime": 291.83794474601746, "_step": 6, "val_acc": 0.04624277353286743, "_wandb": {"runtime": 291}}