{"train_loss": 0.08003842721823169, "_timestamp": 1696990169.8722537, "_runtime": 30.614389657974243, "_step": 203, "val_acc": 83.81502532958984, "_wandb": {"runtime": 30}}