{"train_loss": 0.05791392021468667, "_timestamp": 1697010886.278848, "_runtime": 30.00544786453247, "_step": 200, "val_acc": 86.12716674804688, "_wandb": {"runtime": 29}}