{"train_loss": 0.04355211842935099, "_timestamp": 1697020774.954696, "_runtime": 27.919500827789307, "_step": 222, "val_acc": 84.39306640625, "_wandb": {"runtime": 27}}