{"train_loss": 0.03140007368414825, "_timestamp": 1696988227.2485757, "_runtime": 40.489545583724976, "_step": 282, "val_acc": 88.4393081665039, "_wandb": {"runtime": 40}}