{"train_loss": 0.05923436407736221, "_timestamp": 1697025336.4675825, "_runtime": 21.38654351234436, "_step": 161, "val_acc": 84.97109985351562, "_wandb": {"runtime": 20}}