{"train_loss": 0.065296687053105, "_timestamp": 1697001705.6318562, "_runtime": 42.87254214286804, "_step": 296, "val_acc": 79.76878356933594, "_wandb": {"runtime": 42}}