{"train_loss": 0.06900118367183347, "_timestamp": 1697051667.3999481, "_runtime": 17.46463918685913, "_step": 120, "val_acc": 84.39306640625, "_wandb": {"runtime": 16}}