{"train_loss": 0.05378558820514225, "_timestamp": 1696999568.104417, "_runtime": 36.39031410217285, "_step": 249, "val_acc": 82.08092498779297, "_wandb": {"runtime": 35}}