{"train_loss": 0.04368350075471193, "_timestamp": 1697083407.7627482, "_runtime": 28.292585134506226, "_step": 225, "val_acc": 84.97109985351562, "_wandb": {"runtime": 27}}