{"train_loss": 0.0688580858932678, "_timestamp": 1697022994.1083648, "_runtime": 14.623404741287231, "_step": 98, "val_acc": 84.97109985351562, "_wandb": {"runtime": 14}}