{"train_loss": 3.296086942040643, "_timestamp": 1696970414.5059106, "_runtime": 896.8523135185242, "_step": 21, "val_acc": 0.04624277353286743, "_wandb": {"runtime": 896}}