{"train_loss": 0.05233310093442628, "_timestamp": 1697025126.5891747, "_runtime": 23.02872586250305, "_step": 177, "val_acc": 84.39306640625, "_wandb": {"runtime": 22}}