{"train_loss": 0.06424510728183397, "_timestamp": 1697017759.6336672, "_runtime": 40.454859256744385, "_step": 279, "val_acc": 90.17340850830078, "_wandb": {"runtime": 40}}