{"train_loss": 0.06866247211528811, "_timestamp": 1697035514.514098, "_runtime": 25.997512817382812, "_step": 170, "val_acc": 84.39306640625, "_wandb": {"runtime": 25}}