{"train_loss": 0.02848581728243897, "_timestamp": 1697032355.6705344, "_runtime": 22.507603406906128, "_step": 171, "val_acc": 84.39306640625, "_wandb": {"runtime": 22}}