{"train_loss": 0.14813144847772322, "_timestamp": 1697022010.6356175, "_runtime": 12.667946577072144, "_step": 68, "val_acc": 85.54913330078125, "_wandb": {"runtime": 12}}