{"train_loss": 0.19478432377150587, "_timestamp": 1696982109.3527806, "_runtime": 11.027398586273193, "_step": 54, "val_acc": 84.39306640625, "_wandb": {"runtime": 10}}