{"train_loss": 0.05181675602487007, "_timestamp": 1696992877.1880999, "_runtime": 22.941934823989868, "_step": 144, "val_acc": 88.4393081665039, "_wandb": {"runtime": 22}}