{"train_loss": 0.06260733959687398, "_timestamp": 1696996861.356025, "_runtime": 24.79942798614502, "_step": 188, "val_acc": 88.4393081665039, "_wandb": {"runtime": 24}}