{"train_loss": 0.0912577909699013, "_timestamp": 1697028524.446113, "_runtime": 13.879873991012573, "_step": 92, "val_acc": 87.86127471923828, "_wandb": {"runtime": 13}}