{"train_loss": 0.028001314704577156, "_timestamp": 1697040811.551533, "_runtime": 31.67281198501587, "_step": 258, "val_acc": 86.7052001953125, "_wandb": {"runtime": 31}}