{"train_loss": 0.1517035780192981, "_timestamp": 1697019559.7270427, "_runtime": 16.069117784500122, "_step": 93, "val_acc": 83.81502532958984, "_wandb": {"runtime": 15}}