{"train_loss": 3.296353763272596, "_timestamp": 1696847134.3051953, "_runtime": 879.6747803688049, "_step": 14, "_wandb": {"runtime": 879}}