{"train_loss": 0.052395108767255845, "_timestamp": 1697066637.097037, "_runtime": 37.74693417549133, "_step": 269, "val_acc": 85.54913330078125, "_wandb": {"runtime": 37}}