{"train_loss": 0.26744805863614435, "_timestamp": 1697013834.2206354, "_runtime": 20.232372522354126, "_step": 123, "val_acc": 79.76878356933594, "_wandb": {"runtime": 19}}