{"train_loss": 0.10962244348470555, "_timestamp": 1697076295.7821646, "_runtime": 24.004162549972534, "_step": 159, "val_acc": 87.28323364257812, "_wandb": {"runtime": 23}}