{"train_loss": 0.06707998114464761, "_timestamp": 1697011196.0680902, "_runtime": 19.88340926170349, "_step": 147, "val_acc": 86.7052001953125, "_wandb": {"runtime": 19}}