{"train_loss": 0.32677378947305125, "_timestamp": 1697072024.4170413, "_runtime": 7.971611261367798, "_step": 30, "val_acc": 84.39306640625, "_wandb": {"runtime": 7}}