{"train_loss": 0.2699816571223701, "_timestamp": 1697105214.496159, "_runtime": 10.962368965148926, "_step": 53, "val_acc": 85.54913330078125, "_wandb": {"runtime": 10}}