{"train_loss": 0.04129094735727386, "_timestamp": 1697034090.4072564, "_runtime": 34.617746353149414, "_step": 240, "val_acc": 86.12716674804688, "_wandb": {"runtime": 34}}