{"train_loss": 0.09419665081957139, "_timestamp": 1697120475.1562998, "_runtime": 37.01876878738403, "_step": 263, "val_acc": 83.81502532958984, "_wandb": {"runtime": 36}}