{"train_loss": 0.039318123439781714, "_timestamp": 1697006488.6796017, "_runtime": 17.30434775352478, "_step": 122, "val_acc": 87.86127471923828, "_wandb": {"runtime": 16}}