{"train_loss": 0.09831619394542433, "_timestamp": 1697124447.2664163, "_runtime": 27.589378356933594, "_step": 185, "val_acc": 86.7052001953125, "_wandb": {"runtime": 27}}