{"train_loss": 0.04333400759753923, "_timestamp": 1697044849.5782588, "_runtime": 38.79183268547058, "_step": 272, "val_acc": 89.01734161376953, "_wandb": {"runtime": 38}}