{"train_loss": 0.030235315498430282, "_timestamp": 1697121261.8563676, "_runtime": 36.87019467353821, "_step": 296, "val_acc": 86.7052001953125, "_wandb": {"runtime": 36}}