{"train_loss": 0.1061006261815512, "_timestamp": 1697042779.1980457, "_runtime": 11.633098840713501, "_step": 69, "val_acc": 86.7052001953125, "_wandb": {"runtime": 11}}