{"train_loss": 0.17154256756915603, "_timestamp": 1696988542.5922544, "_runtime": 8.82274341583252, "_step": 42, "val_acc": 84.97109985351562, "_wandb": {"runtime": 8}}