{"train_loss": 0.10447135537342969, "_timestamp": 1697116987.511862, "_runtime": 11.651163101196289, "_step": 71, "val_acc": 83.81502532958984, "_wandb": {"runtime": 11}}