{"train_loss": 0.038968450833805075, "_timestamp": 1697008507.0190115, "_runtime": 30.805599451065063, "_step": 252, "val_acc": 86.7052001953125, "_wandb": {"runtime": 30}}