{"train_loss": 0.04127781180567433, "_timestamp": 1697084635.7559376, "_runtime": 32.62985968589783, "_step": 269, "val_acc": 85.54913330078125, "_wandb": {"runtime": 32}}