{"train_loss": 1.156332360263449, "_timestamp": 1696957966.6629155, "_runtime": 900.4100315570831, "_step": 21, "val_acc": 0.5375722646713257, "_wandb": {"runtime": 899}}