{"train_loss": 0.027254002268945927, "_timestamp": 1697006443.3787844, "_runtime": 33.599645376205444, "_step": 272, "val_acc": 86.7052001953125, "_wandb": {"runtime": 33}}