{"train_loss": 0.05055180139065352, "_timestamp": 1697090017.980661, "_runtime": 31.174144983291626, "_step": 213, "val_acc": 83.81502532958984, "_wandb": {"runtime": 30}}