{"train_loss": 0.03504469035312447, "_timestamp": 1697087240.338239, "_runtime": 34.17629098892212, "_step": 237, "val_acc": 87.28323364257812, "_wandb": {"runtime": 33}}