{"train_loss": 0.0740668275014519, "_timestamp": 1697015941.775497, "_runtime": 32.70172905921936, "_step": 221, "val_acc": 86.12716674804688, "_wandb": {"runtime": 32}}