{"train_loss": 0.21669880597483973, "_timestamp": 1697013714.2227764, "_runtime": 13.771623373031616, "_step": 74, "val_acc": 82.6589584350586, "_wandb": {"runtime": 13}}