{"train_loss": 0.14364615549485005, "_timestamp": 1697120809.7607698, "_runtime": 14.62467074394226, "_step": 83, "val_acc": 86.7052001953125, "_wandb": {"runtime": 14}}