{"train_loss": 0.23069456124375032, "_timestamp": 1697087042.938578, "_runtime": 12.41216492652893, "_step": 66, "val_acc": 84.97109985351562, "_wandb": {"runtime": 12}}