{"train_loss": 0.03225435423434626, "_timestamp": 1697045186.1721442, "_runtime": 35.145318269729614, "_step": 291, "val_acc": 84.97109985351562, "_wandb": {"runtime": 34}}