{"train_loss": 0.06662685935233914, "_timestamp": 1697087587.5774488, "_runtime": 21.312386751174927, "_step": 161, "val_acc": 86.12716674804688, "_wandb": {"runtime": 20}}