{"train_loss": 0.10437943649933089, "_timestamp": 1697075864.7133324, "_runtime": 13.969422340393066, "_step": 78, "val_acc": 86.12716674804688, "_wandb": {"runtime": 13}}