{"train_loss": 0.09691663427944404, "_timestamp": 1697099091.0297325, "_runtime": 30.63544249534607, "_step": 209, "val_acc": 86.12716674804688, "_wandb": {"runtime": 30}}