{"train_loss": 0.08262267664378119, "_timestamp": 1697091911.1571274, "_runtime": 23.572148323059082, "_step": 155, "val_acc": 86.12716674804688, "_wandb": {"runtime": 23}}