{"train_loss": 0.03314268788279489, "_timestamp": 1696998046.7310226, "_runtime": 27.239317655563354, "_step": 210, "val_acc": 84.97109985351562, "_wandb": {"runtime": 26}}