{"train_loss": 3.4437978118658066, "_timestamp": 1696890914.443528, "_runtime": 298.6873438358307, "_step": 4, "_wandb": {"runtime": 298}}