{"train_loss": 0.16442316961149836, "_timestamp": 1697008413.7791817, "_runtime": 9.990246772766113, "_step": 47, "val_acc": 83.81502532958984, "_wandb": {"runtime": 9}}