{"train_loss": 0.1846175040443276, "_timestamp": 1697037905.9283667, "_runtime": 9.686450719833374, "_step": 51, "val_acc": 86.12716674804688, "_wandb": {"runtime": 9}}