{"train_loss": 0.21918216269723204, "_timestamp": 1697043445.4917994, "_runtime": 13.652287244796753, "_step": 74, "val_acc": 84.97109985351562, "_wandb": {"runtime": 13}}