{"train_loss": 0.08659376485034996, "_timestamp": 1697105630.0546494, "_runtime": 13.645525455474854, "_step": 89, "val_acc": 85.54913330078125, "_wandb": {"runtime": 13}}