{"train_loss": 3.295381026559098, "_timestamp": 1696909857.3830695, "_runtime": 290.8105216026306, "_step": 6, "val_acc": 0.04624277353286743, "_wandb": {"runtime": 290}}