{"train_loss": 0.13130611866755887, "_timestamp": 1697056327.3461745, "_runtime": 19.142301559448242, "_step": 117, "val_acc": 86.7052001953125, "_wandb": {"runtime": 18}}