{"train_loss": 0.03165171318010665, "_timestamp": 1697052419.2390833, "_runtime": 41.22139239311218, "_step": 293, "val_acc": 84.97109985351562, "_wandb": {"runtime": 40}}