{"train_loss": 0.09300067533771399, "_timestamp": 1697111742.0927763, "_runtime": 35.902066230773926, "_step": 251, "val_acc": 84.97109985351562, "_wandb": {"runtime": 35}}