{"train_loss": 0.0494228083217993, "_timestamp": 1697022254.7392557, "_runtime": 29.86201763153076, "_step": 204, "val_acc": 84.97109985351562, "_wandb": {"runtime": 29}}