{"train_loss": 0.13347903192909652, "_timestamp": 1697022614.730399, "_runtime": 18.359991788864136, "_step": 111, "val_acc": 83.23699188232422, "_wandb": {"runtime": 17}}