{"train_loss": 0.06579681516078106, "_timestamp": 1697069369.980851, "_runtime": 37.63560485839844, "_step": 263, "val_acc": 83.81502532958984, "_wandb": {"runtime": 37}}