{"train_loss": 0.08075913394460195, "_timestamp": 1697088146.602474, "_runtime": 23.816475868225098, "_step": 155, "val_acc": 83.23699188232422, "_wandb": {"runtime": 23}}