{"train_loss": 0.047632174084482844, "_timestamp": 1697039865.1113334, "_runtime": 18.968804359436035, "_step": 137, "val_acc": 84.97109985351562, "_wandb": {"runtime": 18}}