{"train_loss": 0.034317531906539404, "_timestamp": 1697051992.0991611, "_runtime": 28.00027322769165, "_step": 189, "val_acc": 83.81502532958984, "_wandb": {"runtime": 27}}