{"train_loss": 0.03305689948827548, "_timestamp": 1696994778.715106, "_runtime": 32.425678968429565, "_step": 257, "val_acc": 87.28323364257812, "_wandb": {"runtime": 32}}