{"train_loss": 0.1991272263423821, "_timestamp": 1697025904.1287155, "_runtime": 13.571399450302124, "_step": 74, "val_acc": 86.7052001953125, "_wandb": {"runtime": 13}}