{"train_loss": 0.04184662926330253, "_timestamp": 1696979128.8123116, "_runtime": 42.04650163650513, "_step": 294, "val_acc": 82.08092498779297, "_wandb": {"runtime": 41}}