{"train_loss": 0.10557989984193038, "_timestamp": 1697119289.5811338, "_runtime": 31.16804790496826, "_step": 216, "val_acc": 85.54913330078125, "_wandb": {"runtime": 30}}