{"train_loss": 0.1752277126990605, "_timestamp": 1697089190.9369, "_runtime": 10.55954384803772, "_step": 51, "val_acc": 85.54913330078125, "_wandb": {"runtime": 10}}