{"train_loss": 0.05893680826574022, "_timestamp": 1697045143.1510246, "_runtime": 38.25742769241333, "_step": 270, "val_acc": 79.19075012207031, "_wandb": {"runtime": 37}}