{"train_loss": 0.1748268421912609, "_timestamp": 1697029295.709648, "_runtime": 9.786130905151367, "_step": 51, "val_acc": 83.23699188232422, "_wandb": {"runtime": 9}}