{"train_loss": 0.33741683114406673, "_timestamp": 1697001973.1909907, "_runtime": 7.202805757522583, "_step": 29, "val_acc": 84.97109985351562, "_wandb": {"runtime": 6}}