{"train_loss": 0.10589496931602616, "_timestamp": 1697024382.3107347, "_runtime": 23.125539779663086, "_step": 149, "val_acc": 83.81502532958984, "_wandb": {"runtime": 22}}