{"train_loss": 0.05609531323750352, "_timestamp": 1697080177.5746367, "_runtime": 19.396392583847046, "_step": 143, "val_acc": 85.54913330078125, "_wandb": {"runtime": 19}}