{"train_loss": 0.03637521800877483, "_timestamp": 1697078662.498637, "_runtime": 27.197073936462402, "_step": 216, "val_acc": 86.12716674804688, "_wandb": {"runtime": 26}}