{"train_loss": 0.06886973738302152, "_timestamp": 1697039965.719061, "_runtime": 16.242259979248047, "_step": 113, "val_acc": 84.97109985351562, "_wandb": {"runtime": 15}}