{"train_loss": 0.22216872621847447, "_timestamp": 1697070406.8877776, "_runtime": 10.318774461746216, "_step": 48, "val_acc": 82.6589584350586, "_wandb": {"runtime": 9}}