{"train_loss": 3.312390469880991, "_timestamp": 1696854943.1933208, "_runtime": 891.3513717651367, "_step": 14, "_wandb": {"runtime": 891}}