{"train_loss": 0.12667591752874297, "_timestamp": 1697011826.8122158, "_runtime": 22.879207849502563, "_step": 144, "val_acc": 83.81502532958984, "_wandb": {"runtime": 22}}