{"train_loss": 0.11583377888187939, "_timestamp": 1697056035.1095881, "_runtime": 25.994431257247925, "_step": 173, "val_acc": 83.81502532958984, "_wandb": {"runtime": 25}}