{"train_loss": 0.06423762860791866, "_timestamp": 1697112258.236537, "_runtime": 40.70635509490967, "_step": 291, "val_acc": 86.7052001953125, "_wandb": {"runtime": 40}}