{"train_loss": 0.04246272896633072, "_timestamp": 1696976450.73205, "_runtime": 39.20834803581238, "_step": 276, "val_acc": 86.12716674804688, "_wandb": {"runtime": 38}}