{"train_loss": 0.04081511325581909, "_timestamp": 1697108641.870569, "_runtime": 24.421508073806763, "_step": 191, "val_acc": 87.86127471923828, "_wandb": {"runtime": 24}}