{"train_loss": 0.031034936229590068, "_timestamp": 1697017352.963213, "_runtime": 35.27004098892212, "_step": 287, "val_acc": 86.12716674804688, "_wandb": {"runtime": 34}}