{"train_loss": 0.11738931776435915, "_timestamp": 1697016958.3505898, "_runtime": 31.474848747253418, "_step": 212, "val_acc": 87.28323364257812, "_wandb": {"runtime": 31}}