{"train_loss": 1.5178154207939325, "_timestamp": 1697000812.9497683, "_runtime": 26.103875398635864, "_step": 203, "val_acc": 72.25433349609375, "_wandb": {"runtime": 25}}