{"train_loss": 0.10863956847623381, "_timestamp": 1697067429.7468538, "_runtime": 31.932515859603882, "_step": 210, "val_acc": 85.54913330078125, "_wandb": {"runtime": 30}}