{"train_loss": 0.045866547995734266, "_timestamp": 1696983781.377175, "_runtime": 35.60621619224548, "_step": 248, "val_acc": 86.12716674804688, "_wandb": {"runtime": 35}}