{"train_loss": 0.15818707158702405, "_timestamp": 1697030648.439128, "_runtime": 33.563464879989624, "_step": 234, "val_acc": 87.28323364257812, "_wandb": {"runtime": 33}}