{"train_loss": 0.06050472102550313, "_timestamp": 1697041190.0887992, "_runtime": 28.030988216400146, "_step": 188, "val_acc": 84.39306640625, "_wandb": {"runtime": 27}}