{"train_loss": 0.03952061890375389, "_timestamp": 1696993519.0215833, "_runtime": 31.41629433631897, "_step": 246, "val_acc": 83.81502532958984, "_wandb": {"runtime": 30}}