{"train_loss": 2.5869239169946012, "_timestamp": 1696891529.3062904, "_runtime": 294.61151933670044, "_step": 4, "_wandb": {"runtime": 294}}