{"train_loss": 0.04800070874219717, "_timestamp": 1697072980.8294473, "_runtime": 40.079018354415894, "_step": 282, "val_acc": 84.97109985351562, "_wandb": {"runtime": 39}}