{"train_loss": 0.05946466719209173, "_timestamp": 1697094090.010405, "_runtime": 34.48462510108948, "_step": 240, "val_acc": 83.81502532958984, "_wandb": {"runtime": 34}}