{"train_loss": 0.23886622235092314, "_timestamp": 1696977159.4870467, "_runtime": 8.495804786682129, "_step": 41, "val_acc": 85.54913330078125, "_wandb": {"runtime": 8}}