{"train_loss": 0.03772124030280772, "_timestamp": 1697001955.8657072, "_runtime": 35.87102127075195, "_step": 246, "val_acc": 82.6589584350586, "_wandb": {"runtime": 35}}