{"train_loss": 0.10814160861746343, "_timestamp": 1697117808.3078682, "_runtime": 15.059933185577393, "_step": 102, "val_acc": 83.23699188232422, "_wandb": {"runtime": 14}}