{"train_loss": 0.05184454327925693, "_timestamp": 1697093636.2727623, "_runtime": 31.22001624107361, "_step": 254, "val_acc": 83.81502532958984, "_wandb": {"runtime": 30}}