{"train_loss": 0.018185970990723648, "_timestamp": 1697012760.2705827, "_runtime": 33.38050079345703, "_step": 267, "val_acc": 88.4393081665039, "_wandb": {"runtime": 32}}