{"train_loss": 0.1359779849042033, "_timestamp": 1697094491.621446, "_runtime": 14.765748977661133, "_step": 84, "val_acc": 82.08092498779297, "_wandb": {"runtime": 14}}