{"train_loss": 0.08142023213034452, "_timestamp": 1697113979.4549158, "_runtime": 14.51310682296753, "_step": 98, "val_acc": 85.54913330078125, "_wandb": {"runtime": 14}}