{"train_loss": 0.02985341299790889, "_timestamp": 1697091548.380159, "_runtime": 31.03741979598999, "_step": 252, "val_acc": 84.97109985351562, "_wandb": {"runtime": 30}}