{"train_loss": 0.09739730636410546, "_timestamp": 1696975123.7612906, "_runtime": 30.108786582946777, "_step": 204, "val_acc": 82.6589584350586, "_wandb": {"runtime": 29}}