{"train_loss": 0.04249464138681719, "_timestamp": 1697128279.8513424, "_runtime": 22.461933374404907, "_step": 170, "val_acc": 84.97109985351562, "_wandb": {"runtime": 22}}