{"train_loss": 0.09721173657995086, "_timestamp": 1696974049.676728, "_runtime": 34.50653290748596, "_step": 237, "val_acc": 85.54913330078125, "_wandb": {"runtime": 34}}