{"train_loss": 0.07965556078936992, "_timestamp": 1697050049.9139507, "_runtime": 25.485634565353394, "_step": 170, "val_acc": 84.97109985351562, "_wandb": {"runtime": 25}}