{"train_loss": 0.041378299364560216, "_timestamp": 1697022503.0727987, "_runtime": 25.18030881881714, "_step": 197, "val_acc": 87.28323364257812, "_wandb": {"runtime": 24}}