{"train_loss": 0.08074922594011674, "_timestamp": 1696993904.8776343, "_runtime": 37.3040132522583, "_step": 254, "val_acc": 86.12716674804688, "_wandb": {"runtime": 36}}