{"train_loss": 0.2602153634869082, "_timestamp": 1697103814.8287582, "_runtime": 9.290020227432251, "_step": 41, "val_acc": 82.08092498779297, "_wandb": {"runtime": 8}}