{"train_loss": 1.7641065596086862, "_timestamp": 1696908946.4507492, "_runtime": 590.0529382228851, "_step": 14, "val_acc": 0.3988439440727234, "_wandb": {"runtime": 590}}