{"train_loss": 0.6216627380182577, "_timestamp": 1696981688.29091, "_runtime": 8.029537916183472, "_step": 36, "val_acc": 80.92485809326172, "_wandb": {"runtime": 7}}