{"train_loss": 0.2792215007249006, "_timestamp": 1697102278.9993105, "_runtime": 8.872357606887817, "_step": 38, "val_acc": 80.92485809326172, "_wandb": {"runtime": 8}}