{"train_loss": 0.046210832900616755, "_timestamp": 1697055766.981032, "_runtime": 25.57271981239319, "_step": 170, "val_acc": 83.81502532958984, "_wandb": {"runtime": 25}}