{"train_loss": 0.08141681998101778, "_timestamp": 1697024449.1734614, "_runtime": 17.393073320388794, "_step": 123, "val_acc": 84.39306640625, "_wandb": {"runtime": 16}}