{"train_loss": 0.04709351317805433, "_timestamp": 1697042207.3832786, "_runtime": 32.6093475818634, "_step": 264, "val_acc": 85.54913330078125, "_wandb": {"runtime": 32}}