{"train_loss": 0.1687372267722737, "_timestamp": 1696982863.0188498, "_runtime": 15.007263898849487, "_step": 86, "val_acc": 85.54913330078125, "_wandb": {"runtime": 14}}