{"train_loss": 0.09526650224227545, "_timestamp": 1697126789.5217946, "_runtime": 16.40947961807251, "_step": 113, "val_acc": 87.28323364257812, "_wandb": {"runtime": 16}}