{"train_loss": 0.09016303354224493, "_timestamp": 1697076213.7542212, "_runtime": 14.82547926902771, "_step": 99, "val_acc": 83.81502532958984, "_wandb": {"runtime": 14}}