{"train_loss": 0.013201915256971451, "_timestamp": 1697094015.3537917, "_runtime": 33.22130560874939, "_step": 272, "val_acc": 86.12716674804688, "_wandb": {"runtime": 32}}