{"train_loss": 0.04967662789533998, "_timestamp": 1697074671.627923, "_runtime": 22.794306993484497, "_step": 176, "val_acc": 83.23699188232422, "_wandb": {"runtime": 22}}