{"train_loss": 0.019543900579582295, "_timestamp": 1696990572.9141302, "_runtime": 32.296263217926025, "_step": 257, "val_acc": 85.54913330078125, "_wandb": {"runtime": 31}}