{"train_loss": 0.028562587880811025, "_timestamp": 1697111073.8430521, "_runtime": 26.00543713569641, "_step": 204, "val_acc": 86.7052001953125, "_wandb": {"runtime": 25}}