{"train_loss": 0.11102273070177626, "_timestamp": 1696975085.3282773, "_runtime": 37.61095929145813, "_step": 266, "val_acc": 86.7052001953125, "_wandb": {"runtime": 37}}