{"train_loss": 0.0728818228370835, "_timestamp": 1697059369.8725753, "_runtime": 24.123724222183228, "_step": 186, "val_acc": 86.12716674804688, "_wandb": {"runtime": 23}}