{"train_loss": 0.048612627566272264, "_timestamp": 1697106247.1944122, "_runtime": 34.99790620803833, "_step": 246, "val_acc": 86.12716674804688, "_wandb": {"runtime": 34}}