{"train_loss": 0.07001028544821798, "_timestamp": 1696983664.3676858, "_runtime": 32.12004280090332, "_step": 221, "val_acc": 86.12716674804688, "_wandb": {"runtime": 31}}