{"train_loss": 0.08142472137724115, "_timestamp": 1697104426.4809265, "_runtime": 36.10141849517822, "_step": 251, "val_acc": 84.97109985351562, "_wandb": {"runtime": 35}}