{"train_loss": 0.18666957780112362, "_timestamp": 1697004642.910488, "_runtime": 11.760091781616211, "_step": 59, "val_acc": 83.23699188232422, "_wandb": {"runtime": 11}}