{"train_loss": 0.04343077986566133, "_timestamp": 1696994370.5027301, "_runtime": 25.02263903617859, "_step": 158, "val_acc": 85.54913330078125, "_wandb": {"runtime": 24}}