{"train_loss": 0.04567901035879067, "_timestamp": 1697057202.5779388, "_runtime": 18.484089851379395, "_step": 134, "val_acc": 87.28323364257812, "_wandb": {"runtime": 18}}