{"train_loss": 0.07419033025034032, "_timestamp": 1697130144.8581297, "_runtime": 27.884278774261475, "_step": 188, "val_acc": 85.54913330078125, "_wandb": {"runtime": 27}}