{"train_loss": 0.18195720655886932, "_timestamp": 1697044517.9276292, "_runtime": 14.701365232467651, "_step": 81, "val_acc": 83.81502532958984, "_wandb": {"runtime": 14}}