{"train_loss": 0.2219238944871481, "_timestamp": 1697085787.2126813, "_runtime": 25.59395718574524, "_step": 200, "val_acc": 84.39306640625, "_wandb": {"runtime": 25}}