{"train_loss": 0.05512994918214201, "_timestamp": 1697068274.0766416, "_runtime": 21.2418475151062, "_step": 149, "val_acc": 84.39306640625, "_wandb": {"runtime": 19}}