{"train_loss": 0.10328582639881778, "_timestamp": 1697083744.7999349, "_runtime": 24.271602869033813, "_step": 159, "val_acc": 83.81502532958984, "_wandb": {"runtime": 23}}