{"train_loss": 0.04230581285421152, "_timestamp": 1697013995.9618952, "_runtime": 38.22480010986328, "_step": 261, "val_acc": 84.39306640625, "_wandb": {"runtime": 37}}