{"train_loss": 0.03476302841472505, "_timestamp": 1697107471.6019347, "_runtime": 20.698739767074585, "_step": 155, "val_acc": 89.01734161376953, "_wandb": {"runtime": 20}}