{"train_loss": 0.02914851095708802, "_timestamp": 1697113464.74013, "_runtime": 29.63114094734192, "_step": 242, "val_acc": 84.97109985351562, "_wandb": {"runtime": 29}}