{"train_loss": 0.04034391297758449, "_timestamp": 1697072469.2550387, "_runtime": 28.61607265472412, "_step": 225, "val_acc": 87.28323364257812, "_wandb": {"runtime": 27}}