{"train_loss": 0.11265050048051878, "_timestamp": 1697009260.2171252, "_runtime": 12.65541410446167, "_step": 80, "val_acc": 82.6589584350586, "_wandb": {"runtime": 12}}