{"train_loss": 0.0326947208445216, "_timestamp": 1696993938.6635704, "_runtime": 25.15161442756653, "_step": 191, "val_acc": 87.28323364257812, "_wandb": {"runtime": 24}}