{"train_loss": 2.6729408419409464, "_timestamp": 1697003691.0169332, "_runtime": 7.807448148727417, "_step": 33, "val_acc": 40.46242904663086, "_wandb": {"runtime": 7}}