{"train_loss": 0.033284470395639885, "_timestamp": 1697106810.4819944, "_runtime": 30.743540287017822, "_step": 249, "val_acc": 87.28323364257812, "_wandb": {"runtime": 30}}