{"train_loss": 0.11396444907281982, "_timestamp": 1696990193.299711, "_runtime": 12.33060598373413, "_step": 74, "val_acc": 84.39306640625, "_wandb": {"runtime": 11}}