{"train_loss": 0.045420542608426755, "_timestamp": 1696978040.4436347, "_runtime": 25.726988792419434, "_step": 201, "val_acc": 86.12716674804688, "_wandb": {"runtime": 25}}