{"train_loss": 0.16139181815954143, "_timestamp": 1697047286.845683, "_runtime": 9.66215205192566, "_step": 51, "val_acc": 84.39306640625, "_wandb": {"runtime": 9}}