{"train_loss": 0.12512277045048947, "_timestamp": 1697087174.781541, "_runtime": 10.218164205551147, "_step": 56, "val_acc": 83.81502532958984, "_wandb": {"runtime": 9}}