{"train_loss": 0.060802403811722736, "_timestamp": 1697053477.6194506, "_runtime": 37.62943768501282, "_step": 264, "val_acc": 83.23699188232422, "_wandb": {"runtime": 37}}