{"train_loss": 0.2203928385536338, "_timestamp": 1697121703.594706, "_runtime": 8.35263705253601, "_step": 30, "val_acc": 83.23699188232422, "_wandb": {"runtime": 7}}