{"train_loss": 0.11417557220150673, "_timestamp": 1697109343.959178, "_runtime": 33.52025008201599, "_step": 234, "val_acc": 80.92485809326172, "_wandb": {"runtime": 33}}