{"train_loss": 0.0623881392069919, "_timestamp": 1697029224.6750638, "_runtime": 26.748190879821777, "_step": 180, "val_acc": 86.12716674804688, "_wandb": {"runtime": 26}}