{"train_loss": 1.1331142163097123, "_timestamp": 1696937569.0442522, "_runtime": 873.6740100383759, "_step": 21, "val_acc": 0.42774567008018494, "_wandb": {"runtime": 873}}