{"train_loss": 0.04107977858836611, "_timestamp": 1697065897.8048143, "_runtime": 20.939693450927734, "_step": 158, "val_acc": 87.28323364257812, "_wandb": {"runtime": 20}}