{"train_loss": 0.09326387327272705, "_timestamp": 1697025760.5073767, "_runtime": 39.88810062408447, "_step": 282, "val_acc": 86.7052001953125, "_wandb": {"runtime": 39}}