{"train_loss": 0.0397964948253587, "_timestamp": 1697048399.756975, "_runtime": 35.31289982795715, "_step": 290, "val_acc": 85.54913330078125, "_wandb": {"runtime": 34}}