{"train_loss": 0.12331413713738669, "_timestamp": 1696981523.5084147, "_runtime": 13.298559665679932, "_step": 86, "val_acc": 84.97109985351562, "_wandb": {"runtime": 12}}