{"train_loss": 0.06151100945507371, "_timestamp": 1697091721.3398707, "_runtime": 13.708809614181519, "_step": 90, "val_acc": 84.39306640625, "_wandb": {"runtime": 13}}