{"train_loss": 0.11869780942364487, "_timestamp": 1697084594.5731869, "_runtime": 12.390630960464478, "_step": 77, "val_acc": 84.97109985351562, "_wandb": {"runtime": 12}}