{"train_loss": 0.03667667146899391, "_timestamp": 1696973606.2260685, "_runtime": 40.860461473464966, "_step": 290, "val_acc": 82.08092498779297, "_wandb": {"runtime": 40}}