{"train_loss": 0.05205109345098568, "_timestamp": 1697047209.899816, "_runtime": 40.91136693954468, "_step": 291, "val_acc": 81.50289154052734, "_wandb": {"runtime": 40}}