{"train_loss": 0.019855759463944408, "_timestamp": 1697049038.7384825, "_runtime": 37.38622045516968, "_step": 260, "val_acc": 85.54913330078125, "_wandb": {"runtime": 37}}