{"train_loss": 0.05509231802682544, "_timestamp": 1697038867.841078, "_runtime": 32.540961027145386, "_step": 263, "val_acc": 85.54913330078125, "_wandb": {"runtime": 32}}