{"train_loss": 0.27476138630232144, "_timestamp": 1697020848.14441, "_runtime": 9.003421783447266, "_step": 39, "val_acc": 82.08092498779297, "_wandb": {"runtime": 8}}