{"train_loss": 0.08911281289684392, "_timestamp": 1697125777.8590608, "_runtime": 20.908872842788696, "_step": 129, "val_acc": 83.23699188232422, "_wandb": {"runtime": 20}}