{"train_loss": 0.15784604288637638, "_timestamp": 1697044036.233169, "_runtime": 9.56891417503357, "_step": 50, "val_acc": 84.97109985351562, "_wandb": {"runtime": 9}}