{"train_loss": 0.2496601927072503, "_timestamp": 1697094717.8906722, "_runtime": 9.30678129196167, "_step": 41, "val_acc": 84.39306640625, "_wandb": {"runtime": 8}}