{"train_loss": 0.062479295426719754, "_timestamp": 1697077423.6138904, "_runtime": 18.50409746170044, "_step": 135, "val_acc": 82.6589584350586, "_wandb": {"runtime": 18}}