{"train_loss": 0.07338699062224911, "_timestamp": 1697065866.2010746, "_runtime": 25.311941623687744, "_step": 167, "val_acc": 88.4393081665039, "_wandb": {"runtime": 24}}