{"train_loss": 0.031454957740078136, "_timestamp": 1697117576.5356607, "_runtime": 26.466341733932495, "_step": 207, "val_acc": 87.28323364257812, "_wandb": {"runtime": 26}}