{"train_loss": 0.05244736667440901, "_timestamp": 1697071143.2531683, "_runtime": 29.72575545310974, "_step": 201, "val_acc": 84.97109985351562, "_wandb": {"runtime": 29}}