{"train_loss": 0.11774803727302094, "_timestamp": 1697102727.1243298, "_runtime": 18.40757179260254, "_step": 111, "val_acc": 85.54913330078125, "_wandb": {"runtime": 18}}