{"train_loss": 0.09332369611230354, "_timestamp": 1696993570.6042066, "_runtime": 16.35068655014038, "_step": 111, "val_acc": 82.6589584350586, "_wandb": {"runtime": 16}}