{"train_loss": 0.04526287028674296, "_timestamp": 1697050252.5314198, "_runtime": 22.161598682403564, "_step": 167, "val_acc": 84.97109985351562, "_wandb": {"runtime": 21}}