{"train_loss": 1.6352378407190011, "_timestamp": 1697047534.790147, "_runtime": 8.86002516746521, "_step": 42, "val_acc": 71.67630004882812, "_wandb": {"runtime": 8}}