{"train_loss": 0.04707144335627036, "_timestamp": 1696981886.8099635, "_runtime": 26.292056560516357, "_step": 207, "val_acc": 86.7052001953125, "_wandb": {"runtime": 25}}