{"train_loss": 0.08793177844165977, "_timestamp": 1697040158.0960903, "_runtime": 22.61663842201233, "_step": 143, "val_acc": 81.50289154052734, "_wandb": {"runtime": 22}}