{"train_loss": 0.03717721533301005, "_timestamp": 1697014127.3675354, "_runtime": 20.672364234924316, "_step": 153, "val_acc": 84.97109985351562, "_wandb": {"runtime": 20}}