{"train_loss": 0.14416929535286196, "_timestamp": 1697071176.2550578, "_runtime": 21.688936710357666, "_step": 137, "val_acc": 84.39306640625, "_wandb": {"runtime": 21}}