{"train_loss": 0.1742885383279171, "_timestamp": 1697000121.8198817, "_runtime": 10.402848720550537, "_step": 57, "val_acc": 85.54913330078125, "_wandb": {"runtime": 10}}