{"train_loss": 0.037534515709118095, "_timestamp": 1697079677.157582, "_runtime": 38.979191064834595, "_step": 272, "val_acc": 86.12716674804688, "_wandb": {"runtime": 38}}