{"train_loss": 0.08820971249072097, "_timestamp": 1697014577.0525851, "_runtime": 41.42905020713806, "_step": 287, "val_acc": 86.12716674804688, "_wandb": {"runtime": 41}}