{"train_loss": 0.07976580318334231, "_timestamp": 1697020028.9295518, "_runtime": 31.650532722473145, "_step": 218, "val_acc": 80.92485809326172, "_wandb": {"runtime": 31}}