{"train_loss": 0.05640791136728123, "_timestamp": 1697031082.9940908, "_runtime": 18.668272733688354, "_step": 135, "val_acc": 88.4393081665039, "_wandb": {"runtime": 18}}