{"train_loss": 0.2641436596249425, "_timestamp": 1697081619.2820334, "_runtime": 38.96963953971863, "_step": 278, "val_acc": 86.12716674804688, "_wandb": {"runtime": 38}}