{"train_loss": 0.08179506328671651, "_timestamp": 1697041438.4524934, "_runtime": 23.87049651145935, "_step": 155, "val_acc": 86.12716674804688, "_wandb": {"runtime": 23}}