{"train_loss": 0.10814333502555179, "_timestamp": 1697126092.2089548, "_runtime": 38.27055788040161, "_step": 270, "val_acc": 83.23699188232422, "_wandb": {"runtime": 37}}