{"train_loss": 0.0507538482373537, "_timestamp": 1697100126.0231478, "_runtime": 19.088729858398438, "_step": 140, "val_acc": 87.28323364257812, "_wandb": {"runtime": 18}}