{"train_loss": 0.24217024316664698, "_timestamp": 1697074854.1803958, "_runtime": 13.357178926467896, "_step": 65, "val_acc": 83.81502532958984, "_wandb": {"runtime": 12}}