{"train_loss": 0.05142989730175455, "_timestamp": 1696991684.1810467, "_runtime": 32.18795967102051, "_step": 215, "val_acc": 86.12716674804688, "_wandb": {"runtime": 31}}