{"train_loss": 0.038300116643916034, "_timestamp": 1697008059.4340425, "_runtime": 21.716185569763184, "_step": 164, "val_acc": 89.01734161376953, "_wandb": {"runtime": 21}}