{"train_loss": 0.14893255940757605, "_timestamp": 1697034684.9009492, "_runtime": 26.969176292419434, "_step": 179, "val_acc": 82.6589584350586, "_wandb": {"runtime": 26}}