{"train_loss": 0.09186133620502471, "_timestamp": 1697000704.0188806, "_runtime": 25.178858518600464, "_step": 161, "val_acc": 86.12716674804688, "_wandb": {"runtime": 24}}