{"train_loss": 0.06885251765096084, "_timestamp": 1697085650.1540554, "_runtime": 42.54356527328491, "_step": 299, "val_acc": 85.54913330078125, "_wandb": {"runtime": 42}}