{"train_loss": 0.11718179480454256, "_timestamp": 1696973405.5113163, "_runtime": 11.35500431060791, "_step": 68, "val_acc": 84.97109985351562, "_wandb": {"runtime": 10}}