{"train_loss": 0.06968740591519447, "_timestamp": 1697038262.070413, "_runtime": 30.63336420059204, "_step": 249, "val_acc": 86.7052001953125, "_wandb": {"runtime": 30}}