{"train_loss": 0.08885476359187863, "_timestamp": 1697085915.4529607, "_runtime": 14.848899841308594, "_step": 101, "val_acc": 86.7052001953125, "_wandb": {"runtime": 14}}