{"train_loss": 0.13470656302220155, "_timestamp": 1696997316.4376025, "_runtime": 35.081618547439575, "_step": 237, "val_acc": 84.97109985351562, "_wandb": {"runtime": 34}}