{"train_loss": 0.07029175421840317, "_timestamp": 1697026113.9629374, "_runtime": 35.139230251312256, "_step": 243, "val_acc": 81.50289154052734, "_wandb": {"runtime": 34}}