{"train_loss": 0.05341422161747983, "_timestamp": 1697011762.413395, "_runtime": 25.340746879577637, "_step": 197, "val_acc": 85.54913330078125, "_wandb": {"runtime": 24}}