{"train_loss": 0.06674609147012234, "_timestamp": 1697003447.6877816, "_runtime": 16.505351543426514, "_step": 113, "val_acc": 85.54913330078125, "_wandb": {"runtime": 16}}