{"train_loss": 0.07748889735206789, "_timestamp": 1697092623.1013784, "_runtime": 17.43440341949463, "_step": 125, "val_acc": 84.39306640625, "_wandb": {"runtime": 17}}