{"train_loss": 0.06514146941142741, "_timestamp": 1696992600.93388, "_runtime": 35.29073405265808, "_step": 237, "val_acc": 83.81502532958984, "_wandb": {"runtime": 34}}