{"train_loss": 3.2944671636403995, "_timestamp": 1696909555.0814624, "_runtime": 596.3632392883301, "_step": 14, "val_acc": 0.04624277353286743, "_wandb": {"runtime": 596}}