{"train_loss": 0.053107204381376505, "_timestamp": 1697118744.7163997, "_runtime": 19.218934774398804, "_step": 141, "val_acc": 86.12716674804688, "_wandb": {"runtime": 18}}