{"train_loss": 0.024508549173925677, "_timestamp": 1697057584.2302792, "_runtime": 32.43276309967041, "_step": 266, "val_acc": 86.7052001953125, "_wandb": {"runtime": 32}}