{"train_loss": 0.068389545205634, "_timestamp": 1697011097.4606109, "_runtime": 14.48428988456726, "_step": 96, "val_acc": 85.54913330078125, "_wandb": {"runtime": 14}}