{"train_loss": 0.046754529169045905, "_timestamp": 1697015415.90681, "_runtime": 30.585787057876587, "_step": 203, "val_acc": 89.01734161376953, "_wandb": {"runtime": 30}}