{"train_loss": 0.01950908357312708, "_timestamp": 1697097930.550699, "_runtime": 34.80652594566345, "_step": 285, "val_acc": 84.97109985351562, "_wandb": {"runtime": 34}}