{"train_loss": 0.09456093829439216, "_timestamp": 1697113770.4252527, "_runtime": 31.584582567214966, "_step": 218, "val_acc": 87.28323364257812, "_wandb": {"runtime": 31}}