{"train_loss": 0.028002217244140284, "_timestamp": 1696985378.084683, "_runtime": 26.181220054626465, "_step": 198, "val_acc": 84.97109985351562, "_wandb": {"runtime": 25}}