{"train_loss": 0.0901928210176181, "_timestamp": 1697024713.5436523, "_runtime": 12.515742301940918, "_step": 77, "val_acc": 87.28323364257812, "_wandb": {"runtime": 12}}