{"train_loss": 0.1187980336591948, "_timestamp": 1696978644.0634937, "_runtime": 10.606922626495361, "_step": 60, "val_acc": 88.4393081665039, "_wandb": {"runtime": 10}}