{"train_loss": 0.07213881789560452, "_timestamp": 1697060848.7016025, "_runtime": 28.35132145881653, "_step": 188, "val_acc": 83.81502532958984, "_wandb": {"runtime": 27}}