{"train_loss": 0.02838970660665181, "_timestamp": 1697102418.653075, "_runtime": 34.648622035980225, "_step": 284, "val_acc": 84.39306640625, "_wandb": {"runtime": 34}}