{"train_loss": 0.2573270208613817, "_timestamp": 1697020284.9739642, "_runtime": 8.129481315612793, "_step": 32, "val_acc": 86.12716674804688, "_wandb": {"runtime": 7}}