{"train_loss": 0.09529990907000421, "_timestamp": 1697001852.2333128, "_runtime": 30.79160785675049, "_step": 207, "val_acc": 80.34681701660156, "_wandb": {"runtime": 30}}