{"train_loss": 0.1525235305226213, "_timestamp": 1697080898.5498009, "_runtime": 20.532842874526978, "_step": 131, "val_acc": 85.54913330078125, "_wandb": {"runtime": 20}}