{"train_loss": 0.15752375108558078, "_timestamp": 1697011133.5907438, "_runtime": 9.063917875289917, "_step": 47, "val_acc": 86.12716674804688, "_wandb": {"runtime": 8}}