{"train_loss": 0.032753684287241035, "_timestamp": 1696973178.792552, "_runtime": 26.410512924194336, "_step": 194, "val_acc": 86.12716674804688, "_wandb": {"runtime": 24}}