{"train_loss": 0.0995567132946277, "_timestamp": 1697073223.1560795, "_runtime": 24.068360567092896, "_step": 156, "val_acc": 84.39306640625, "_wandb": {"runtime": 23}}