{"train_loss": 0.05026540972920524, "_timestamp": 1697003498.4284923, "_runtime": 20.56089425086975, "_step": 150, "val_acc": 83.23699188232422, "_wandb": {"runtime": 20}}