{"train_loss": 0.03311631017971004, "_timestamp": 1697051643.7442775, "_runtime": 24.649075508117676, "_step": 192, "val_acc": 87.28323364257812, "_wandb": {"runtime": 24}}