{"train_loss": 0.049390503438189626, "_timestamp": 1697080602.9134645, "_runtime": 20.310604572296143, "_step": 141, "val_acc": 86.12716674804688, "_wandb": {"runtime": 18}}