{"train_loss": 0.2805978965100854, "_timestamp": 1697058730.893313, "_runtime": 9.156929016113281, "_step": 38, "val_acc": 82.08092498779297, "_wandb": {"runtime": 8}}