{"train_loss": 0.02693438131888776, "_timestamp": 1697014328.3931148, "_runtime": 30.56259775161743, "_step": 242, "val_acc": 82.6589584350586, "_wandb": {"runtime": 30}}