{"train_loss": 0.11230268631520313, "_timestamp": 1696976519.0325089, "_runtime": 35.57485485076904, "_step": 245, "val_acc": 86.12716674804688, "_wandb": {"runtime": 34}}