{"train_loss": 0.12801492933270542, "_timestamp": 1697065417.3689995, "_runtime": 10.434162378311157, "_step": 57, "val_acc": 86.7052001953125, "_wandb": {"runtime": 9}}