{"train_loss": 0.0852150197877267, "_timestamp": 1696989792.9318564, "_runtime": 21.042648315429688, "_step": 131, "val_acc": 84.97109985351562, "_wandb": {"runtime": 20}}