{"train_loss": 0.03676203086763772, "_timestamp": 1697068570.986104, "_runtime": 27.059230089187622, "_step": 213, "val_acc": 86.12716674804688, "_wandb": {"runtime": 26}}