{"train_loss": 0.08120547628387549, "_timestamp": 1697035725.935733, "_runtime": 40.77273201942444, "_step": 291, "val_acc": 87.28323364257812, "_wandb": {"runtime": 40}}