{"train_loss": 0.21863152121388635, "_timestamp": 1696975312.54408, "_runtime": 11.785555124282837, "_step": 72, "val_acc": 83.81502532958984, "_wandb": {"runtime": 11}}