{"train_loss": 0.021329539769794792, "_timestamp": 1697017496.463712, "_runtime": 24.032898902893066, "_step": 183, "val_acc": 84.97109985351562, "_wandb": {"runtime": 23}}