{"train_loss": 0.07464641388938871, "_timestamp": 1697035403.1540582, "_runtime": 22.71006727218628, "_step": 144, "val_acc": 84.97109985351562, "_wandb": {"runtime": 22}}