{"train_loss": 0.05670674309827561, "_timestamp": 1697055702.2768543, "_runtime": 18.545398235321045, "_step": 134, "val_acc": 84.97109985351562, "_wandb": {"runtime": 18}}