{"train_loss": 0.0655169754104992, "_timestamp": 1697001487.2774312, "_runtime": 40.03580117225647, "_step": 279, "val_acc": 88.4393081665039, "_wandb": {"runtime": 39}}