{"train_loss": 0.02342157441375474, "_timestamp": 1696972135.9836314, "_runtime": 42.543365478515625, "_step": 267, "val_acc": 86.12716674804688, "_wandb": {"runtime": 42}}