{"train_loss": 0.03082591576263482, "_timestamp": 1697026156.2195935, "_runtime": 31.13340163230896, "_step": 252, "val_acc": 84.39306640625, "_wandb": {"runtime": 30}}