{"train_loss": 0.028506422571047362, "_timestamp": 1697074108.597276, "_runtime": 28.35669493675232, "_step": 227, "val_acc": 89.01734161376953, "_wandb": {"runtime": 27}}