{"train_loss": 0.09059939454417935, "_timestamp": 1696998808.2668617, "_runtime": 20.36075258255005, "_step": 122, "val_acc": 82.6589584350586, "_wandb": {"runtime": 19}}