{"train_loss": 0.2473556803820958, "_timestamp": 1697005906.623232, "_runtime": 13.903533935546875, "_step": 78, "val_acc": 79.76878356933594, "_wandb": {"runtime": 13}}