{"train_loss": 0.15832796672001742, "_timestamp": 1697054387.1617768, "_runtime": 22.215540885925293, "_step": 141, "val_acc": 82.08092498779297, "_wandb": {"runtime": 21}}