{"train_loss": 0.12362529748920785, "_timestamp": 1696996827.5398254, "_runtime": 11.838004350662231, "_step": 60, "val_acc": 83.81502532958984, "_wandb": {"runtime": 11}}