{"train_loss": 0.0331563258132096, "_timestamp": 1697031229.1529412, "_runtime": 30.545400142669678, "_step": 210, "val_acc": 84.97109985351562, "_wandb": {"runtime": 30}}