{"train_loss": 0.04922619986626709, "_timestamp": 1697006401.3911176, "_runtime": 37.57473158836365, "_step": 263, "val_acc": 83.81502532958984, "_wandb": {"runtime": 37}}