{"train_loss": 0.17382159465274147, "_timestamp": 1696973764.6050951, "_runtime": 11.982990264892578, "_step": 62, "val_acc": 84.97109985351562, "_wandb": {"runtime": 10}}