{"train_loss": 0.07321613587352425, "_timestamp": 1697014194.5057483, "_runtime": 20.986992359161377, "_step": 131, "val_acc": 83.81502532958984, "_wandb": {"runtime": 20}}