{"train_loss": 0.06656486760056037, "_timestamp": 1697048201.5410438, "_runtime": 18.157602787017822, "_step": 123, "val_acc": 85.54913330078125, "_wandb": {"runtime": 16}}