{"train_loss": 0.04276589989705488, "_timestamp": 1697045418.7704566, "_runtime": 30.524117469787598, "_step": 243, "val_acc": 84.39306640625, "_wandb": {"runtime": 30}}