{"train_loss": 0.1830642348761822, "_timestamp": 1697044672.5682786, "_runtime": 9.036973476409912, "_step": 45, "val_acc": 86.12716674804688, "_wandb": {"runtime": 8}}