{"train_loss": 0.034576696009364326, "_timestamp": 1697090788.241046, "_runtime": 34.10629487037659, "_step": 281, "val_acc": 87.28323364257812, "_wandb": {"runtime": 33}}