{"train_loss": 0.024698800676729703, "_timestamp": 1697032818.715332, "_runtime": 27.48521399497986, "_step": 218, "val_acc": 85.54913330078125, "_wandb": {"runtime": 27}}