{"train_loss": 0.10609275937827607, "_timestamp": 1697081290.969941, "_runtime": 19.431975841522217, "_step": 122, "val_acc": 82.6589584350586, "_wandb": {"runtime": 19}}