{"train_loss": 0.14005516091805645, "_timestamp": 1696987548.9059563, "_runtime": 21.834920167922974, "_step": 135, "val_acc": 83.81502532958984, "_wandb": {"runtime": 21}}