{"train_loss": 0.185521820993271, "_timestamp": 1696991434.4028044, "_runtime": 8.473027467727661, "_step": 38, "val_acc": 85.54913330078125, "_wandb": {"runtime": 8}}