{"train_loss": 0.12920744444221952, "_timestamp": 1696997936.529377, "_runtime": 14.909440994262695, "_step": 84, "val_acc": 83.81502532958984, "_wandb": {"runtime": 14}}