{"train_loss": 0.09986883699237423, "_timestamp": 1697081884.5819001, "_runtime": 42.04095101356506, "_step": 299, "val_acc": 80.92485809326172, "_wandb": {"runtime": 41}}