{"train_loss": 0.23279990307813467, "_timestamp": 1696988669.1155365, "_runtime": 11.40248441696167, "_step": 54, "val_acc": 84.39306640625, "_wandb": {"runtime": 10}}