{"train_loss": 1.4697454474693121, "_timestamp": 1697068029.1821346, "_runtime": 9.850136518478394, "_step": 53, "val_acc": 72.83236694335938, "_wandb": {"runtime": 9}}