{"train_loss": 0.23715788784415223, "_timestamp": 1697092060.6309447, "_runtime": 8.051634788513184, "_step": 36, "val_acc": 85.54913330078125, "_wandb": {"runtime": 7}}