{"train_loss": 0.06687304062151544, "_timestamp": 1697072105.3269877, "_runtime": 21.387237787246704, "_step": 162, "val_acc": 86.12716674804688, "_wandb": {"runtime": 21}}