{"train_loss": 0.20026335674662923, "_timestamp": 1697039281.4112089, "_runtime": 9.246947765350342, "_step": 47, "val_acc": 84.97109985351562, "_wandb": {"runtime": 8}}