{"train_loss": 0.2409578951205625, "_timestamp": 1697119753.7707336, "_runtime": 8.527421712875366, "_step": 41, "val_acc": 84.39306640625, "_wandb": {"runtime": 8}}