{"train_loss": 0.08016821700094137, "_timestamp": 1697092146.7741976, "_runtime": 27.172666549682617, "_step": 183, "val_acc": 85.54913330078125, "_wandb": {"runtime": 26}}