{"train_loss": 0.07726046198039575, "_timestamp": 1696984041.1921823, "_runtime": 26.26293635368347, "_step": 173, "val_acc": 83.81502532958984, "_wandb": {"runtime": 25}}