{"train_loss": 0.06304418335622718, "_timestamp": 1697115330.7820194, "_runtime": 35.82151246070862, "_step": 242, "val_acc": 87.86127471923828, "_wandb": {"runtime": 35}}