{"train_loss": 1.3322701426439507, "_timestamp": 1697076072.5805027, "_runtime": 8.385249853134155, "_step": 38, "val_acc": 79.76878356933594, "_wandb": {"runtime": 7}}