{"train_loss": 0.11680904685433001, "_timestamp": 1697003134.3193002, "_runtime": 19.154333114624023, "_step": 116, "val_acc": 80.92485809326172, "_wandb": {"runtime": 18}}