{"train_loss": 0.0757462041192623, "_timestamp": 1697103086.4597757, "_runtime": 15.873534679412842, "_step": 110, "val_acc": 86.7052001953125, "_wandb": {"runtime": 15}}