{"train_loss": 0.23694881142745183, "_timestamp": 1697041151.962257, "_runtime": 10.632068872451782, "_step": 50, "val_acc": 80.92485809326172, "_wandb": {"runtime": 10}}