{"train_loss": 0.5874232983690411, "_timestamp": 1696928748.887094, "_runtime": 870.9714140892029, "_step": 21, "val_acc": 0.6820809245109558, "_wandb": {"runtime": 870}}