{"train_loss": 0.09186702975150479, "_timestamp": 1697110844.1680896, "_runtime": 23.546854734420776, "_step": 152, "val_acc": 83.23699188232422, "_wandb": {"runtime": 23}}