{"train_loss": 0.029551097386798193, "_timestamp": 1696999883.7853785, "_runtime": 41.21873235702515, "_step": 284, "val_acc": 88.4393081665039, "_wandb": {"runtime": 40}}