{"train_loss": 0.0893686871899855, "_timestamp": 1697069177.8873816, "_runtime": 20.811400651931763, "_step": 131, "val_acc": 85.54913330078125, "_wandb": {"runtime": 20}}