{"train_loss": 0.04563706118761031, "_timestamp": 1697043841.5717635, "_runtime": 36.17531943321228, "_step": 297, "val_acc": 86.7052001953125, "_wandb": {"runtime": 35}}