{"train_loss": 0.08160311663469169, "_timestamp": 1697090388.5178063, "_runtime": 36.37598538398743, "_step": 255, "val_acc": 84.39306640625, "_wandb": {"runtime": 35}}