{"train_loss": 0.0358601801129881, "_timestamp": 1696988178.9406018, "_runtime": 23.22052788734436, "_step": 170, "val_acc": 86.7052001953125, "_wandb": {"runtime": 22}}