{"train_loss": 0.11485738478341075, "_timestamp": 1697001113.2279532, "_runtime": 10.868251085281372, "_step": 62, "val_acc": 84.97109985351562, "_wandb": {"runtime": 10}}