{"train_loss": 0.04168774450988357, "_timestamp": 1697106965.3558035, "_runtime": 31.354517459869385, "_step": 257, "val_acc": 86.7052001953125, "_wandb": {"runtime": 30}}