{"train_loss": 0.02057725720941414, "_timestamp": 1696983491.8400435, "_runtime": 24.980279445648193, "_step": 192, "val_acc": 85.54913330078125, "_wandb": {"runtime": 24}}