{"train_loss": 0.16045965704807016, "_timestamp": 1697054642.7650476, "_runtime": 9.467187643051147, "_step": 42, "val_acc": 84.97109985351562, "_wandb": {"runtime": 9}}