{"train_loss": 0.09843601197069295, "_timestamp": 1697007565.4893842, "_runtime": 20.840822219848633, "_step": 132, "val_acc": 84.97109985351562, "_wandb": {"runtime": 20}}