{"train_loss": 0.04516633869917674, "_timestamp": 1697049735.9105458, "_runtime": 20.917038917541504, "_step": 156, "val_acc": 83.81502532958984, "_wandb": {"runtime": 20}}