{"train_loss": 0.04840329045234898, "_timestamp": 1697007619.0011368, "_runtime": 22.949153661727905, "_step": 176, "val_acc": 87.86127471923828, "_wandb": {"runtime": 22}}