{"train_loss": 0.13367659276957775, "_timestamp": 1696975599.6071844, "_runtime": 20.28979730606079, "_step": 125, "val_acc": 85.54913330078125, "_wandb": {"runtime": 19}}