{"train_loss": 0.11029941443797894, "_timestamp": 1697027071.328712, "_runtime": 27.80304789543152, "_step": 188, "val_acc": 84.39306640625, "_wandb": {"runtime": 27}}