{"train_loss": 0.09368597317302903, "_timestamp": 1697064156.9229603, "_runtime": 27.49272632598877, "_step": 185, "val_acc": 83.81502532958984, "_wandb": {"runtime": 27}}