{"train_loss": 0.027562082842598822, "_timestamp": 1697054624.3731844, "_runtime": 32.04915452003479, "_step": 257, "val_acc": 87.86127471923828, "_wandb": {"runtime": 31}}