{"train_loss": 0.03676961220497655, "_timestamp": 1697051609.7543468, "_runtime": 26.896562814712524, "_step": 212, "val_acc": 86.12716674804688, "_wandb": {"runtime": 26}}