{"train_loss": 0.15313698433144668, "_timestamp": 1696986577.423907, "_runtime": 33.36837315559387, "_step": 225, "val_acc": 83.23699188232422, "_wandb": {"runtime": 32}}