{"train_loss": 0.061452382558220345, "_timestamp": 1697071651.454442, "_runtime": 22.08361291885376, "_step": 167, "val_acc": 85.54913330078125, "_wandb": {"runtime": 21}}