{"train_loss": 0.15115524880414785, "_timestamp": 1696997528.5473762, "_runtime": 9.849002122879028, "_step": 53, "val_acc": 83.81502532958984, "_wandb": {"runtime": 9}}