{"train_loss": 0.017304206376646234, "_timestamp": 1697036182.4096694, "_runtime": 34.91008234024048, "_step": 288, "val_acc": 87.86127471923828, "_wandb": {"runtime": 34}}