{"train_loss": 0.2994127803763678, "_timestamp": 1697074636.7805467, "_runtime": 8.703576564788818, "_step": 35, "val_acc": 82.08092498779297, "_wandb": {"runtime": 8}}