{"train_loss": 0.05996868358708398, "_timestamp": 1697032648.7161062, "_runtime": 32.265183210372925, "_step": 260, "val_acc": 85.54913330078125, "_wandb": {"runtime": 31}}