{"train_loss": 0.672767253809197, "_timestamp": 1697109963.2991395, "_runtime": 12.979069471359253, "_step": 69, "val_acc": 79.19075012207031, "_wandb": {"runtime": 12}}