{"train_loss": 0.05022038173926777, "_timestamp": 1697115586.1008139, "_runtime": 35.875218868255615, "_step": 294, "val_acc": 84.97109985351562, "_wandb": {"runtime": 35}}