{"train_loss": 0.10051740545692832, "_timestamp": 1697122883.591994, "_runtime": 13.778470039367676, "_step": 83, "val_acc": 85.54913330078125, "_wandb": {"runtime": 13}}