{"train_loss": 3.296065544319707, "_timestamp": 1696902696.1043305, "_runtime": 871.1501934528351, "_step": 21, "val_acc": 0.04624277353286743, "_wandb": {"runtime": 870}}