{"train_loss": 0.04843508086687084, "_timestamp": 1697125217.3293548, "_runtime": 21.948635816574097, "_step": 164, "val_acc": 84.39306640625, "_wandb": {"runtime": 21}}