{"train_loss": 0.05537722371268183, "_timestamp": 1697010015.3027563, "_runtime": 34.48051929473877, "_step": 237, "val_acc": 86.12716674804688, "_wandb": {"runtime": 34}}