{"train_loss": 0.027156244624990885, "_timestamp": 1697055315.8155005, "_runtime": 36.05507946014404, "_step": 299, "val_acc": 83.81502532958984, "_wandb": {"runtime": 35}}