{"train_loss": 0.07980241385006974, "_timestamp": 1697006100.0008745, "_runtime": 14.501361608505249, "_step": 98, "val_acc": 88.4393081665039, "_wandb": {"runtime": 14}}