{"train_loss": 0.07205528181978924, "_timestamp": 1697081432.1124766, "_runtime": 41.80894947052002, "_step": 299, "val_acc": 83.81502532958984, "_wandb": {"runtime": 41}}