{"train_loss": 0.2648689236578553, "_timestamp": 1697013755.3576293, "_runtime": 13.276109218597412, "_step": 71, "val_acc": 85.54913330078125, "_wandb": {"runtime": 12}}