{"train_loss": 0.21271799452776133, "_timestamp": 1696984539.2903395, "_runtime": 13.280560493469238, "_step": 71, "val_acc": 80.92485809326172, "_wandb": {"runtime": 12}}