{"train_loss": 0.12080427666931132, "_timestamp": 1697050884.2774837, "_runtime": 20.66381072998047, "_step": 131, "val_acc": 83.81502532958984, "_wandb": {"runtime": 20}}