{"train_loss": 0.11021011710426835, "_timestamp": 1697124915.5654383, "_runtime": 13.639576196670532, "_step": 87, "val_acc": 83.81502532958984, "_wandb": {"runtime": 13}}