{"train_loss": 0.05244519115902137, "_timestamp": 1697051030.0731256, "_runtime": 21.498945713043213, "_step": 162, "val_acc": 84.39306640625, "_wandb": {"runtime": 21}}