{"train_loss": 0.1615669022985669, "_timestamp": 1696991868.287726, "_runtime": 10.812537908554077, "_step": 60, "val_acc": 87.86127471923828, "_wandb": {"runtime": 10}}