{"train_loss": 0.145278844757677, "_timestamp": 1697115361.89975, "_runtime": 20.709408044815063, "_step": 129, "val_acc": 83.81502532958984, "_wandb": {"runtime": 20}}