{"train_loss": 0.15941048803371052, "_timestamp": 1697063513.3043675, "_runtime": 9.355860471725464, "_step": 48, "val_acc": 84.97109985351562, "_wandb": {"runtime": 8}}