{"train_loss": 0.024908091225877924, "_timestamp": 1697130492.488104, "_runtime": 40.554081201553345, "_step": 281, "val_acc": 86.12716674804688, "_wandb": {"runtime": 40}}