{"train_loss": 0.15376938532951268, "_timestamp": 1697034963.2672071, "_runtime": 11.65669322013855, "_step": 69, "val_acc": 84.39306640625, "_wandb": {"runtime": 11}}