{"train_loss": 0.02875465990672278, "_timestamp": 1696995550.4934845, "_runtime": 27.1186203956604, "_step": 204, "val_acc": 84.39306640625, "_wandb": {"runtime": 26}}