{"train_loss": 0.09285762978360317, "_timestamp": 1696978834.4173908, "_runtime": 30.087159872055054, "_step": 204, "val_acc": 84.97109985351562, "_wandb": {"runtime": 29}}