{"train_loss": 3.2943753447643545, "_timestamp": 1696846230.2750337, "_runtime": 593.0439836978912, "_step": 9, "_wandb": {"runtime": 605}}