{"train_loss": 1.184940241896187, "_timestamp": 1696938452.3111668, "_runtime": 871.1077518463135, "_step": 21, "val_acc": 0.6127167344093323, "_wandb": {"runtime": 870}}