{"train_loss": 0.030445241602137685, "_timestamp": 1697020651.5451818, "_runtime": 33.13776969909668, "_step": 269, "val_acc": 85.54913330078125, "_wandb": {"runtime": 32}}