{"train_loss": 0.06999588723099509, "_timestamp": 1697126185.3541906, "_runtime": 18.334821701049805, "_step": 132, "val_acc": 87.28323364257812, "_wandb": {"runtime": 17}}