{"train_loss": 0.42296914297134375, "_timestamp": 1697023883.493033, "_runtime": 7.7894580364227295, "_step": 29, "val_acc": 79.19075012207031, "_wandb": {"runtime": 7}}