{"train_loss": 0.1577253341133338, "_timestamp": 1696992511.6510718, "_runtime": 20.273051738739014, "_step": 122, "val_acc": 83.81502532958984, "_wandb": {"runtime": 19}}