{"train_loss": 0.09952873353803054, "_timestamp": 1696993674.4418988, "_runtime": 27.456305742263794, "_step": 179, "val_acc": 83.23699188232422, "_wandb": {"runtime": 27}}