{"train_loss": 0.11125136441334563, "_timestamp": 1696991754.7866833, "_runtime": 20.950722217559814, "_step": 128, "val_acc": 83.23699188232422, "_wandb": {"runtime": 20}}