{"train_loss": 0.0757582456626128, "_timestamp": 1697082636.6332455, "_runtime": 37.393691539764404, "_step": 263, "val_acc": 82.6589584350586, "_wandb": {"runtime": 37}}