{"train_loss": 0.09461561166464763, "_timestamp": 1696987659.675071, "_runtime": 24.22702193260193, "_step": 153, "val_acc": 87.28323364257812, "_wandb": {"runtime": 23}}