{"train_loss": 1.367066152088066, "_timestamp": 1696958882.6096182, "_runtime": 904.4278502464294, "_step": 21, "val_acc": 0.3410404622554779, "_wandb": {"runtime": 904}}