{"train_loss": 0.11143156090686314, "_timestamp": 1697108502.5021684, "_runtime": 23.963671445846558, "_step": 156, "val_acc": 87.86127471923828, "_wandb": {"runtime": 23}}