{"train_loss": 0.1709906295548345, "_timestamp": 1697112955.0344965, "_runtime": 11.738499641418457, "_step": 59, "val_acc": 84.97109985351562, "_wandb": {"runtime": 11}}