{"train_loss": 0.0890707082499555, "_timestamp": 1697118466.6335373, "_runtime": 40.324185371398926, "_step": 285, "val_acc": 84.39306640625, "_wandb": {"runtime": 39}}