{"train_loss": 0.06082643019197898, "_timestamp": 1697045074.988321, "_runtime": 21.874809980392456, "_step": 164, "val_acc": 86.12716674804688, "_wandb": {"runtime": 21}}