{"train_loss": 0.17277425310985986, "_timestamp": 1697110458.8439562, "_runtime": 10.776539325714111, "_step": 62, "val_acc": 87.28323364257812, "_wandb": {"runtime": 10}}