{"train_loss": 0.02316507690066342, "_timestamp": 1697108260.3127506, "_runtime": 35.35619354248047, "_step": 293, "val_acc": 86.7052001953125, "_wandb": {"runtime": 35}}