{"train_loss": 0.280303327669931, "_timestamp": 1697116926.3324547, "_runtime": 7.243651628494263, "_step": 29, "val_acc": 85.54913330078125, "_wandb": {"runtime": 6}}