{"train_loss": 0.12730104325415004, "_timestamp": 1696974375.3255966, "_runtime": 35.76238465309143, "_step": 248, "val_acc": 84.97109985351562, "_wandb": {"runtime": 35}}