{"train_loss": 0.03863472803658264, "_timestamp": 1697026267.5405188, "_runtime": 24.252944707870483, "_step": 188, "val_acc": 83.81502532958984, "_wandb": {"runtime": 23}}