{"train_loss": 0.12617955335177655, "_timestamp": 1697075449.8380215, "_runtime": 13.25221562385559, "_step": 71, "val_acc": 81.50289154052734, "_wandb": {"runtime": 12}}