{"train_loss": 0.10553070867222972, "_timestamp": 1697112650.4028656, "_runtime": 41.51745057106018, "_step": 296, "val_acc": 86.12716674804688, "_wandb": {"runtime": 41}}