{"train_loss": 0.21530475937436486, "_timestamp": 1697117373.746177, "_runtime": 20.106966018676758, "_step": 125, "val_acc": 83.23699188232422, "_wandb": {"runtime": 19}}