{"train_loss": 0.2842614550230115, "_timestamp": 1697043608.080435, "_runtime": 8.750646114349365, "_step": 42, "val_acc": 84.97109985351562, "_wandb": {"runtime": 8}}