{"train_loss": 0.08654142718025765, "_timestamp": 1696973695.9088595, "_runtime": 14.98447060585022, "_step": 101, "val_acc": 85.54913330078125, "_wandb": {"runtime": 14}}