{"train_loss": 0.020150968415099522, "_timestamp": 1697049625.8638163, "_runtime": 34.16283631324768, "_step": 240, "val_acc": 86.7052001953125, "_wandb": {"runtime": 33}}