{"train_loss": 3.312293229754581, "_timestamp": 1696867390.9275017, "_runtime": 898.8623416423798, "_step": 14, "_wandb": {"runtime": 898}}