{"train_loss": 0.030381171035493704, "_timestamp": 1697062176.8212738, "_runtime": 30.830272912979126, "_step": 251, "val_acc": 88.4393081665039, "_wandb": {"runtime": 30}}