{"train_loss": 0.03281353678328234, "_timestamp": 1697023920.7461343, "_runtime": 29.458726167678833, "_step": 237, "val_acc": 83.81502532958984, "_wandb": {"runtime": 29}}