{"train_loss": 0.08733244732477118, "_timestamp": 1697100310.435437, "_runtime": 22.62562584877014, "_step": 146, "val_acc": 83.23699188232422, "_wandb": {"runtime": 22}}