{"train_loss": 0.151285124899343, "_timestamp": 1696975039.443346, "_runtime": 17.67258095741272, "_step": 108, "val_acc": 78.61271667480469, "_wandb": {"runtime": 17}}