{"train_loss": 0.054973688496406686, "_timestamp": 1697093242.8213131, "_runtime": 18.702904224395752, "_step": 135, "val_acc": 85.54913330078125, "_wandb": {"runtime": 18}}