{"train_loss": 0.0862585699664927, "_timestamp": 1697127692.1010146, "_runtime": 39.29576659202576, "_step": 264, "val_acc": 83.81502532958984, "_wandb": {"runtime": 37}}