{"train_loss": 0.22137985322191273, "_timestamp": 1697116121.1801238, "_runtime": 8.007357835769653, "_step": 36, "val_acc": 84.39306640625, "_wandb": {"runtime": 7}}