{"train_loss": 0.08626901750320157, "_timestamp": 1696986070.134074, "_runtime": 26.825597047805786, "_step": 176, "val_acc": 81.50289154052734, "_wandb": {"runtime": 26}}