{"train_loss": 0.06518992284843482, "_timestamp": 1697084970.027515, "_runtime": 32.27277898788452, "_step": 222, "val_acc": 86.7052001953125, "_wandb": {"runtime": 31}}