{"train_loss": 0.1904055767930871, "_timestamp": 1697025961.6950169, "_runtime": 14.328377962112427, "_step": 80, "val_acc": 83.81502532958984, "_wandb": {"runtime": 13}}