{"train_loss": 0.010464775279911537, "_timestamp": 1697077306.544982, "_runtime": 35.51192593574524, "_step": 293, "val_acc": 85.54913330078125, "_wandb": {"runtime": 35}}