{"train_loss": 0.47231238941813625, "_timestamp": 1697049349.81055, "_runtime": 7.6970908641815186, "_step": 33, "val_acc": 83.81502532958984, "_wandb": {"runtime": 7}}