{"train_loss": 0.03563238808690289, "_timestamp": 1697109238.9373548, "_runtime": 26.455557823181152, "_step": 207, "val_acc": 84.39306640625, "_wandb": {"runtime": 26}}