{"train_loss": 0.04812787742039925, "_timestamp": 1697108007.6033866, "_runtime": 19.263166666030884, "_step": 138, "val_acc": 86.7052001953125, "_wandb": {"runtime": 18}}