{"train_loss": 0.0516358713570679, "_timestamp": 1697012187.1571958, "_runtime": 17.014527797698975, "_step": 120, "val_acc": 87.28323364257812, "_wandb": {"runtime": 16}}