{"train_loss": 0.017578108337718647, "_timestamp": 1697024902.292983, "_runtime": 36.170079946517944, "_step": 299, "val_acc": 87.86127471923828, "_wandb": {"runtime": 35}}