{"train_loss": 0.09573373123516091, "_timestamp": 1697022298.0735197, "_runtime": 32.09829068183899, "_step": 219, "val_acc": 83.81502532958984, "_wandb": {"runtime": 31}}