{"train_loss": 0.05677985224526289, "_timestamp": 1697117874.779153, "_runtime": 29.59565305709839, "_step": 201, "val_acc": 84.39306640625, "_wandb": {"runtime": 29}}