{"train_loss": 0.08353321057430274, "_timestamp": 1697091753.7360406, "_runtime": 25.261393547058105, "_step": 164, "val_acc": 84.97109985351562, "_wandb": {"runtime": 24}}