{"train_loss": 0.03450447823554494, "_timestamp": 1697013516.8815176, "_runtime": 28.989778757095337, "_step": 230, "val_acc": 87.28323364257812, "_wandb": {"runtime": 28}}