{"train_loss": 0.16934776392787002, "_timestamp": 1696972693.4507768, "_runtime": 23.55573582649231, "_step": 153, "val_acc": 82.6589584350586, "_wandb": {"runtime": 23}}