{"train_loss": 0.09713333760399025, "_timestamp": 1697043479.690839, "_runtime": 27.01990509033203, "_step": 182, "val_acc": 84.39306640625, "_wandb": {"runtime": 26}}