{"train_loss": 0.14846348084596006, "_timestamp": 1697043674.7621806, "_runtime": 13.46016550064087, "_step": 71, "val_acc": 81.50289154052734, "_wandb": {"runtime": 13}}