{"train_loss": 0.14990264458885028, "_timestamp": 1697081528.9408402, "_runtime": 10.446900129318237, "_step": 50, "val_acc": 81.50289154052734, "_wandb": {"runtime": 10}}