{"train_loss": 0.053553722950434965, "_timestamp": 1696974918.7175932, "_runtime": 25.455283164978027, "_step": 198, "val_acc": 86.12716674804688, "_wandb": {"runtime": 25}}