{"train_loss": 0.0698214360772697, "_timestamp": 1697106728.9632857, "_runtime": 36.55722379684448, "_step": 258, "val_acc": 88.4393081665039, "_wandb": {"runtime": 36}}