{"train_loss": 0.050676937788984806, "_timestamp": 1697072929.2836385, "_runtime": 24.54102849960327, "_step": 191, "val_acc": 88.4393081665039, "_wandb": {"runtime": 24}}