{"train_loss": 0.023160513665061444, "_timestamp": 1697033649.2048428, "_runtime": 32.17852783203125, "_step": 261, "val_acc": 85.54913330078125, "_wandb": {"runtime": 31}}