{"train_loss": 0.2095017647776796, "_timestamp": 1697125537.560097, "_runtime": 22.49343490600586, "_step": 141, "val_acc": 83.81502532958984, "_wandb": {"runtime": 22}}