{"train_loss": NaN, "_timestamp": 1696844433.883865, "_runtime": 294.57514810562134, "_step": 4, "_wandb": {"runtime": 294}}