{"train_loss": 0.05445313800551366, "_timestamp": 1697081692.999004, "_runtime": 40.75419592857361, "_step": 287, "val_acc": 84.97109985351562, "_wandb": {"runtime": 40}}