{"train_loss": 0.080368023495688, "_timestamp": 1697016690.2342622, "_runtime": 15.236004114151001, "_step": 101, "val_acc": 87.28323364257812, "_wandb": {"runtime": 14}}