{"train_loss": 0.08861280578665089, "_timestamp": 1697004394.2076974, "_runtime": 20.45255947113037, "_step": 150, "val_acc": 85.54913330078125, "_wandb": {"runtime": 20}}