{"train_loss": 0.07891684399679476, "_timestamp": 1697088242.2890697, "_runtime": 20.11318063735962, "_step": 128, "val_acc": 85.54913330078125, "_wandb": {"runtime": 19}}