{"train_loss": 0.05149613151280751, "_timestamp": 1697026422.9673371, "_runtime": 35.70913910865784, "_step": 291, "val_acc": 86.12716674804688, "_wandb": {"runtime": 35}}