{"train_loss": 0.0562677072343514, "_timestamp": 1696981159.3968387, "_runtime": 39.71130561828613, "_step": 281, "val_acc": 84.97109985351562, "_wandb": {"runtime": 39}}