{"train_loss": 0.10157689524998585, "_timestamp": 1696976048.3304002, "_runtime": 24.202336311340332, "_step": 161, "val_acc": 86.7052001953125, "_wandb": {"runtime": 23}}