{"train_loss": 0.2002020597371251, "_timestamp": 1697054484.4479034, "_runtime": 11.025214433670044, "_step": 54, "val_acc": 78.03468322753906, "_wandb": {"runtime": 10}}