{"train_loss": 0.05301973864782688, "_timestamp": 1697116501.0416946, "_runtime": 17.53045964241028, "_step": 126, "val_acc": 86.12716674804688, "_wandb": {"runtime": 17}}