{"train_loss": 0.13253791704449022, "_timestamp": 1696985271.3987942, "_runtime": 27.43805718421936, "_step": 177, "val_acc": 87.86127471923828, "_wandb": {"runtime": 27}}