{"train_loss": 0.1911117697004662, "_timestamp": 1697116279.4042287, "_runtime": 8.712455749511719, "_step": 36, "val_acc": 81.50289154052734, "_wandb": {"runtime": 8}}