{"train_loss": 0.2686035382712996, "_timestamp": 1697051229.04537, "_runtime": 9.26697301864624, "_step": 39, "val_acc": 82.6589584350586, "_wandb": {"runtime": 8}}