{"train_loss": 3.4448762137529463, "_timestamp": 1696831371.536141, "_runtime": 896.9058449268341, "_step": 14, "_wandb": {"runtime": 896}}