{"train_loss": 0.03341199881884507, "_timestamp": 1697065101.4647086, "_runtime": 25.816896677017212, "_step": 194, "val_acc": 84.39306640625, "_wandb": {"runtime": 24}}