{"train_loss": 0.05885836050769877, "_timestamp": 1697068244.4393833, "_runtime": 27.807486295700073, "_step": 218, "val_acc": 88.4393081665039, "_wandb": {"runtime": 27}}