{"train_loss": 0.08618211242110403, "_timestamp": 1697060639.1991549, "_runtime": 30.83986186981201, "_step": 207, "val_acc": 86.7052001953125, "_wandb": {"runtime": 30}}