{"train_loss": 0.04500003676688255, "_timestamp": 1696996367.535446, "_runtime": 30.89564085006714, "_step": 242, "val_acc": 86.7052001953125, "_wandb": {"runtime": 30}}