{"train_loss": 0.050236754522788835, "_timestamp": 1697125425.5874841, "_runtime": 39.07768511772156, "_step": 270, "val_acc": 85.54913330078125, "_wandb": {"runtime": 38}}