{"train_loss": 0.07157843815552634, "_timestamp": 1697007191.5020626, "_runtime": 21.54730248451233, "_step": 161, "val_acc": 86.12716674804688, "_wandb": {"runtime": 21}}