{"train_loss": 0.017785409855288127, "_timestamp": 1696988291.3922653, "_runtime": 27.64598536491394, "_step": 216, "val_acc": 86.12716674804688, "_wandb": {"runtime": 27}}