{"train_loss": 0.034113763436285215, "_timestamp": 1697036657.180415, "_runtime": 27.779462814331055, "_step": 216, "val_acc": 87.28323364257812, "_wandb": {"runtime": 27}}