{"train_loss": 0.0635417185637147, "_timestamp": 1697081791.3835785, "_runtime": 20.811119556427002, "_step": 155, "val_acc": 84.39306640625, "_wandb": {"runtime": 20}}