{"train_loss": 0.08035705084059669, "_timestamp": 1697123470.2278838, "_runtime": 23.4117648601532, "_step": 152, "val_acc": 84.39306640625, "_wandb": {"runtime": 23}}