{"train_loss": 0.04921758354392423, "_timestamp": 1697111832.535705, "_runtime": 38.70841598510742, "_step": 273, "val_acc": 84.39306640625, "_wandb": {"runtime": 38}}