{"train_loss": 0.04032524500237128, "_timestamp": 1697090744.7207818, "_runtime": 31.716144800186157, "_step": 257, "val_acc": 87.28323364257812, "_wandb": {"runtime": 31}}