{"train_loss": 0.26338745766254357, "_timestamp": 1697129244.741692, "_runtime": 10.381389141082764, "_step": 48, "val_acc": 82.6589584350586, "_wandb": {"runtime": 9}}