{"train_loss": 0.02352705140473581, "_timestamp": 1697039393.9482958, "_runtime": 32.60762882232666, "_step": 264, "val_acc": 86.12716674804688, "_wandb": {"runtime": 32}}