{"train_loss": 0.2975185662508011, "_timestamp": 1697096976.7390938, "_runtime": 9.811205863952637, "_step": 53, "val_acc": 85.54913330078125, "_wandb": {"runtime": 9}}