{"train_loss": 0.10940575166767853, "_timestamp": 1697054867.1648588, "_runtime": 27.202313899993896, "_step": 182, "val_acc": 85.54913330078125, "_wandb": {"runtime": 26}}