{"train_loss": 0.11215641523364844, "_timestamp": 1697111641.4443104, "_runtime": 13.23240852355957, "_step": 84, "val_acc": 86.7052001953125, "_wandb": {"runtime": 12}}