{"train_loss": 0.07131699622110572, "_timestamp": 1697016546.6594257, "_runtime": 30.52961564064026, "_step": 207, "val_acc": 83.81502532958984, "_wandb": {"runtime": 30}}