{"train_loss": 0.047152559316262256, "_timestamp": 1696997617.74586, "_runtime": 26.53590703010559, "_step": 203, "val_acc": 84.97109985351562, "_wandb": {"runtime": 26}}