{"train_loss": 0.07323581070996561, "_timestamp": 1696990253.5234368, "_runtime": 25.448524713516235, "_step": 164, "val_acc": 86.7052001953125, "_wandb": {"runtime": 25}}