{"train_loss": 0.037409710670756394, "_timestamp": 1697112537.657996, "_runtime": 31.69265604019165, "_step": 258, "val_acc": 85.54913330078125, "_wandb": {"runtime": 31}}