{"train_loss": 0.06918385675783421, "_timestamp": 1697082786.5068667, "_runtime": 16.309695720672607, "_step": 114, "val_acc": 87.28323364257812, "_wandb": {"runtime": 15}}