{"train_loss": 0.1376021689881549, "_timestamp": 1697059632.5485315, "_runtime": 38.23428463935852, "_step": 269, "val_acc": 86.7052001953125, "_wandb": {"runtime": 37}}