{"train_loss": 0.19972861267972825, "_timestamp": 1696983188.532674, "_runtime": 10.951900959014893, "_step": 54, "val_acc": 86.12716674804688, "_wandb": {"runtime": 10}}