{"train_loss": 0.07346536628096527, "_timestamp": 1697106901.7822576, "_runtime": 39.87578845024109, "_step": 282, "val_acc": 86.12716674804688, "_wandb": {"runtime": 39}}