{"train_loss": 0.08851259564006225, "_timestamp": 1697110564.961734, "_runtime": 22.98307204246521, "_step": 149, "val_acc": 84.97109985351562, "_wandb": {"runtime": 22}}