{"train_loss": 0.04941364490362101, "_timestamp": 1697063495.24364, "_runtime": 22.26635503768921, "_step": 167, "val_acc": 84.97109985351562, "_wandb": {"runtime": 21}}