{"train_loss": 0.018556758906248264, "_timestamp": 1697002085.080807, "_runtime": 36.59882307052612, "_step": 299, "val_acc": 87.86127471923828, "_wandb": {"runtime": 36}}