{"train_loss": 0.12797332370415504, "_timestamp": 1697094124.4465034, "_runtime": 27.886033296585083, "_step": 189, "val_acc": 81.50289154052734, "_wandb": {"runtime": 27}}