{"train_loss": 0.04004877482183537, "_timestamp": 1697103971.5026233, "_runtime": 35.04968023300171, "_step": 243, "val_acc": 87.28323364257812, "_wandb": {"runtime": 34}}