{"train_loss": 0.07981057301553529, "_timestamp": 1696990833.3644736, "_runtime": 15.3760826587677, "_step": 102, "val_acc": 84.39306640625, "_wandb": {"runtime": 14}}