{"train_loss": 0.0529505707182093, "_timestamp": 1697058309.2362695, "_runtime": 40.80402755737305, "_step": 291, "val_acc": 83.81502532958984, "_wandb": {"runtime": 40}}