{"train_loss": 0.05725727793435718, "_timestamp": 1697011240.7750998, "_runtime": 33.728877782821655, "_step": 276, "val_acc": 83.81502532958984, "_wandb": {"runtime": 33}}