{"train_loss": 0.07386112822826173, "_timestamp": 1697130369.190962, "_runtime": 20.44759702682495, "_step": 150, "val_acc": 87.28323364257812, "_wandb": {"runtime": 20}}