{"train_loss": 0.11400358499092765, "_timestamp": 1696995454.0793889, "_runtime": 13.289609909057617, "_step": 83, "val_acc": 86.12716674804688, "_wandb": {"runtime": 12}}