{"train_loss": 0.028444166609281025, "_timestamp": 1697103370.6532283, "_runtime": 36.12237024307251, "_step": 299, "val_acc": 87.28323364257812, "_wandb": {"runtime": 35}}