{"train_loss": 0.0843269903223615, "_timestamp": 1697061128.1400855, "_runtime": 17.97826838493347, "_step": 110, "val_acc": 87.28323364257812, "_wandb": {"runtime": 17}}