{"train_loss": 0.1662594065676595, "_timestamp": 1697080198.5243816, "_runtime": 9.230448722839355, "_step": 47, "val_acc": 83.23699188232422, "_wandb": {"runtime": 8}}