{"train_loss": 0.16833464742156265, "_timestamp": 1697059555.7745643, "_runtime": 28.41367220878601, "_step": 189, "val_acc": 83.81502532958984, "_wandb": {"runtime": 28}}