{"train_loss": 0.034553274902146915, "_timestamp": 1697088953.3600342, "_runtime": 35.5144522190094, "_step": 293, "val_acc": 87.28323364257812, "_wandb": {"runtime": 35}}