{"train_loss": 0.18090530359294527, "_timestamp": 1696988735.1734812, "_runtime": 9.947687149047852, "_step": 44, "val_acc": 83.23699188232422, "_wandb": {"runtime": 9}}