{"train_loss": 0.18238727067229013, "_timestamp": 1696998860.1139333, "_runtime": 15.440908432006836, "_step": 87, "val_acc": 84.97109985351562, "_wandb": {"runtime": 15}}