{"train_loss": 0.21644434594917436, "_timestamp": 1697027680.296143, "_runtime": 17.803287029266357, "_step": 98, "val_acc": 86.12716674804688, "_wandb": {"runtime": 16}}