{"train_loss": 0.11119569041008173, "_timestamp": 1696989236.7275906, "_runtime": 11.70449948310852, "_step": 68, "val_acc": 86.12716674804688, "_wandb": {"runtime": 11}}