{"train_loss": 0.12904632587505635, "_timestamp": 1697086776.2189405, "_runtime": 19.125436544418335, "_step": 119, "val_acc": 84.97109985351562, "_wandb": {"runtime": 18}}