{"train_loss": 0.04631853922741314, "_timestamp": 1697053849.5305822, "_runtime": 37.01268029212952, "_step": 261, "val_acc": 86.12716674804688, "_wandb": {"runtime": 36}}