{"train_loss": 0.02603671028851369, "_timestamp": 1697001203.3399897, "_runtime": 33.65167474746704, "_step": 267, "val_acc": 84.39306640625, "_wandb": {"runtime": 33}}