{"train_loss": 0.05977758950402224, "_timestamp": 1697016176.648386, "_runtime": 19.791414976119995, "_step": 144, "val_acc": 84.39306640625, "_wandb": {"runtime": 19}}