{"train_loss": 0.05261307097917293, "_timestamp": 1697059752.2860756, "_runtime": 39.71719264984131, "_step": 284, "val_acc": 88.4393081665039, "_wandb": {"runtime": 39}}