{"train_loss": 0.03552738348628546, "_timestamp": 1697016010.9828188, "_runtime": 24.277503728866577, "_step": 183, "val_acc": 89.01734161376953, "_wandb": {"runtime": 23}}