{"train_loss": 0.0347188308545345, "_timestamp": 1697072733.2092466, "_runtime": 34.30655574798584, "_step": 282, "val_acc": 86.7052001953125, "_wandb": {"runtime": 33}}