{"train_loss": 0.2028887585931739, "_timestamp": 1696991773.839014, "_runtime": 9.13797402381897, "_step": 45, "val_acc": 84.97109985351562, "_wandb": {"runtime": 8}}