{"train_loss": 0.13842747173120462, "_timestamp": 1697046221.0384653, "_runtime": 18.461374282836914, "_step": 101, "val_acc": 86.7052001953125, "_wandb": {"runtime": 16}}