{"train_loss": 0.14341196362985037, "_timestamp": 1697110683.448807, "_runtime": 32.27809500694275, "_step": 221, "val_acc": 83.23699188232422, "_wandb": {"runtime": 31}}