{"train_loss": 0.13206350410270484, "_timestamp": 1697109438.9025412, "_runtime": 25.337120056152344, "_step": 167, "val_acc": 81.50289154052734, "_wandb": {"runtime": 24}}