{"train_loss": 0.09065016355300538, "_timestamp": 1696973495.757191, "_runtime": 28.50444984436035, "_step": 191, "val_acc": 83.23699188232422, "_wandb": {"runtime": 28}}