{"train_loss": 0.026890254204518835, "_timestamp": 1697051275.6708698, "_runtime": 35.0113627910614, "_step": 288, "val_acc": 85.54913330078125, "_wandb": {"runtime": 34}}