{"train_loss": 0.06182129027018713, "_timestamp": 1697034400.5854847, "_runtime": 30.42965865135193, "_step": 206, "val_acc": 84.97109985351562, "_wandb": {"runtime": 30}}