{"train_loss": 0.6501242546148078, "_timestamp": 1697076168.0014277, "_runtime": 25.93285369873047, "_step": 203, "val_acc": 80.92485809326172, "_wandb": {"runtime": 25}}