{"train_loss": 0.024125877840899278, "_timestamp": 1697120238.928038, "_runtime": 32.79867696762085, "_step": 269, "val_acc": 84.39306640625, "_wandb": {"runtime": 32}}