{"train_loss": 0.07292326734073698, "_timestamp": 1697050726.2907078, "_runtime": 29.89944076538086, "_step": 204, "val_acc": 84.97109985351562, "_wandb": {"runtime": 29}}