{"train_loss": 0.08908404809487767, "_timestamp": 1696984676.582275, "_runtime": 15.09817099571228, "_step": 99, "val_acc": 85.54913330078125, "_wandb": {"runtime": 14}}