{"train_loss": 0.1725860549093679, "_timestamp": 1697111006.3568528, "_runtime": 10.491271734237671, "_step": 60, "val_acc": 84.39306640625, "_wandb": {"runtime": 10}}