{"train_loss": 0.48960116089776506, "_timestamp": 1697038326.776985, "_runtime": 7.8574538230896, "_step": 33, "val_acc": 82.08092498779297, "_wandb": {"runtime": 7}}