{"train_loss": 0.06951568054027184, "_timestamp": 1697030407.0215943, "_runtime": 30.34140920639038, "_step": 209, "val_acc": 82.6589584350586, "_wandb": {"runtime": 29}}