{"train_loss": 0.03612213397701813, "_timestamp": 1697010184.3277047, "_runtime": 29.10823655128479, "_step": 234, "val_acc": 84.39306640625, "_wandb": {"runtime": 28}}