{"train_loss": 0.14339080822740702, "_timestamp": 1696986033.727858, "_runtime": 16.302762985229492, "_step": 92, "val_acc": 83.23699188232422, "_wandb": {"runtime": 15}}