{"train_loss": 0.22518890714922615, "_timestamp": 1697019349.8691838, "_runtime": 14.801169872283936, "_step": 83, "val_acc": 83.23699188232422, "_wandb": {"runtime": 14}}