{"train_loss": 0.14075851794007385, "_timestamp": 1697093561.3495343, "_runtime": 13.190131187438965, "_step": 72, "val_acc": 88.4393081665039, "_wandb": {"runtime": 12}}