{"train_loss": 0.2701276482277831, "_timestamp": 1697120566.68639, "_runtime": 9.505275011062622, "_step": 42, "val_acc": 82.08092498779297, "_wandb": {"runtime": 9}}