{"train_loss": 0.23684255999707898, "_timestamp": 1697001339.5878336, "_runtime": 10.453132629394531, "_step": 48, "val_acc": 84.39306640625, "_wandb": {"runtime": 10}}