{"train_loss": 0.047663495288403745, "_timestamp": 1697011993.8063736, "_runtime": 40.6980996131897, "_step": 281, "val_acc": 84.97109985351562, "_wandb": {"runtime": 40}}