{"train_loss": 0.11032770340179288, "_timestamp": 1696981998.318463, "_runtime": 14.244291067123413, "_step": 93, "val_acc": 88.4393081665039, "_wandb": {"runtime": 13}}