{"train_loss": 0.2320177612263103, "_timestamp": 1697076910.5131443, "_runtime": 9.864226341247559, "_step": 53, "val_acc": 87.28323364257812, "_wandb": {"runtime": 9}}