{"train_loss": 0.047683519755251876, "_timestamp": 1696973028.191602, "_runtime": 29.46389889717102, "_step": 197, "val_acc": 86.12716674804688, "_wandb": {"runtime": 29}}