{"train_loss": 0.16689736835745184, "_timestamp": 1697026477.1598568, "_runtime": 12.740039825439453, "_step": 68, "val_acc": 84.39306640625, "_wandb": {"runtime": 12}}