{"train_loss": 0.14291432250810918, "_timestamp": 1697003314.2339444, "_runtime": 12.630290508270264, "_step": 78, "val_acc": 86.7052001953125, "_wandb": {"runtime": 12}}