{"train_loss": 0.15849225846833961, "_timestamp": 1697109260.249461, "_runtime": 11.763663053512573, "_step": 59, "val_acc": 86.12716674804688, "_wandb": {"runtime": 11}}