{"train_loss": 0.040221295976025855, "_timestamp": 1696984082.7645056, "_runtime": 31.913504600524902, "_step": 258, "val_acc": 86.7052001953125, "_wandb": {"runtime": 31}}