{"train_loss": 0.09821379607066859, "_timestamp": 1696976729.8502467, "_runtime": 12.548454761505127, "_step": 77, "val_acc": 84.39306640625, "_wandb": {"runtime": 12}}