{"train_loss": 0.05740133306921222, "_timestamp": 1696990088.1331203, "_runtime": 27.038841247558594, "_step": 209, "val_acc": 84.39306640625, "_wandb": {"runtime": 26}}