{"train_loss": 0.08292245116832038, "_timestamp": 1697035370.4638612, "_runtime": 30.9842791557312, "_step": 210, "val_acc": 84.97109985351562, "_wandb": {"runtime": 30}}