{"train_loss": 0.018209875630333935, "_timestamp": 1697121555.1844385, "_runtime": 35.69471049308777, "_step": 276, "val_acc": 86.7052001953125, "_wandb": {"runtime": 35}}