{"train_loss": 0.06476935215543436, "_timestamp": 1697061544.8247924, "_runtime": 42.7060604095459, "_step": 293, "val_acc": 83.23699188232422, "_wandb": {"runtime": 40}}