{"train_loss": 0.05422756910935954, "_timestamp": 1697063658.9314554, "_runtime": 30.36148428916931, "_step": 246, "val_acc": 84.39306640625, "_wandb": {"runtime": 30}}