{"train_loss": 0.027219261128054714, "_timestamp": 1697110766.5557182, "_runtime": 33.09384322166443, "_step": 270, "val_acc": 84.97109985351562, "_wandb": {"runtime": 32}}