{"train_loss": 0.22192574655203973, "_timestamp": 1697121811.9994223, "_runtime": 13.42025637626648, "_step": 69, "val_acc": 84.97109985351562, "_wandb": {"runtime": 12}}