{"train_loss": 0.14284821302998205, "_timestamp": 1697067359.1536229, "_runtime": 23.367217779159546, "_step": 152, "val_acc": 83.81502532958984, "_wandb": {"runtime": 22}}