{"train_loss": 0.04294740077281414, "_timestamp": 1697043798.9662077, "_runtime": 34.56439185142517, "_step": 287, "val_acc": 88.4393081665039, "_wandb": {"runtime": 34}}