{"train_loss": 0.28085604604593545, "_timestamp": 1697096878.265481, "_runtime": 10.184930086135864, "_step": 48, "val_acc": 81.50289154052734, "_wandb": {"runtime": 9}}