{"train_loss": 0.051677527425940645, "_timestamp": 1697050661.6580834, "_runtime": 21.93924832344055, "_step": 167, "val_acc": 83.81502532958984, "_wandb": {"runtime": 21}}