{"train_loss": 0.0991776829455481, "_timestamp": 1696997798.2590928, "_runtime": 15.554470777511597, "_step": 105, "val_acc": 85.54913330078125, "_wandb": {"runtime": 15}}