{"train_loss": 0.051234810049970485, "_timestamp": 1697039651.6603239, "_runtime": 17.322698831558228, "_step": 122, "val_acc": 84.97109985351562, "_wandb": {"runtime": 16}}