{"train_loss": 0.032827084353410224, "_timestamp": 1696996807.418391, "_runtime": 27.540213108062744, "_step": 216, "val_acc": 84.39306640625, "_wandb": {"runtime": 27}}