{"train_loss": 0.0949213889110725, "_timestamp": 1696986670.0877433, "_runtime": 34.33001732826233, "_step": 233, "val_acc": 86.7052001953125, "_wandb": {"runtime": 33}}