{"train_loss": 0.030004732965946544, "_timestamp": 1696995050.616422, "_runtime": 31.33274793624878, "_step": 248, "val_acc": 83.81502532958984, "_wandb": {"runtime": 30}}