{"train_loss": 0.14185855723376017, "_timestamp": 1696998009.4856765, "_runtime": 20.909573554992676, "_step": 132, "val_acc": 82.6589584350586, "_wandb": {"runtime": 20}}