{"train_loss": 0.09004441783005415, "_timestamp": 1697090443.2432594, "_runtime": 14.114769458770752, "_step": 80, "val_acc": 85.54913330078125, "_wandb": {"runtime": 13}}