{"train_loss": 0.045632596351043865, "_timestamp": 1697127440.575533, "_runtime": 25.351810932159424, "_step": 198, "val_acc": 86.12716674804688, "_wandb": {"runtime": 24}}