{"train_loss": 0.058594830894604495, "_timestamp": 1697072309.891796, "_runtime": 19.733886003494263, "_step": 146, "val_acc": 87.86127471923828, "_wandb": {"runtime": 19}}