{"train_loss": 0.06192797257735524, "_timestamp": 1696992208.267921, "_runtime": 40.866111040115356, "_step": 288, "val_acc": 83.81502532958984, "_wandb": {"runtime": 40}}