{"train_loss": 0.09691350069979943, "_timestamp": 1697093883.331742, "_runtime": 14.720921993255615, "_step": 84, "val_acc": 83.81502532958984, "_wandb": {"runtime": 14}}