{"train_loss": 0.06756014022759574, "_timestamp": 1697014608.8872614, "_runtime": 22.21074342727661, "_step": 165, "val_acc": 85.54913330078125, "_wandb": {"runtime": 21}}