{"train_loss": 0.06930914904846441, "_timestamp": 1697103517.4916215, "_runtime": 22.972160577774048, "_step": 149, "val_acc": 86.12716674804688, "_wandb": {"runtime": 22}}