{"train_loss": 0.037278985431374506, "_timestamp": 1697023124.7085662, "_runtime": 21.481900215148926, "_step": 164, "val_acc": 84.39306640625, "_wandb": {"runtime": 21}}