{"train_loss": 0.10767830864439697, "_timestamp": 1697048327.2523255, "_runtime": 24.786820650100708, "_step": 161, "val_acc": 83.23699188232422, "_wandb": {"runtime": 24}}