{"train_loss": 0.04915114441144735, "_timestamp": 1697078532.5407147, "_runtime": 42.19492268562317, "_step": 299, "val_acc": 85.54913330078125, "_wandb": {"runtime": 41}}