{"train_loss": 0.10380321522351614, "_timestamp": 1696998171.2823424, "_runtime": 12.693349361419678, "_step": 78, "val_acc": 84.39306640625, "_wandb": {"runtime": 12}}