{"train_loss": 0.1330913855196085, "_timestamp": 1696983896.8877997, "_runtime": 11.91901183128357, "_step": 72, "val_acc": 82.6589584350586, "_wandb": {"runtime": 11}}