{"train_loss": 0.08995607844012421, "_timestamp": 1696992957.3972828, "_runtime": 25.9891037940979, "_step": 167, "val_acc": 84.39306640625, "_wandb": {"runtime": 25}}