{"train_loss": 0.11410580656686148, "_timestamp": 1696994555.1109478, "_runtime": 14.760879755020142, "_step": 96, "val_acc": 85.54913330078125, "_wandb": {"runtime": 14}}