{"train_loss": 0.034164191570219604, "_timestamp": 1697019231.4224215, "_runtime": 20.017776489257812, "_step": 149, "val_acc": 86.12716674804688, "_wandb": {"runtime": 19}}