{"train_loss": 0.16356624740847323, "_timestamp": 1697081176.9201128, "_runtime": 10.198331832885742, "_step": 56, "val_acc": 83.81502532958984, "_wandb": {"runtime": 9}}