{"train_loss": NaN, "_timestamp": 1696891222.3341062, "_runtime": 296.54588532447815, "_step": 4, "_wandb": {"runtime": 296}}