{"train_loss": 0.17354449278913264, "_timestamp": 1697027089.4451742, "_runtime": 10.09682011604309, "_step": 56, "val_acc": 85.54913330078125, "_wandb": {"runtime": 9}}