{"train_loss": 3.435296043060547, "_timestamp": 1696808108.9180026, "_runtime": 303.1406695842743, "_step": 4, "_wandb": {"runtime": 306}}