{"train_loss": 0.12258284125303806, "_timestamp": 1696989217.9425018, "_runtime": 13.59339189529419, "_step": 72, "val_acc": 84.39306640625, "_wandb": {"runtime": 13}}