{"train_loss": 0.03953734994324487, "_timestamp": 1697124110.11287, "_runtime": 21.23008704185486, "_step": 159, "val_acc": 84.97109985351562, "_wandb": {"runtime": 20}}