{"train_loss": 0.05313735951934833, "_timestamp": 1696980271.0664806, "_runtime": 30.07025170326233, "_step": 200, "val_acc": 83.81502532958984, "_wandb": {"runtime": 29}}