{"train_loss": 0.058681149141278206, "_timestamp": 1697052805.7421138, "_runtime": 26.37012481689453, "_step": 173, "val_acc": 84.39306640625, "_wandb": {"runtime": 25}}