{"train_loss": 0.07634368404572786, "_timestamp": 1697044289.5405123, "_runtime": 20.036235332489014, "_step": 147, "val_acc": 84.97109985351562, "_wandb": {"runtime": 19}}