{"train_loss": 0.03146105370319145, "_timestamp": 1697092228.3966594, "_runtime": 31.25128436088562, "_step": 254, "val_acc": 87.28323364257812, "_wandb": {"runtime": 30}}