{"train_loss": 0.03249833757750863, "_timestamp": 1697046947.3480043, "_runtime": 25.32395839691162, "_step": 198, "val_acc": 86.7052001953125, "_wandb": {"runtime": 24}}