{"train_loss": 0.05461139818328584, "_timestamp": 1697061452.8006094, "_runtime": 17.511005401611328, "_step": 104, "val_acc": 87.28323364257812, "_wandb": {"runtime": 17}}