{"train_loss": 0.02031602454101017, "_timestamp": 1697005161.53986, "_runtime": 30.8751060962677, "_step": 249, "val_acc": 86.12716674804688, "_wandb": {"runtime": 30}}