{"train_loss": 0.04418701518240363, "_timestamp": 1697027655.6436317, "_runtime": 34.2330048084259, "_step": 281, "val_acc": 87.28323364257812, "_wandb": {"runtime": 33}}