{"train_loss": 0.13784813064388757, "_timestamp": 1697049489.167063, "_runtime": 17.05811095237732, "_step": 101, "val_acc": 83.81502532958984, "_wandb": {"runtime": 16}}