{"train_loss": 0.14554937717201577, "_timestamp": 1697039536.2969713, "_runtime": 15.72795033454895, "_step": 92, "val_acc": 84.97109985351562, "_wandb": {"runtime": 15}}