{"train_loss": 0.09306867606937885, "_timestamp": 1697060934.5679364, "_runtime": 15.638556480407715, "_step": 107, "val_acc": 85.54913330078125, "_wandb": {"runtime": 15}}