{"train_loss": 0.2369113158716192, "_timestamp": 1697102832.6737428, "_runtime": 15.666817665100098, "_step": 90, "val_acc": 84.39306640625, "_wandb": {"runtime": 15}}