{"train_loss": 0.18005057445965533, "_timestamp": 1697080355.246015, "_runtime": 9.653051137924194, "_step": 51, "val_acc": 84.39306640625, "_wandb": {"runtime": 9}}