{"train_loss": 0.2510940742700599, "_timestamp": 1697089145.6026886, "_runtime": 12.063049554824829, "_step": 62, "val_acc": 82.6589584350586, "_wandb": {"runtime": 11}}