{"train_loss": 0.03599692569628661, "_timestamp": 1697088363.7764614, "_runtime": 28.303504467010498, "_step": 225, "val_acc": 87.86127471923828, "_wandb": {"runtime": 27}}