{"train_loss": 0.08940929964152274, "_timestamp": 1697040424.047117, "_runtime": 29.963479042053223, "_step": 207, "val_acc": 87.86127471923828, "_wandb": {"runtime": 29}}