{"train_loss": 0.04938691324381114, "_timestamp": 1697066718.702272, "_runtime": 31.99435305595398, "_step": 257, "val_acc": 82.6589584350586, "_wandb": {"runtime": 31}}