{"train_loss": 0.10264103625749432, "_timestamp": 1697067528.9918666, "_runtime": 32.610843658447266, "_step": 267, "val_acc": 83.81502532958984, "_wandb": {"runtime": 32}}