{"train_loss": 0.04625732363959731, "_timestamp": 1697011791.94328, "_runtime": 18.929800033569336, "_step": 137, "val_acc": 83.81502532958984, "_wandb": {"runtime": 18}}