{"train_loss": 0.03874008957605246, "_timestamp": 1697060907.7147872, "_runtime": 24.922661304473877, "_step": 194, "val_acc": 85.54913330078125, "_wandb": {"runtime": 24}}