{"train_loss": 0.02965996465862317, "_timestamp": 1696994113.4603677, "_runtime": 35.44767165184021, "_step": 287, "val_acc": 87.28323364257812, "_wandb": {"runtime": 35}}