{"train_loss": 0.02545688334354308, "_timestamp": 1697091154.0555713, "_runtime": 33.5482861995697, "_step": 278, "val_acc": 84.39306640625, "_wandb": {"runtime": 33}}