{"train_loss": 0.04793907612221056, "_timestamp": 1697122094.7140377, "_runtime": 32.56244373321533, "_step": 243, "val_acc": 88.4393081665039, "_wandb": {"runtime": 32}}