{"train_loss": 0.07622718859767151, "_timestamp": 1696977915.729575, "_runtime": 29.071141004562378, "_step": 197, "val_acc": 87.86127471923828, "_wandb": {"runtime": 28}}