{"train_loss": 0.159415754305502, "_timestamp": 1697109406.7615232, "_runtime": 14.06409215927124, "_step": 80, "val_acc": 84.97109985351562, "_wandb": {"runtime": 13}}