{"train_loss": 0.3658989201797995, "_timestamp": 1697074885.9967554, "_runtime": 8.616350412368774, "_step": 33, "val_acc": 84.39306640625, "_wandb": {"runtime": 8}}