{"train_loss": 0.01954605488843003, "_timestamp": 1697015072.0364413, "_runtime": 32.56864142417908, "_step": 260, "val_acc": 87.28323364257812, "_wandb": {"runtime": 32}}