{"train_loss": 0.2504716167269751, "_timestamp": 1697091173.8399374, "_runtime": 12.239801406860352, "_step": 62, "val_acc": 82.08092498779297, "_wandb": {"runtime": 11}}