{"train_loss": 0.054467492788315336, "_timestamp": 1697110183.9003372, "_runtime": 30.759429216384888, "_step": 249, "val_acc": 87.28323364257812, "_wandb": {"runtime": 30}}