{"train_loss": 0.12377001687364522, "_timestamp": 1697017306.4222765, "_runtime": 19.713029384613037, "_step": 119, "val_acc": 82.6589584350586, "_wandb": {"runtime": 19}}