{"train_loss": 0.24319089533284652, "_timestamp": 1697009435.9437616, "_runtime": 10.206987619400024, "_step": 47, "val_acc": 86.7052001953125, "_wandb": {"runtime": 9}}