{"train_loss": 0.24088890434697616, "_timestamp": 1697031545.6267354, "_runtime": 7.245839357376099, "_step": 29, "val_acc": 79.19075012207031, "_wandb": {"runtime": 6}}