{"train_loss": 0.06475363324158066, "_timestamp": 1697036314.3339646, "_runtime": 26.37598752975464, "_step": 207, "val_acc": 85.54913330078125, "_wandb": {"runtime": 25}}