{"train_loss": 0.06898712627535555, "_timestamp": 1697055961.5574448, "_runtime": 19.372747898101807, "_step": 143, "val_acc": 86.12716674804688, "_wandb": {"runtime": 18}}