{"train_loss": 0.09345964245433204, "_timestamp": 1697003739.1978388, "_runtime": 19.53604769706726, "_step": 120, "val_acc": 80.92485809326172, "_wandb": {"runtime": 19}}