{"train_loss": 1.1916550328565199, "_timestamp": 1697104377.9580455, "_runtime": 8.516892433166504, "_step": 41, "val_acc": 78.03468322753906, "_wandb": {"runtime": 8}}