{"train_loss": 0.02251365362818158, "_timestamp": 1697010372.3518336, "_runtime": 27.110952615737915, "_step": 212, "val_acc": 87.28323364257812, "_wandb": {"runtime": 26}}