{"train_loss": 0.07979864420688733, "_timestamp": 1697123879.1840498, "_runtime": 38.508500814437866, "_step": 270, "val_acc": 83.23699188232422, "_wandb": {"runtime": 38}}