{"train_loss": 0.11426353802482142, "_timestamp": 1697090420.373604, "_runtime": 22.20397400856018, "_step": 144, "val_acc": 86.7052001953125, "_wandb": {"runtime": 21}}