{"train_loss": 0.10339661187297383, "_timestamp": 1697039028.4791117, "_runtime": 18.363781690597534, "_step": 111, "val_acc": 86.7052001953125, "_wandb": {"runtime": 17}}