{"train_loss": 0.035195198716855676, "_timestamp": 1697039786.8909235, "_runtime": 28.56584858894348, "_step": 227, "val_acc": 86.12716674804688, "_wandb": {"runtime": 28}}