{"train_loss": 0.07454392405938855, "_timestamp": 1697035011.817402, "_runtime": 39.34597587585449, "_step": 279, "val_acc": 86.12716674804688, "_wandb": {"runtime": 38}}