{"train_loss": 0.07081171272181754, "_timestamp": 1697050630.7041817, "_runtime": 27.14867663383484, "_step": 180, "val_acc": 83.23699188232422, "_wandb": {"runtime": 26}}