{"train_loss": 0.03855598096933411, "_timestamp": 1697117655.4677086, "_runtime": 38.1809766292572, "_step": 273, "val_acc": 84.39306640625, "_wandb": {"runtime": 37}}