{"train_loss": 0.05411996231901697, "_timestamp": 1697023029.0142322, "_runtime": 23.60639214515686, "_step": 182, "val_acc": 84.97109985351562, "_wandb": {"runtime": 23}}