{"train_loss": 0.09959518626808773, "_timestamp": 1697017988.4541008, "_runtime": 17.080081939697266, "_step": 101, "val_acc": 81.50289154052734, "_wandb": {"runtime": 16}}