{"train_loss": 0.2169374618679285, "_timestamp": 1697104448.108602, "_runtime": 11.6806640625, "_step": 59, "val_acc": 86.7052001953125, "_wandb": {"runtime": 11}}