{"train_loss": 0.035843579196046256, "_timestamp": 1697098177.0363975, "_runtime": 24.13812756538391, "_step": 188, "val_acc": 87.86127471923828, "_wandb": {"runtime": 23}}