{"train_loss": 0.12971538879237202, "_timestamp": 1697067000.7382648, "_runtime": 20.663522720336914, "_step": 126, "val_acc": 84.97109985351562, "_wandb": {"runtime": 20}}