{"train_loss": 0.07294776913747841, "_timestamp": 1697109641.0069914, "_runtime": 41.66127634048462, "_step": 296, "val_acc": 84.39306640625, "_wandb": {"runtime": 41}}