{"train_loss": 0.042627216641639556, "_timestamp": 1696971921.8384504, "_runtime": 52.91690444946289, "_step": 294, "val_acc": 84.97109985351562, "_wandb": {"runtime": 52}}