{"train_loss": 0.06011910810877114, "_timestamp": 1697114809.8200338, "_runtime": 41.88238167762756, "_step": 297, "val_acc": 80.34681701660156, "_wandb": {"runtime": 41}}