{"train_loss": 0.08475773443662843, "_timestamp": 1697114456.500798, "_runtime": 20.350538969039917, "_step": 150, "val_acc": 83.81502532958984, "_wandb": {"runtime": 19}}