{"train_loss": 0.12735800310796083, "_timestamp": 1697086928.5360312, "_runtime": 11.524984359741211, "_step": 59, "val_acc": 84.97109985351562, "_wandb": {"runtime": 11}}