{"train_loss": 0.03005309692356562, "_timestamp": 1697089443.5709379, "_runtime": 30.34428882598877, "_step": 245, "val_acc": 84.39306640625, "_wandb": {"runtime": 29}}