{"train_loss": 0.031879337606707935, "_timestamp": 1697114544.2947814, "_runtime": 30.828585386276245, "_step": 252, "val_acc": 88.4393081665039, "_wandb": {"runtime": 30}}