{"train_loss": 0.09659326014509641, "_timestamp": 1697082367.0848076, "_runtime": 30.883976697921753, "_step": 209, "val_acc": 84.97109985351562, "_wandb": {"runtime": 30}}