{"train_loss": 0.022169627325046203, "_timestamp": 1697069321.8219013, "_runtime": 30.583043336868286, "_step": 246, "val_acc": 86.7052001953125, "_wandb": {"runtime": 30}}