{"train_loss": 0.03180832469153629, "_timestamp": 1697107047.0580354, "_runtime": 31.147825479507446, "_step": 254, "val_acc": 86.7052001953125, "_wandb": {"runtime": 30}}