{"train_loss": 3.431865092626838, "_timestamp": 1696822004.1058145, "_runtime": 899.996015548706, "_step": 14, "_wandb": {"runtime": 899}}