{"train_loss": 0.03660665562398038, "_timestamp": 1697013030.6245184, "_runtime": 21.375815391540527, "_step": 159, "val_acc": 86.12716674804688, "_wandb": {"runtime": 20}}