{"train_loss": 0.2540395361219728, "_timestamp": 1697099472.1619744, "_runtime": 10.110737323760986, "_step": 45, "val_acc": 81.50289154052734, "_wandb": {"runtime": 9}}