{"train_loss": 0.21476271553614804, "_timestamp": 1697011074.55373, "_runtime": 17.354701042175293, "_step": 104, "val_acc": 84.39306640625, "_wandb": {"runtime": 16}}