{"train_loss": 0.045663555428862225, "_timestamp": 1697089406.5404243, "_runtime": 24.300623416900635, "_step": 161, "val_acc": 87.28323364257812, "_wandb": {"runtime": 23}}