{"train_loss": 0.05832407643563699, "_timestamp": 1697062394.6169345, "_runtime": 32.655447483062744, "_step": 264, "val_acc": 86.7052001953125, "_wandb": {"runtime": 32}}