{"train_loss": 0.06019282688083517, "_timestamp": 1697116868.429583, "_runtime": 37.430296182632446, "_step": 263, "val_acc": 83.81502532958984, "_wandb": {"runtime": 37}}