{"train_loss": 0.04303892174408078, "_timestamp": 1697080147.130306, "_runtime": 40.14629006385803, "_step": 287, "val_acc": 84.97109985351562, "_wandb": {"runtime": 39}}