{"train_loss": 0.08382394312079562, "_timestamp": 1697078731.3975217, "_runtime": 23.842557668685913, "_step": 173, "val_acc": 84.97109985351562, "_wandb": {"runtime": 22}}