{"train_loss": 0.22563126111446424, "_timestamp": 1697116911.6319563, "_runtime": 8.351831436157227, "_step": 39, "val_acc": 87.86127471923828, "_wandb": {"runtime": 7}}