{"train_loss": 0.33704938583595806, "_timestamp": 1696982090.1128478, "_runtime": 7.573080778121948, "_step": 32, "val_acc": 83.23699188232422, "_wandb": {"runtime": 7}}