{"train_loss": 0.1061311056295973, "_timestamp": 1697100488.2712765, "_runtime": 19.649921417236328, "_step": 123, "val_acc": 81.50289154052734, "_wandb": {"runtime": 19}}