{"train_loss": 0.37942260035941766, "_timestamp": 1697125860.2398078, "_runtime": 8.309724807739258, "_step": 33, "val_acc": 82.6589584350586, "_wandb": {"runtime": 7}}