{"train_loss": 0.06184954133404549, "_timestamp": 1697031876.7201521, "_runtime": 18.912503242492676, "_step": 137, "val_acc": 86.12716674804688, "_wandb": {"runtime": 18}}