{"train_loss": 0.11219232955671371, "_timestamp": 1697015722.2845016, "_runtime": 33.740097522735596, "_step": 230, "val_acc": 83.81502532958984, "_wandb": {"runtime": 33}}