{"train_loss": 0.08768147989825974, "_timestamp": 1697020084.6840658, "_runtime": 25.561182737350464, "_step": 168, "val_acc": 83.81502532958984, "_wandb": {"runtime": 25}}