{"train_loss": 0.11791562653677322, "_timestamp": 1696998125.885651, "_runtime": 29.06506609916687, "_step": 194, "val_acc": 82.08092498779297, "_wandb": {"runtime": 28}}