{"train_loss": 0.06528644823417783, "_timestamp": 1697082124.0388298, "_runtime": 30.359856843948364, "_step": 207, "val_acc": 83.23699188232422, "_wandb": {"runtime": 29}}