{"train_loss": 0.08360596355267388, "_timestamp": 1697057884.9735777, "_runtime": 15.01307463645935, "_step": 101, "val_acc": 87.86127471923828, "_wandb": {"runtime": 14}}