{"train_loss": 0.07327167971362901, "_timestamp": 1697073621.1078954, "_runtime": 15.751005411148071, "_step": 105, "val_acc": 85.54913330078125, "_wandb": {"runtime": 15}}