{"train_loss": 0.04474987856892133, "_timestamp": 1697094836.006248, "_runtime": 18.954264879226685, "_step": 140, "val_acc": 89.59537506103516, "_wandb": {"runtime": 18}}