{"train_loss": 0.17896994874747688, "_timestamp": 1697019081.1053264, "_runtime": 18.68809747695923, "_step": 116, "val_acc": 87.86127471923828, "_wandb": {"runtime": 18}}