{"train_loss": 0.8968374580534663, "_timestamp": 1696957055.984697, "_runtime": 896.4918022155762, "_step": 21, "val_acc": 0.6242774724960327, "_wandb": {"runtime": 896}}