{"train_loss": 0.13683273194650145, "_timestamp": 1696996164.412214, "_runtime": 39.39443302154541, "_step": 269, "val_acc": 84.39306640625, "_wandb": {"runtime": 38}}