{"train_loss": 0.1301088111609123, "_timestamp": 1697126969.2756524, "_runtime": 41.19269847869873, "_step": 291, "val_acc": 86.12716674804688, "_wandb": {"runtime": 40}}