{"train_loss": 0.1436523509233497, "_timestamp": 1697025710.0657663, "_runtime": 15.21477222442627, "_step": 86, "val_acc": 86.12716674804688, "_wandb": {"runtime": 14}}