{"train_loss": 0.014361942954480561, "_timestamp": 1696993775.8141792, "_runtime": 36.145830154418945, "_step": 291, "val_acc": 86.12716674804688, "_wandb": {"runtime": 35}}