{"train_loss": 0.1537863377286771, "_timestamp": 1697035220.002066, "_runtime": 25.839216947555542, "_step": 173, "val_acc": 86.12716674804688, "_wandb": {"runtime": 25}}