{"train_loss": 0.04046701296600838, "_timestamp": 1697052614.0846195, "_runtime": 40.62679362297058, "_step": 285, "val_acc": 82.6589584350586, "_wandb": {"runtime": 40}}