{"train_loss": 0.07908028892111467, "_timestamp": 1697071433.5636826, "_runtime": 26.226402521133423, "_step": 204, "val_acc": 86.7052001953125, "_wandb": {"runtime": 25}}