{"train_loss": 0.009715589172163502, "_timestamp": 1697047425.8622437, "_runtime": 35.650285720825195, "_step": 294, "val_acc": 86.7052001953125, "_wandb": {"runtime": 35}}