{"train_loss": 0.02830629688308596, "_timestamp": 1697000639.9660993, "_runtime": 28.002922296524048, "_step": 219, "val_acc": 87.28323364257812, "_wandb": {"runtime": 27}}