{"train_loss": 0.03543374608920584, "_timestamp": 1697084087.4995, "_runtime": 36.73957014083862, "_step": 260, "val_acc": 86.12716674804688, "_wandb": {"runtime": 36}}