{"train_loss": 0.05486387426715864, "_timestamp": 1696972883.4319754, "_runtime": 24.2265944480896, "_step": 188, "val_acc": 86.7052001953125, "_wandb": {"runtime": 23}}