{"train_loss": 0.3288990018326183, "_timestamp": 1696978101.146049, "_runtime": 9.47896409034729, "_step": 42, "val_acc": 83.81502532958984, "_wandb": {"runtime": 9}}