{"train_loss": NaN, "_timestamp": 1696835316.5105343, "_runtime": 294.74433422088623, "_step": 4, "_wandb": {"runtime": 294}}