{"train_loss": 0.0636415033882787, "_timestamp": 1697013259.795297, "_runtime": 18.915462017059326, "_step": 137, "val_acc": 86.7052001953125, "_wandb": {"runtime": 18}}