{"train_loss": 0.1134367359119879, "_timestamp": 1697094788.4227443, "_runtime": 18.111131191253662, "_step": 110, "val_acc": 81.50289154052734, "_wandb": {"runtime": 17}}