{"train_loss": 0.1004010116204966, "_timestamp": 1696996911.7688224, "_runtime": 16.39567542076111, "_step": 113, "val_acc": 83.23699188232422, "_wandb": {"runtime": 15}}