{"train_loss": 0.047839284901572174, "_timestamp": 1697068206.3320258, "_runtime": 20.82979965209961, "_step": 156, "val_acc": 87.86127471923828, "_wandb": {"runtime": 20}}