{"train_loss": 0.03293209707061218, "_timestamp": 1697040768.6632118, "_runtime": 34.86745071411133, "_step": 240, "val_acc": 86.12716674804688, "_wandb": {"runtime": 34}}