{"train_loss": 0.06201645126024824, "_timestamp": 1696983166.7656686, "_runtime": 14.946216583251953, "_step": 84, "val_acc": 84.39306640625, "_wandb": {"runtime": 14}}