{"train_loss": 0.02995251873941269, "_timestamp": 1696978414.967756, "_runtime": 29.605523109436035, "_step": 236, "val_acc": 84.39306640625, "_wandb": {"runtime": 29}}