{"train_loss": 0.04610570538572447, "_timestamp": 1697065017.2023163, "_runtime": 23.40849232673645, "_step": 177, "val_acc": 86.12716674804688, "_wandb": {"runtime": 22}}