{"train_loss": 3.4380517210378203, "_timestamp": 1696890606.2792203, "_runtime": 299.43724942207336, "_step": 4, "_wandb": {"runtime": 298}}