{"train_loss": 0.12591600818776114, "_timestamp": 1697073287.3794227, "_runtime": 21.156026601791382, "_step": 135, "val_acc": 84.97109985351562, "_wandb": {"runtime": 20}}