{"train_loss": 0.07086514618767556, "_timestamp": 1697080232.3481216, "_runtime": 21.626969575881958, "_step": 164, "val_acc": 86.12716674804688, "_wandb": {"runtime": 21}}