{"train_loss": 0.05372660154974911, "_timestamp": 1697095557.945395, "_runtime": 23.76900005340576, "_step": 186, "val_acc": 84.39306640625, "_wandb": {"runtime": 23}}