{"train_loss": 0.058785377676750336, "_timestamp": 1697102698.8539023, "_runtime": 21.06670832633972, "_step": 158, "val_acc": 86.7052001953125, "_wandb": {"runtime": 20}}