{"train_loss": 0.11765713992645033, "_timestamp": 1697088697.1531377, "_runtime": 31.927653789520264, "_step": 222, "val_acc": 85.54913330078125, "_wandb": {"runtime": 31}}