{"train_loss": 0.10063141505883703, "_timestamp": 1697112602.3118176, "_runtime": 14.175535678863525, "_step": 93, "val_acc": 84.39306640625, "_wandb": {"runtime": 13}}