{"train_loss": 2.507323996965275, "_timestamp": 1697039673.4727387, "_runtime": 13.199740648269653, "_step": 81, "val_acc": 58.38150405883789, "_wandb": {"runtime": 12}}