{"train_loss": 0.07418104059734316, "_timestamp": 1697040451.2682493, "_runtime": 16.135393381118774, "_step": 111, "val_acc": 85.54913330078125, "_wandb": {"runtime": 15}}