{"train_loss": 0.04011636296270935, "_timestamp": 1697022676.4029293, "_runtime": 23.19249129295349, "_step": 179, "val_acc": 84.97109985351562, "_wandb": {"runtime": 22}}