{"train_loss": 0.2429741523986639, "_timestamp": 1697028671.065752, "_runtime": 9.534953117370605, "_step": 42, "val_acc": 79.76878356933594, "_wandb": {"runtime": 9}}