{"train_loss": 0.11823375268601054, "_timestamp": 1697025463.9895337, "_runtime": 25.568097591400146, "_step": 165, "val_acc": 84.97109985351562, "_wandb": {"runtime": 25}}