{"train_loss": 0.06562797967777696, "_timestamp": 1697069492.4804423, "_runtime": 21.95299220085144, "_step": 141, "val_acc": 88.4393081665039, "_wandb": {"runtime": 21}}