{"train_loss": 0.06207434975523177, "_timestamp": 1697063914.0629857, "_runtime": 36.98820471763611, "_step": 261, "val_acc": 85.54913330078125, "_wandb": {"runtime": 36}}