{"train_loss": 0.08786316305943115, "_timestamp": 1696982351.2287388, "_runtime": 30.37680673599243, "_step": 204, "val_acc": 85.54913330078125, "_wandb": {"runtime": 30}}