{"train_loss": 2.1706062333528386, "_timestamp": 1696975145.7052715, "_runtime": 10.86027455329895, "_step": 63, "val_acc": 65.31791687011719, "_wandb": {"runtime": 10}}