{"train_loss": 0.12309684003649149, "_timestamp": 1697009793.4808676, "_runtime": 28.841647624969482, "_step": 192, "val_acc": 80.92485809326172, "_wandb": {"runtime": 28}}