{"train_loss": 0.14455725450805107, "_timestamp": 1697022898.8950431, "_runtime": 12.193771123886108, "_step": 75, "val_acc": 86.12716674804688, "_wandb": {"runtime": 11}}