{"train_loss": 0.18062628693012303, "_timestamp": 1697125010.0437908, "_runtime": 9.204783916473389, "_step": 47, "val_acc": 85.54913330078125, "_wandb": {"runtime": 8}}