{"train_loss": 0.17314839420493605, "_timestamp": 1697021945.9767342, "_runtime": 15.271149158477783, "_step": 89, "val_acc": 85.54913330078125, "_wandb": {"runtime": 14}}