{"train_loss": 0.04766643276508508, "_timestamp": 1696987173.545777, "_runtime": 41.88677716255188, "_step": 288, "val_acc": 86.12716674804688, "_wandb": {"runtime": 41}}