{"train_loss": 0.062174248980184976, "_timestamp": 1696986875.0325205, "_runtime": 23.074723482131958, "_step": 144, "val_acc": 84.97109985351562, "_wandb": {"runtime": 22}}