{"train_loss": 0.06866422384370897, "_timestamp": 1696985502.9782865, "_runtime": 26.81065845489502, "_step": 204, "val_acc": 84.97109985351562, "_wandb": {"runtime": 26}}