{"train_loss": 0.2715818417626758, "_timestamp": 1697061237.565179, "_runtime": 13.895604133605957, "_step": 90, "val_acc": 85.54913330078125, "_wandb": {"runtime": 13}}