{"train_loss": 0.04451352388127287, "_timestamp": 1697013082.8795614, "_runtime": 42.136634349823, "_step": 293, "val_acc": 85.54913330078125, "_wandb": {"runtime": 41}}