{"train_loss": 0.10085737149753651, "_timestamp": 1697130226.1902933, "_runtime": 32.07067322731018, "_step": 213, "val_acc": 83.81502532958984, "_wandb": {"runtime": 31}}