{"train_loss": 0.031140723742198114, "_timestamp": 1697060787.607073, "_runtime": 29.191184997558594, "_step": 233, "val_acc": 85.54913330078125, "_wandb": {"runtime": 28}}