{"train_loss": 0.09304036988421928, "_timestamp": 1697081046.4106524, "_runtime": 13.574615478515625, "_step": 87, "val_acc": 84.97109985351562, "_wandb": {"runtime": 13}}