{"train_loss": 0.0713109212851715, "_timestamp": 1697098939.2087479, "_runtime": 29.31779384613037, "_step": 198, "val_acc": 83.81502532958984, "_wandb": {"runtime": 28}}