{"train_loss": NaN, "_timestamp": 1696812641.50493, "_runtime": 885.9782519340515, "_step": 14, "_wandb": {"runtime": 885}}