{"train_loss": 0.06777877576086064, "_timestamp": 1696975014.2956643, "_runtime": 18.31451725959778, "_step": 132, "val_acc": 86.7052001953125, "_wandb": {"runtime": 17}}