{"train_loss": 0.04296887872962628, "_timestamp": 1697065498.1635623, "_runtime": 28.356053352355957, "_step": 224, "val_acc": 84.97109985351562, "_wandb": {"runtime": 27}}