{"train_loss": 0.06585990759370805, "_timestamp": 1696997016.6275568, "_runtime": 18.302156686782837, "_step": 129, "val_acc": 82.6589584350586, "_wandb": {"runtime": 17}}