{"train_loss": 0.06386472187329863, "_timestamp": 1697102806.1188385, "_runtime": 20.01333451271057, "_step": 147, "val_acc": 86.7052001953125, "_wandb": {"runtime": 19}}