{"train_loss": 0.04998863131067781, "_timestamp": 1696980867.99466, "_runtime": 40.60194683074951, "_step": 287, "val_acc": 83.81502532958984, "_wandb": {"runtime": 40}}