{"train_loss": 0.06948775119083218, "_timestamp": 1697006561.9852672, "_runtime": 18.87070107460022, "_step": 138, "val_acc": 87.28323364257812, "_wandb": {"runtime": 18}}