{"train_loss": 0.04939108807052117, "_timestamp": 1697129848.4114327, "_runtime": 19.37674379348755, "_step": 138, "val_acc": 85.54913330078125, "_wandb": {"runtime": 18}}