{"train_loss": 0.11680570331423781, "_timestamp": 1696985567.580076, "_runtime": 19.46827507019043, "_step": 116, "val_acc": 85.54913330078125, "_wandb": {"runtime": 19}}