{"train_loss": 0.07177454456795267, "_timestamp": 1697010496.8635716, "_runtime": 38.51755475997925, "_step": 267, "val_acc": 87.28323364257812, "_wandb": {"runtime": 38}}