{"train_loss": 0.13669314745510386, "_timestamp": 1696988854.033977, "_runtime": 15.259623050689697, "_step": 84, "val_acc": 84.39306640625, "_wandb": {"runtime": 14}}