{"train_loss": 0.07684480524513611, "_timestamp": 1697030705.3301916, "_runtime": 18.357277631759644, "_step": 132, "val_acc": 86.7052001953125, "_wandb": {"runtime": 17}}