{"train_loss": 0.06060761321189835, "_timestamp": 1697094434.681412, "_runtime": 24.694005966186523, "_step": 162, "val_acc": 83.81502532958984, "_wandb": {"runtime": 24}}