{"train_loss": 0.0645047735726071, "_timestamp": 1697026954.996859, "_runtime": 19.494309186935425, "_step": 144, "val_acc": 87.86127471923828, "_wandb": {"runtime": 19}}