{"train_loss": 0.06071940984923479, "_timestamp": 1697106108.2357934, "_runtime": 14.703289270401001, "_step": 99, "val_acc": 84.39306640625, "_wandb": {"runtime": 14}}