{"train_loss": 0.5004325129611548, "_timestamp": 1697041959.8715115, "_runtime": 7.841635465621948, "_step": 29, "val_acc": 80.92485809326172, "_wandb": {"runtime": 7}}