{"train_loss": 0.10034868589515776, "_timestamp": 1697045311.4729714, "_runtime": 26.978442430496216, "_step": 180, "val_acc": 82.6589584350586, "_wandb": {"runtime": 26}}