{"train_loss": 0.056535367063398276, "_timestamp": 1697077025.910879, "_runtime": 17.232507944107056, "_step": 123, "val_acc": 84.97109985351562, "_wandb": {"runtime": 16}}