{"train_loss": 0.048390927020633634, "_timestamp": 1697025682.9189808, "_runtime": 39.09257793426514, "_step": 275, "val_acc": 83.23699188232422, "_wandb": {"runtime": 38}}