{"train_loss": 0.09468092949692766, "_timestamp": 1697100277.2431543, "_runtime": 30.478713274002075, "_step": 209, "val_acc": 86.12716674804688, "_wandb": {"runtime": 30}}