{"train_loss": 0.013903318385885986, "_timestamp": 1696977342.1168075, "_runtime": 31.52850842475891, "_step": 255, "val_acc": 87.86127471923828, "_wandb": {"runtime": 31}}