{"train_loss": 0.12532084324765344, "_timestamp": 1697003793.3272119, "_runtime": 11.70510196685791, "_step": 59, "val_acc": 86.12716674804688, "_wandb": {"runtime": 11}}