{"train_loss": 0.0336466402486833, "_timestamp": 1697086717.4464173, "_runtime": 27.27451229095459, "_step": 218, "val_acc": 85.54913330078125, "_wandb": {"runtime": 26}}