{"train_loss": 0.04485561583884234, "_timestamp": 1697113214.1502838, "_runtime": 28.055200815200806, "_step": 189, "val_acc": 87.28323364257812, "_wandb": {"runtime": 27}}