{"train_loss": 0.15330538411386485, "_timestamp": 1697036137.165616, "_runtime": 25.56279993057251, "_step": 168, "val_acc": 83.23699188232422, "_wandb": {"runtime": 25}}