{"train_loss": NaN, "_timestamp": 1696901817.7287838, "_runtime": 880.7833287715912, "_step": 21, "val_acc": 0.04624277353286743, "_wandb": {"runtime": 880}}