{"train_loss": 0.06643156512358854, "_timestamp": 1697024124.9341855, "_runtime": 17.797220468521118, "_step": 126, "val_acc": 86.12716674804688, "_wandb": {"runtime": 17}}