{"train_loss": 0.028257248698473843, "_timestamp": 1696989835.1468449, "_runtime": 32.33781290054321, "_step": 257, "val_acc": 86.12716674804688, "_wandb": {"runtime": 31}}