{"train_loss": 0.08817693418863792, "_timestamp": 1697009638.1480181, "_runtime": 37.735082149505615, "_step": 264, "val_acc": 83.81502532958984, "_wandb": {"runtime": 37}}