{"train_loss": 0.045419465255013905, "_timestamp": 1697066542.997515, "_runtime": 31.109189987182617, "_step": 251, "val_acc": 84.39306640625, "_wandb": {"runtime": 30}}