{"train_loss": 0.19840991795929366, "_timestamp": 1697091110.317261, "_runtime": 15.945717096328735, "_step": 95, "val_acc": 84.39306640625, "_wandb": {"runtime": 15}}