{"train_loss": 0.0927108303781837, "_timestamp": 1697077830.8030512, "_runtime": 32.59235215187073, "_step": 227, "val_acc": 85.54913330078125, "_wandb": {"runtime": 32}}