{"train_loss": 0.1675695882308795, "_timestamp": 1696973226.1385646, "_runtime": 11.959440469741821, "_step": 63, "val_acc": 82.6589584350586, "_wandb": {"runtime": 11}}