{"train_loss": 0.10440665203536492, "_timestamp": 1697080097.293293, "_runtime": 21.326519012451172, "_step": 135, "val_acc": 86.12716674804688, "_wandb": {"runtime": 20}}