{"train_loss": 0.07109970418833803, "_timestamp": 1697023577.7678053, "_runtime": 37.811392307281494, "_step": 263, "val_acc": 86.12716674804688, "_wandb": {"runtime": 37}}