{"train_loss": 0.12513403419058683, "_timestamp": 1696981804.178396, "_runtime": 15.634044885635376, "_step": 92, "val_acc": 87.28323364257812, "_wandb": {"runtime": 15}}