{"train_loss": 0.05703386913194473, "_timestamp": 1697092928.935783, "_runtime": 25.017929792404175, "_step": 164, "val_acc": 86.12716674804688, "_wandb": {"runtime": 24}}