{"train_loss": 0.05001811699963413, "_timestamp": 1697093438.4143903, "_runtime": 39.17985725402832, "_step": 281, "val_acc": 86.7052001953125, "_wandb": {"runtime": 38}}