{"train_loss": 0.02684165462905671, "_timestamp": 1697087846.2316322, "_runtime": 37.642578125, "_step": 260, "val_acc": 83.23699188232422, "_wandb": {"runtime": 37}}