{"train_loss": 0.046374235857213134, "_timestamp": 1696982269.212025, "_runtime": 25.47388482093811, "_step": 200, "val_acc": 83.81502532958984, "_wandb": {"runtime": 25}}