{"train_loss": 0.06720081265531155, "_timestamp": 1697032537.7000206, "_runtime": 39.32141065597534, "_step": 276, "val_acc": 81.50289154052734, "_wandb": {"runtime": 38}}