{"train_loss": 0.01980872805024562, "_timestamp": 1697056529.1701345, "_runtime": 25.542662620544434, "_step": 197, "val_acc": 86.12716674804688, "_wandb": {"runtime": 25}}