{"train_loss": 0.22178827325791814, "_timestamp": 1697047782.4191725, "_runtime": 8.397644519805908, "_step": 38, "val_acc": 84.97109985351562, "_wandb": {"runtime": 7}}