{"train_loss": 0.06238018422452516, "_timestamp": 1697122936.26132, "_runtime": 19.199308156967163, "_step": 128, "val_acc": 83.23699188232422, "_wandb": {"runtime": 18}}