{"train_loss": 0.06597075603772388, "_timestamp": 1697103060.1829393, "_runtime": 21.061837196350098, "_step": 158, "val_acc": 86.12716674804688, "_wandb": {"runtime": 20}}