{"train_loss": 0.040422635804726416, "_timestamp": 1697101127.8757703, "_runtime": 40.12048935890198, "_step": 279, "val_acc": 86.12716674804688, "_wandb": {"runtime": 39}}