{"train_loss": 0.12578532347715524, "_timestamp": 1697014055.8472147, "_runtime": 10.996163606643677, "_step": 63, "val_acc": 86.12716674804688, "_wandb": {"runtime": 10}}