{"train_loss": 0.20579291602899863, "_timestamp": 1696989984.6999466, "_runtime": 11.823580741882324, "_step": 59, "val_acc": 83.23699188232422, "_wandb": {"runtime": 11}}