{"train_loss": 0.0840087705400101, "_timestamp": 1696984907.9628696, "_runtime": 19.737668752670288, "_step": 140, "val_acc": 87.28323364257812, "_wandb": {"runtime": 19}}