{"train_loss": 0.15202340723670543, "_timestamp": 1697026306.187084, "_runtime": 31.967927932739258, "_step": 218, "val_acc": 81.50289154052734, "_wandb": {"runtime": 31}}