{"train_loss": 0.06370265642722506, "_timestamp": 1697045833.8698647, "_runtime": 14.342988729476929, "_step": 95, "val_acc": 84.97109985351562, "_wandb": {"runtime": 13}}