{"train_loss": 0.054470757444844, "_timestamp": 1697096556.027329, "_runtime": 22.48422598838806, "_step": 147, "val_acc": 85.54913330078125, "_wandb": {"runtime": 22}}