{"train_loss": 0.06425732607428028, "_timestamp": 1697092754.2667093, "_runtime": 40.5878643989563, "_step": 284, "val_acc": 87.28323364257812, "_wandb": {"runtime": 40}}