{"train_loss": 0.03235362391637335, "_timestamp": 1697107443.9139245, "_runtime": 34.26663255691528, "_step": 279, "val_acc": 86.12716674804688, "_wandb": {"runtime": 33}}