{"train_loss": 0.18872631520985864, "_timestamp": 1697062236.6753983, "_runtime": 8.694218397140503, "_step": 42, "val_acc": 84.39306640625, "_wandb": {"runtime": 8}}