{"train_loss": 0.1925148408816651, "_timestamp": 1696976903.099487, "_runtime": 15.149343013763428, "_step": 86, "val_acc": 83.23699188232422, "_wandb": {"runtime": 14}}