{"train_loss": 0.09103248718866082, "_timestamp": 1697092894.7292755, "_runtime": 21.890304565429688, "_step": 165, "val_acc": 86.7052001953125, "_wandb": {"runtime": 21}}