{"train_loss": 0.1122531916047338, "_timestamp": 1697045807.419693, "_runtime": 19.477127075195312, "_step": 122, "val_acc": 82.08092498779297, "_wandb": {"runtime": 19}}