{"train_loss": 0.038862390270413355, "_timestamp": 1697077563.6948538, "_runtime": 18.130993843078613, "_step": 131, "val_acc": 86.12716674804688, "_wandb": {"runtime": 17}}