{"train_loss": 0.026454445610884145, "_timestamp": 1697110292.2744305, "_runtime": 30.81226658821106, "_step": 251, "val_acc": 86.7052001953125, "_wandb": {"runtime": 30}}