{"train_loss": 0.08707503082100736, "_timestamp": 1697086421.787012, "_runtime": 15.433535099029541, "_step": 89, "val_acc": 82.6589584350586, "_wandb": {"runtime": 15}}