{"train_loss": 0.11551873081466617, "_timestamp": 1697062098.4208019, "_runtime": 24.59243679046631, "_step": 159, "val_acc": 84.97109985351562, "_wandb": {"runtime": 24}}