{"train_loss": 0.07992772918281167, "_timestamp": 1696974072.6670597, "_runtime": 16.492067575454712, "_step": 116, "val_acc": 84.39306640625, "_wandb": {"runtime": 16}}