{"train_loss": 0.06423525544706472, "_timestamp": 1697044981.330474, "_runtime": 26.58618998527527, "_step": 209, "val_acc": 84.39306640625, "_wandb": {"runtime": 26}}