{"train_loss": 0.2734226537651794, "_timestamp": 1697117210.7517471, "_runtime": 7.545656204223633, "_step": 32, "val_acc": 83.23699188232422, "_wandb": {"runtime": 7}}