{"train_loss": 0.02264034870584214, "_timestamp": 1697098104.2349865, "_runtime": 33.60256743431091, "_step": 276, "val_acc": 84.39306640625, "_wandb": {"runtime": 33}}