{"train_loss": 0.044224089997019184, "_timestamp": 1697057506.289106, "_runtime": 17.548746824264526, "_step": 125, "val_acc": 86.12716674804688, "_wandb": {"runtime": 17}}