{"train_loss": 0.017828441314334267, "_timestamp": 1697118530.3084073, "_runtime": 31.654510259628296, "_step": 258, "val_acc": 86.7052001953125, "_wandb": {"runtime": 31}}