{"train_loss": 0.9096038341522217, "_timestamp": 1697051210.8885093, "_runtime": 31.975212335586548, "_step": 261, "val_acc": 82.6589584350586, "_wandb": {"runtime": 31}}