{"train_loss": 0.1020500540819972, "_timestamp": 1697087116.7567215, "_runtime": 19.298829555511475, "_step": 143, "val_acc": 84.39306640625, "_wandb": {"runtime": 18}}