{"train_loss": 0.23852320141050704, "_timestamp": 1697083153.5815866, "_runtime": 10.973459482192993, "_step": 54, "val_acc": 84.39306640625, "_wandb": {"runtime": 10}}