{"train_loss": 0.10035605731333584, "_timestamp": 1697033675.777259, "_runtime": 17.61607003211975, "_step": 107, "val_acc": 83.23699188232422, "_wandb": {"runtime": 17}}