{"train_loss": 0.028300346166361123, "_timestamp": 1696982681.89084, "_runtime": 33.658693075180054, "_step": 276, "val_acc": 87.86127471923828, "_wandb": {"runtime": 33}}