{"train_loss": 0.03901508808959016, "_timestamp": 1697075602.7196527, "_runtime": 35.96766471862793, "_step": 254, "val_acc": 87.28323364257812, "_wandb": {"runtime": 35}}