{"train_loss": 0.1014414003422094, "_timestamp": 1697103883.5296626, "_runtime": 10.256670713424683, "_step": 57, "val_acc": 86.12716674804688, "_wandb": {"runtime": 9}}