{"train_loss": 0.08254056103895743, "_timestamp": 1697012807.9925983, "_runtime": 19.42089533805847, "_step": 138, "val_acc": 87.86127471923828, "_wandb": {"runtime": 18}}