{"train_loss": 0.12187813288467221, "_timestamp": 1696985465.3644497, "_runtime": 20.04289984703064, "_step": 120, "val_acc": 87.86127471923828, "_wandb": {"runtime": 19}}