{"train_loss": 0.08271620656515277, "_timestamp": 1697060182.7381938, "_runtime": 22.48805570602417, "_step": 168, "val_acc": 83.81502532958984, "_wandb": {"runtime": 22}}