{"train_loss": 0.09083896215333669, "_timestamp": 1697115651.0580313, "_runtime": 18.41258931159973, "_step": 111, "val_acc": 86.7052001953125, "_wandb": {"runtime": 18}}