{"train_loss": 0.09641259575132714, "_timestamp": 1697064530.2672997, "_runtime": 18.33077573776245, "_step": 111, "val_acc": 86.12716674804688, "_wandb": {"runtime": 17}}