{"train_loss": 0.16743698075608632, "_timestamp": 1697088167.9380574, "_runtime": 14.207626342773438, "_step": 80, "val_acc": 79.76878356933594, "_wandb": {"runtime": 13}}