{"train_loss": 0.08971194682512866, "_timestamp": 1696972947.5616786, "_runtime": 21.513251543045044, "_step": 135, "val_acc": 84.97109985351562, "_wandb": {"runtime": 21}}