{"train_loss": 0.03992254817100285, "_timestamp": 1697069531.9311147, "_runtime": 30.411861658096313, "_step": 207, "val_acc": 84.97109985351562, "_wandb": {"runtime": 30}}