{"train_loss": 0.15218840942306575, "_timestamp": 1697114023.4071002, "_runtime": 11.44971227645874, "_step": 69, "val_acc": 85.54913330078125, "_wandb": {"runtime": 11}}