{"train_loss": 0.04087408225127864, "_timestamp": 1697096136.6496294, "_runtime": 31.386794328689575, "_step": 255, "val_acc": 85.54913330078125, "_wandb": {"runtime": 30}}