{"train_loss": 0.03473211589897441, "_timestamp": 1696975352.8558595, "_runtime": 31.27049446105957, "_step": 252, "val_acc": 86.12716674804688, "_wandb": {"runtime": 30}}