{"train_loss": 1.3633113428174521, "_timestamp": 1696926104.1176336, "_runtime": 875.2394845485687, "_step": 21, "val_acc": 0.4393063485622406, "_wandb": {"runtime": 874}}