{"train_loss": 0.1374092736649652, "_timestamp": 1697118191.9567301, "_runtime": 14.25281023979187, "_step": 81, "val_acc": 88.4393081665039, "_wandb": {"runtime": 13}}