{"train_loss": 0.03266510799483851, "_timestamp": 1696992552.6841457, "_runtime": 30.25060272216797, "_step": 236, "val_acc": 85.54913330078125, "_wandb": {"runtime": 29}}