{"train_loss": 0.05693404574142119, "_timestamp": 1696980510.2924733, "_runtime": 17.855926275253296, "_step": 128, "val_acc": 84.97109985351562, "_wandb": {"runtime": 17}}