{"train_loss": 0.06296808570406812, "_timestamp": 1697005044.6455457, "_runtime": 22.588974714279175, "_step": 171, "val_acc": 87.86127471923828, "_wandb": {"runtime": 22}}