{"train_loss": 0.025979572001487275, "_timestamp": 1697034781.734575, "_runtime": 35.447813987731934, "_step": 291, "val_acc": 83.81502532958984, "_wandb": {"runtime": 35}}