{"train_loss": 0.27961398942699267, "_timestamp": 1697071557.2236998, "_runtime": 10.694320917129517, "_step": 51, "val_acc": 84.39306640625, "_wandb": {"runtime": 10}}