{"train_loss": 0.031379101925183, "_timestamp": 1697008822.8385255, "_runtime": 32.818909645080566, "_step": 267, "val_acc": 86.12716674804688, "_wandb": {"runtime": 32}}