{"train_loss": 0.07305473340458649, "_timestamp": 1697120501.5675242, "_runtime": 17.059686183929443, "_step": 122, "val_acc": 87.86127471923828, "_wandb": {"runtime": 16}}