{"train_loss": 0.165528915172746, "_timestamp": 1697075533.9005382, "_runtime": 13.759477138519287, "_step": 75, "val_acc": 84.39306640625, "_wandb": {"runtime": 13}}