{"train_loss": 0.058325519796114327, "_timestamp": 1697101004.226339, "_runtime": 30.900381088256836, "_step": 210, "val_acc": 86.12716674804688, "_wandb": {"runtime": 30}}