{"train_loss": 0.15332454191737396, "_timestamp": 1696973428.9514987, "_runtime": 13.765589714050293, "_step": 74, "val_acc": 80.92485809326172, "_wandb": {"runtime": 13}}