{"train_loss": 0.03258637286760563, "_timestamp": 1696991510.701876, "_runtime": 33.160502910614014, "_step": 263, "val_acc": 87.86127471923828, "_wandb": {"runtime": 32}}