{"train_loss": 0.04408865340248963, "_timestamp": 1697022164.0653658, "_runtime": 21.149452686309814, "_step": 159, "val_acc": 85.54913330078125, "_wandb": {"runtime": 20}}