{"train_loss": 0.1036448952482017, "_timestamp": 1697090342.8108692, "_runtime": 11.381723165512085, "_step": 68, "val_acc": 85.54913330078125, "_wandb": {"runtime": 11}}