{"train_loss": 0.19831298317673596, "_timestamp": 1697077601.3387382, "_runtime": 8.987638235092163, "_step": 45, "val_acc": 83.81502532958984, "_wandb": {"runtime": 8}}