{"train_loss": 0.11313682874166515, "_timestamp": 1697000601.7927222, "_runtime": 25.788905143737793, "_step": 167, "val_acc": 87.28323364257812, "_wandb": {"runtime": 25}}