{"train_loss": 0.22532443191076434, "_timestamp": 1697038567.6623235, "_runtime": 10.723684549331665, "_step": 50, "val_acc": 81.50289154052734, "_wandb": {"runtime": 10}}