{"train_loss": 0.038857864670801996, "_timestamp": 1697043113.31076, "_runtime": 30.921919107437134, "_step": 237, "val_acc": 84.97109985351562, "_wandb": {"runtime": 29}}