{"train_loss": 0.1091216328705466, "_timestamp": 1697096233.420244, "_runtime": 19.53647494316101, "_step": 144, "val_acc": 86.12716674804688, "_wandb": {"runtime": 19}}