{"train_loss": 0.04767464543151301, "_timestamp": 1696980339.2603543, "_runtime": 21.41741132736206, "_step": 161, "val_acc": 84.97109985351562, "_wandb": {"runtime": 21}}