{"train_loss": 0.05325344823257521, "_timestamp": 1697076890.9144807, "_runtime": 16.144092798233032, "_step": 113, "val_acc": 85.54913330078125, "_wandb": {"runtime": 15}}