{"train_loss": 0.14034746526632197, "_timestamp": 1697033532.6754284, "_runtime": 10.370187282562256, "_step": 57, "val_acc": 84.97109985351562, "_wandb": {"runtime": 9}}