{"train_loss": 3.294556752193806, "_timestamp": 1696883883.9393697, "_runtime": 896.6044266223907, "_step": 14, "_wandb": {"runtime": 896}}