{"train_loss": 0.07627033674412645, "_timestamp": 1696996944.5957398, "_runtime": 23.419257879257202, "_step": 149, "val_acc": 83.81502532958984, "_wandb": {"runtime": 23}}