{"train_loss": 0.026109060315891754, "_timestamp": 1697015460.7373004, "_runtime": 34.4430193901062, "_step": 278, "val_acc": 86.7052001953125, "_wandb": {"runtime": 34}}