{"train_loss": 0.08111246342250947, "_timestamp": 1697068536.3653255, "_runtime": 23.46751856803894, "_step": 150, "val_acc": 85.54913330078125, "_wandb": {"runtime": 22}}