{"train_loss": 0.11406545947457469, "_timestamp": 1697113239.026544, "_runtime": 16.760418176651, "_step": 117, "val_acc": 82.6589584350586, "_wandb": {"runtime": 16}}