{"train_loss": 0.08889849929052383, "_timestamp": 1697073377.3461766, "_runtime": 29.0065975189209, "_step": 197, "val_acc": 83.81502532958984, "_wandb": {"runtime": 28}}