{"train_loss": 0.03302403218870939, "_timestamp": 1697019917.9804535, "_runtime": 34.13869857788086, "_step": 279, "val_acc": 86.12716674804688, "_wandb": {"runtime": 33}}