{"train_loss": 0.09939568607829684, "_timestamp": 1697102876.8906226, "_runtime": 33.837554693222046, "_step": 239, "val_acc": 82.6589584350586, "_wandb": {"runtime": 33}}