{"train_loss": 0.10373562160706104, "_timestamp": 1697034736.0096338, "_runtime": 10.923682689666748, "_step": 62, "val_acc": 85.54913330078125, "_wandb": {"runtime": 10}}