{"train_loss": 0.08298490546389245, "_timestamp": 1697081509.9920557, "_runtime": 37.53773856163025, "_step": 267, "val_acc": 81.50289154052734, "_wandb": {"runtime": 37}}