{"train_loss": 0.05665581379908809, "_timestamp": 1696973846.7459135, "_runtime": 21.75967240333557, "_step": 164, "val_acc": 87.86127471923828, "_wandb": {"runtime": 21}}