{"train_loss": 0.01604479755109804, "_timestamp": 1697125748.3703885, "_runtime": 37.64608550071716, "_step": 269, "val_acc": 87.86127471923828, "_wandb": {"runtime": 37}}