{"train_loss": 0.11038451675368949, "_timestamp": 1696979550.3267536, "_runtime": 17.800950527191162, "_step": 108, "val_acc": 86.12716674804688, "_wandb": {"runtime": 17}}