{"train_loss": 0.08305958099663258, "_timestamp": 1696979422.0074956, "_runtime": 19.029634714126587, "_step": 117, "val_acc": 84.39306640625, "_wandb": {"runtime": 18}}