{"train_loss": 0.026292845451809075, "_timestamp": 1697073451.0525575, "_runtime": 30.775113582611084, "_step": 248, "val_acc": 84.97109985351562, "_wandb": {"runtime": 30}}