{"train_loss": 0.09922980536641769, "_timestamp": 1696975291.5704439, "_runtime": 17.359495878219604, "_step": 104, "val_acc": 85.54913330078125, "_wandb": {"runtime": 17}}