{"train_loss": 0.2133207675177864, "_timestamp": 1697064985.387276, "_runtime": 13.426439046859741, "_step": 72, "val_acc": 84.39306640625, "_wandb": {"runtime": 12}}