{"train_loss": 0.1244299592677677, "_timestamp": 1697047896.2651002, "_runtime": 23.52522921562195, "_step": 153, "val_acc": 87.86127471923828, "_wandb": {"runtime": 23}}