{"train_loss": 0.18469804741962012, "_timestamp": 1697005492.6522985, "_runtime": 8.300378561019897, "_step": 39, "val_acc": 89.01734161376953, "_wandb": {"runtime": 7}}