{"train_loss": 0.06350198483397794, "_timestamp": 1697085461.3699672, "_runtime": 23.607871294021606, "_step": 182, "val_acc": 86.12716674804688, "_wandb": {"runtime": 23}}