{"train_loss": 0.10955100854707145, "_timestamp": 1696983935.7813945, "_runtime": 30.08938956260681, "_step": 204, "val_acc": 86.12716674804688, "_wandb": {"runtime": 29}}