{"train_loss": 3.0481043056081623, "_timestamp": 1696854040.8088007, "_runtime": 292.7098386287689, "_step": 4, "_wandb": {"runtime": 292}}