{"train_loss": 0.0775186201654981, "_timestamp": 1697018952.6032357, "_runtime": 29.531023740768433, "_step": 200, "val_acc": 84.97109985351562, "_wandb": {"runtime": 29}}