{"train_loss": 0.02431838725541913, "_timestamp": 1697072873.5205822, "_runtime": 35.78942322731018, "_step": 249, "val_acc": 85.54913330078125, "_wandb": {"runtime": 35}}