{"train_loss": 0.04188161032466586, "_timestamp": 1697082759.0927048, "_runtime": 35.081498861312866, "_step": 291, "val_acc": 85.54913330078125, "_wandb": {"runtime": 34}}