{"train_loss": 0.05402685559441357, "_timestamp": 1697064093.961748, "_runtime": 31.51518487930298, "_step": 254, "val_acc": 86.7052001953125, "_wandb": {"runtime": 31}}