{"train_loss": 0.0752191684360421, "_timestamp": 1697115542.8990724, "_runtime": 13.599470376968384, "_step": 89, "val_acc": 88.4393081665039, "_wandb": {"runtime": 13}}