{"train_loss": 0.062422426574495295, "_timestamp": 1696976270.9073126, "_runtime": 28.578137636184692, "_step": 194, "val_acc": 85.54913330078125, "_wandb": {"runtime": 28}}