{"train_loss": 3.2955122427191843, "_timestamp": 1696900929.530622, "_runtime": 291.7339680194855, "_step": 6, "val_acc": 0.04624277353286743, "_wandb": {"runtime": 291}}