{"train_loss": 0.15327541477068565, "_timestamp": 1697012119.4148464, "_runtime": 16.275577306747437, "_step": 95, "val_acc": 86.12716674804688, "_wandb": {"runtime": 15}}