{"train_loss": 0.22579949002626332, "_timestamp": 1697125332.596089, "_runtime": 33.651893854141235, "_step": 275, "val_acc": 82.6589584350586, "_wandb": {"runtime": 33}}