{"train_loss": 0.4214042106340098, "_timestamp": 1697011165.8554842, "_runtime": 20.530380249023438, "_step": 153, "val_acc": 86.12716674804688, "_wandb": {"runtime": 20}}