{"train_loss": 3.3327688727267955, "_timestamp": 1696808734.6428995, "_runtime": 299.2449893951416, "_step": 4, "_wandb": {"runtime": 298}}