{"train_loss": 0.16193313368184623, "_timestamp": 1697065367.5347505, "_runtime": 9.657715559005737, "_step": 50, "val_acc": 86.12716674804688, "_wandb": {"runtime": 9}}