{"train_loss": 0.028466921719332593, "_timestamp": 1697062973.422998, "_runtime": 31.104886054992676, "_step": 252, "val_acc": 86.7052001953125, "_wandb": {"runtime": 30}}