{"train_loss": 1.475985543656454, "_timestamp": 1696921380.7117803, "_runtime": 870.023820400238, "_step": 21, "val_acc": 0.36994218826293945, "_wandb": {"runtime": 869}}