{"train_loss": 0.05953995323859069, "_timestamp": 1697030679.2694767, "_runtime": 23.24182367324829, "_step": 177, "val_acc": 83.23699188232422, "_wandb": {"runtime": 22}}