{"train_loss": 0.06666903591411578, "_timestamp": 1696997980.9300468, "_runtime": 33.25067186355591, "_step": 230, "val_acc": 83.23699188232422, "_wandb": {"runtime": 32}}