{"train_loss": 0.060595099760089505, "_timestamp": 1697022877.9157526, "_runtime": 22.15675973892212, "_step": 167, "val_acc": 85.54913330078125, "_wandb": {"runtime": 21}}