{"train_loss": 0.09483837349297003, "_timestamp": 1696990343.8342454, "_runtime": 15.999720335006714, "_step": 90, "val_acc": 86.12716674804688, "_wandb": {"runtime": 15}}