{"train_loss": 0.2824109757189141, "_timestamp": 1697011597.0523381, "_runtime": 9.455440044403076, "_step": 42, "val_acc": 80.34681701660156, "_wandb": {"runtime": 9}}