{"train_loss": 0.2854305696348811, "_timestamp": 1697047984.0826, "_runtime": 8.238024234771729, "_step": 38, "val_acc": 79.76878356933594, "_wandb": {"runtime": 7}}