{"train_loss": 0.1166403356149013, "_timestamp": 1697119249.192955, "_runtime": 16.68364691734314, "_step": 98, "val_acc": 86.7052001953125, "_wandb": {"runtime": 16}}