{"train_loss": 0.06844851904992708, "_timestamp": 1697024939.722531, "_runtime": 27.622753143310547, "_step": 186, "val_acc": 86.12716674804688, "_wandb": {"runtime": 27}}