{"train_loss": 0.029346347117774882, "_timestamp": 1697025634.2978458, "_runtime": 31.53846788406372, "_step": 258, "val_acc": 85.54913330078125, "_wandb": {"runtime": 31}}