{"train_loss": 0.14032487952431968, "_timestamp": 1697050307.4005218, "_runtime": 10.039969682693481, "_step": 54, "val_acc": 86.12716674804688, "_wandb": {"runtime": 9}}