{"train_loss": 0.12993105109997613, "_timestamp": 1697080027.569852, "_runtime": 18.613787174224854, "_step": 113, "val_acc": 84.39306640625, "_wandb": {"runtime": 18}}