{"train_loss": 0.1586771895459225, "_timestamp": 1696999237.6621819, "_runtime": 9.753757953643799, "_step": 44, "val_acc": 82.6589584350586, "_wandb": {"runtime": 9}}