{"train_loss": 3.2954836983320326, "_timestamp": 1696921687.7074008, "_runtime": 294.8740568161011, "_step": 6, "val_acc": 0.04624277353286743, "_wandb": {"runtime": 294}}