{"train_loss": 0.09108798284365167, "_timestamp": 1697083001.616662, "_runtime": 18.916582107543945, "_step": 108, "val_acc": 83.81502532958984, "_wandb": {"runtime": 17}}