{"train_loss": 0.06756616383249503, "_timestamp": 1696989510.1725013, "_runtime": 17.107343435287476, "_step": 119, "val_acc": 84.97109985351562, "_wandb": {"runtime": 16}}