{"train_loss": 0.17610684427064519, "_timestamp": 1696987931.7923503, "_runtime": 13.461916208267212, "_step": 71, "val_acc": 86.12716674804688, "_wandb": {"runtime": 13}}