{"train_loss": 0.06173681549972931, "_timestamp": 1697077183.3285334, "_runtime": 40.60264849662781, "_step": 287, "val_acc": 83.23699188232422, "_wandb": {"runtime": 40}}