{"train_loss": 0.14780511574949637, "_timestamp": 1697008348.9556303, "_runtime": 12.487272262573242, "_step": 68, "val_acc": 83.81502532958984, "_wandb": {"runtime": 12}}