{"train_loss": 0.08754691148452937, "_timestamp": 1697119447.815406, "_runtime": 29.29132318496704, "_step": 201, "val_acc": 83.23699188232422, "_wandb": {"runtime": 28}}