{"train_loss": 0.04335995119465732, "_timestamp": 1697121662.0967638, "_runtime": 23.861992835998535, "_step": 174, "val_acc": 82.6589584350586, "_wandb": {"runtime": 23}}