{"train_loss": 0.03388787465586955, "_timestamp": 1697073518.8142884, "_runtime": 36.667686462402344, "_step": 281, "val_acc": 88.4393081665039, "_wandb": {"runtime": 36}}