{"train_loss": 0.17644194535218005, "_timestamp": 1697007307.4664195, "_runtime": 14.622616529464722, "_step": 83, "val_acc": 80.34681701660156, "_wandb": {"runtime": 14}}