{"train_loss": 0.10377970628093841, "_timestamp": 1697101338.417027, "_runtime": 18.36410903930664, "_step": 111, "val_acc": 87.28323364257812, "_wandb": {"runtime": 17}}