{"train_loss": 0.02763983669019369, "_timestamp": 1697076457.4393709, "_runtime": 36.34230184555054, "_step": 299, "val_acc": 87.86127471923828, "_wandb": {"runtime": 35}}