{"train_loss": 0.020086338991965276, "_timestamp": 1697081834.0748374, "_runtime": 32.46083950996399, "_step": 264, "val_acc": 85.54913330078125, "_wandb": {"runtime": 32}}