{"train_loss": 0.06784151394264014, "_timestamp": 1697032963.2498393, "_runtime": 27.605794191360474, "_step": 185, "val_acc": 83.81502532958984, "_wandb": {"runtime": 27}}