{"train_loss": 0.23469578011264636, "_timestamp": 1697048058.0470688, "_runtime": 9.480794906616211, "_step": 41, "val_acc": 86.12716674804688, "_wandb": {"runtime": 9}}