{"train_loss": 0.15658608232733123, "_timestamp": 1697102443.2093754, "_runtime": 13.06602144241333, "_step": 69, "val_acc": 85.54913330078125, "_wandb": {"runtime": 12}}