{"train_loss": 0.044234600033188715, "_timestamp": 1697063391.0632405, "_runtime": 32.05719757080078, "_step": 260, "val_acc": 86.7052001953125, "_wandb": {"runtime": 31}}