{"train_loss": 0.19717258635128654, "_timestamp": 1697064009.685913, "_runtime": 9.232166051864624, "_step": 47, "val_acc": 79.76878356933594, "_wandb": {"runtime": 8}}