{"train_loss": 0.034193138808531816, "_timestamp": 1697055246.0175896, "_runtime": 28.31938648223877, "_step": 215, "val_acc": 87.28323364257812, "_wandb": {"runtime": 26}}