{"train_loss": 0.08764259720784287, "_timestamp": 1697067024.3142817, "_runtime": 13.230043649673462, "_step": 84, "val_acc": 84.97109985351562, "_wandb": {"runtime": 12}}