{"train_loss": 0.1302279360743976, "_timestamp": 1697064504.0522227, "_runtime": 18.0870578289032, "_step": 110, "val_acc": 83.23699188232422, "_wandb": {"runtime": 17}}