{"train_loss": 0.1755905321387704, "_timestamp": 1697054282.347486, "_runtime": 16.019302129745483, "_step": 93, "val_acc": 79.76878356933594, "_wandb": {"runtime": 15}}