{"train_loss": 0.059081875468024896, "_timestamp": 1697087479.2241766, "_runtime": 32.02809166908264, "_step": 222, "val_acc": 84.39306640625, "_wandb": {"runtime": 31}}