{"train_loss": 0.09034008426059763, "_timestamp": 1697106391.316266, "_runtime": 34.7424840927124, "_step": 239, "val_acc": 87.86127471923828, "_wandb": {"runtime": 34}}