{"train_loss": 0.08647942536261452, "_timestamp": 1697028742.9690197, "_runtime": 19.476537704467773, "_step": 122, "val_acc": 83.23699188232422, "_wandb": {"runtime": 19}}