{"train_loss": 0.03906861315264778, "_timestamp": 1697072557.8733168, "_runtime": 24.090389728546143, "_step": 185, "val_acc": 82.08092498779297, "_wandb": {"runtime": 23}}