{"train_loss": 0.15701363307185645, "_timestamp": 1697074051.881641, "_runtime": 13.203897953033447, "_step": 71, "val_acc": 84.97109985351562, "_wandb": {"runtime": 12}}