{"train_loss": 0.27430507176837254, "_timestamp": 1697014692.024928, "_runtime": 7.660470008850098, "_step": 33, "val_acc": 86.12716674804688, "_wandb": {"runtime": 7}}