{"train_loss": 0.0921223783800595, "_timestamp": 1697006979.8105183, "_runtime": 20.617005348205566, "_step": 131, "val_acc": 84.97109985351562, "_wandb": {"runtime": 20}}