{"train_loss": 0.06183718524258692, "_timestamp": 1697109589.1163938, "_runtime": 35.7438588142395, "_step": 249, "val_acc": 85.54913330078125, "_wandb": {"runtime": 35}}