{"train_loss": 0.11201847469715705, "_timestamp": 1697023864.5946624, "_runtime": 14.96211838722229, "_step": 83, "val_acc": 87.28323364257812, "_wandb": {"runtime": 14}}