{"train_loss": 0.04995230084750801, "_timestamp": 1697078699.0949018, "_runtime": 27.70210075378418, "_step": 188, "val_acc": 83.81502532958984, "_wandb": {"runtime": 27}}