{"train_loss": 0.039266925732886725, "_timestamp": 1697003954.0704055, "_runtime": 32.766754388809204, "_step": 263, "val_acc": 86.12716674804688, "_wandb": {"runtime": 32}}