{"train_loss": 0.053845108714127954, "_timestamp": 1697005659.5166154, "_runtime": 20.135122299194336, "_step": 150, "val_acc": 86.7052001953125, "_wandb": {"runtime": 19}}