{"train_loss": 0.09546260124202384, "_timestamp": 1697046740.2849927, "_runtime": 15.551159620285034, "_step": 90, "val_acc": 83.81502532958984, "_wandb": {"runtime": 15}}