{"train_loss": 0.06684123444083948, "_timestamp": 1697002981.2549467, "_runtime": 26.420703649520874, "_step": 201, "val_acc": 84.97109985351562, "_wandb": {"runtime": 25}}