{"train_loss": 0.06087340066902513, "_timestamp": 1697094645.4736805, "_runtime": 14.467646598815918, "_step": 96, "val_acc": 84.97109985351562, "_wandb": {"runtime": 14}}