{"train_loss": 0.14842092514384625, "_timestamp": 1697067548.1362698, "_runtime": 10.4666907787323, "_step": 59, "val_acc": 84.39306640625, "_wandb": {"runtime": 10}}