{"train_loss": 0.09545986751922904, "_timestamp": 1697088555.8076227, "_runtime": 24.43286657333374, "_step": 159, "val_acc": 83.81502532958984, "_wandb": {"runtime": 24}}