{"train_loss": 0.03288301397223285, "_timestamp": 1696982444.7226472, "_runtime": 19.01820707321167, "_step": 138, "val_acc": 86.7052001953125, "_wandb": {"runtime": 18}}