{"train_loss": 0.0480817996999682, "_timestamp": 1696979772.213249, "_runtime": 20.90442204475403, "_step": 155, "val_acc": 84.39306640625, "_wandb": {"runtime": 20}}