{"train_loss": 0.2134664676390415, "_timestamp": 1697019482.851567, "_runtime": 7.2610719203948975, "_step": 30, "val_acc": 83.23699188232422, "_wandb": {"runtime": 6}}