{"train_loss": 0.026516047915508753, "_timestamp": 1697127237.6984057, "_runtime": 29.165587663650513, "_step": 231, "val_acc": 85.54913330078125, "_wandb": {"runtime": 28}}