{"train_loss": 0.05100211685220169, "_timestamp": 1697034124.8882225, "_runtime": 22.875486373901367, "_step": 173, "val_acc": 86.12716674804688, "_wandb": {"runtime": 22}}