{"train_loss": 0.07174523317168445, "_timestamp": 1697010983.1533465, "_runtime": 24.074300527572632, "_step": 152, "val_acc": 85.54913330078125, "_wandb": {"runtime": 23}}