{"train_loss": 0.01808434983561097, "_timestamp": 1697130444.397496, "_runtime": 33.50395607948303, "_step": 272, "val_acc": 84.97109985351562, "_wandb": {"runtime": 33}}