{"train_loss": 0.057420956703216966, "_timestamp": 1696991247.0155582, "_runtime": 37.46326923370361, "_step": 255, "val_acc": 83.23699188232422, "_wandb": {"runtime": 37}}