{"train_loss": 0.04887774857681591, "_timestamp": 1697126247.7731001, "_runtime": 18.687737226486206, "_step": 134, "val_acc": 88.4393081665039, "_wandb": {"runtime": 18}}