{"train_loss": 0.5551534717859223, "_timestamp": 1696983100.097604, "_runtime": 10.463719129562378, "_step": 59, "val_acc": 84.39306640625, "_wandb": {"runtime": 10}}