{"train_loss": 0.05279494920707589, "_timestamp": 1697078886.1465266, "_runtime": 37.06802463531494, "_step": 263, "val_acc": 85.54913330078125, "_wandb": {"runtime": 36}}