{"train_loss": 0.03519020853347556, "_timestamp": 1696979609.3077824, "_runtime": 30.14474129676819, "_step": 245, "val_acc": 86.12716674804688, "_wandb": {"runtime": 29}}