{"train_loss": 1.0004980162677024, "_timestamp": 1696940226.1020808, "_runtime": 871.2087168693542, "_step": 21, "val_acc": 0.6820809245109558, "_wandb": {"runtime": 870}}