{"train_loss": 0.16240123364814493, "_timestamp": 1697042150.4228528, "_runtime": 17.58621573448181, "_step": 105, "val_acc": 84.97109985351562, "_wandb": {"runtime": 17}}