{"train_loss": 0.1593575245419214, "_timestamp": 1697078755.683688, "_runtime": 12.043978929519653, "_step": 72, "val_acc": 85.54913330078125, "_wandb": {"runtime": 11}}