{"train_loss": 1.5801497472010908, "_timestamp": 1696825003.8002982, "_runtime": 890.542581319809, "_step": 14, "_wandb": {"runtime": 890}}