{"train_loss": 0.07217819665742735, "_timestamp": 1697002517.3482945, "_runtime": 26.97097659111023, "_step": 174, "val_acc": 82.6589584350586, "_wandb": {"runtime": 26}}