{"train_loss": 0.09729197863922563, "_timestamp": 1697092385.5844488, "_runtime": 12.895055770874023, "_step": 81, "val_acc": 81.50289154052734, "_wandb": {"runtime": 12}}