{"train_loss": 0.025897786283843913, "_timestamp": 1697125573.3780832, "_runtime": 27.234270334243774, "_step": 218, "val_acc": 82.6589584350586, "_wandb": {"runtime": 26}}