{"train_loss": 0.020794207284356967, "_timestamp": 1696980231.0962288, "_runtime": 36.179858922958374, "_step": 299, "val_acc": 87.28323364257812, "_wandb": {"runtime": 35}}