{"train_loss": 0.025951775010177043, "_timestamp": 1697100808.5332122, "_runtime": 36.36764216423035, "_step": 285, "val_acc": 86.12716674804688, "_wandb": {"runtime": 34}}