{"train_loss": 0.02529693864350922, "_timestamp": 1697027558.1239548, "_runtime": 35.17275881767273, "_step": 290, "val_acc": 87.86127471923828, "_wandb": {"runtime": 34}}