{"train_loss": 1.2221785090690436, "_timestamp": 1696992357.3071487, "_runtime": 15.650012731552124, "_step": 104, "val_acc": 78.61271667480469, "_wandb": {"runtime": 15}}