{"train_loss": 0.1630106527997224, "_timestamp": 1697069105.9827597, "_runtime": 16.38499164581299, "_step": 96, "val_acc": 81.50289154052734, "_wandb": {"runtime": 16}}