{"train_loss": 0.027122705928821572, "_timestamp": 1697041915.2761836, "_runtime": 35.288203716278076, "_step": 290, "val_acc": 84.39306640625, "_wandb": {"runtime": 34}}