{"train_loss": 0.03340143897180814, "_timestamp": 1697078479.3268943, "_runtime": 40.4310781955719, "_step": 284, "val_acc": 84.97109985351562, "_wandb": {"runtime": 40}}