{"train_loss": 0.49860985473144886, "_timestamp": 1697088185.7892385, "_runtime": 10.197559356689453, "_step": 56, "val_acc": 83.23699188232422, "_wandb": {"runtime": 9}}