{"train_loss": 0.0511615258251685, "_timestamp": 1697093196.2892494, "_runtime": 24.322668313980103, "_step": 189, "val_acc": 86.7052001953125, "_wandb": {"runtime": 23}}