{"train_loss": 0.11804210988068303, "_timestamp": 1697087196.6044176, "_runtime": 11.263434648513794, "_step": 56, "val_acc": 84.39306640625, "_wandb": {"runtime": 10}}