{"train_loss": 0.33990777994311133, "_timestamp": 1696990928.6512785, "_runtime": 7.676198482513428, "_step": 32, "val_acc": 83.81502532958984, "_wandb": {"runtime": 7}}