{"train_loss": 0.09370836681892099, "_timestamp": 1696976620.2869692, "_runtime": 28.291715145111084, "_step": 191, "val_acc": 86.7052001953125, "_wandb": {"runtime": 27}}