{"train_loss": 0.12506558161315529, "_timestamp": 1697041634.5900211, "_runtime": 12.899632215499878, "_step": 81, "val_acc": 83.81502532958984, "_wandb": {"runtime": 12}}