{"train_loss": 0.05363838131496206, "_timestamp": 1697128573.836509, "_runtime": 42.05031394958496, "_step": 291, "val_acc": 84.97109985351562, "_wandb": {"runtime": 41}}