{"train_loss": 0.16737797284542127, "_timestamp": 1697015029.094442, "_runtime": 15.809629917144775, "_step": 92, "val_acc": 84.97109985351562, "_wandb": {"runtime": 15}}