{"train_loss": 0.15285358136129934, "_timestamp": 1697091426.934925, "_runtime": 22.653293132781982, "_step": 146, "val_acc": 82.08092498779297, "_wandb": {"runtime": 22}}