{"train_loss": 0.12152750328789617, "_timestamp": 1696982699.6964731, "_runtime": 10.503270149230957, "_step": 60, "val_acc": 83.81502532958984, "_wandb": {"runtime": 10}}