{"train_loss": 0.06202424523897122, "_timestamp": 1696994036.8007379, "_runtime": 20.525309801101685, "_step": 147, "val_acc": 84.97109985351562, "_wandb": {"runtime": 20}}