{"train_loss": 0.17122516679295965, "_timestamp": 1697000993.0408728, "_runtime": 10.483562707901001, "_step": 59, "val_acc": 84.97109985351562, "_wandb": {"runtime": 10}}