{"train_loss": 0.031488641212575226, "_timestamp": 1697057781.0916693, "_runtime": 34.39282941818237, "_step": 237, "val_acc": 87.86127471923828, "_wandb": {"runtime": 34}}