{"train_loss": 0.09599124401981055, "_timestamp": 1697005199.3519874, "_runtime": 12.033724308013916, "_step": 74, "val_acc": 84.39306640625, "_wandb": {"runtime": 11}}