{"train_loss": 3.3115801478541176, "_timestamp": 1696904473.2194028, "_runtime": 886.9366219043732, "_step": 21, "val_acc": 0.04624277353286743, "_wandb": {"runtime": 886}}