{"train_loss": 0.22202059402412108, "_timestamp": 1697119518.6502671, "_runtime": 16.583474159240723, "_step": 98, "val_acc": 86.7052001953125, "_wandb": {"runtime": 16}}