{"train_loss": 0.06755429216075776, "_timestamp": 1696978323.582904, "_runtime": 16.04130220413208, "_step": 95, "val_acc": 87.86127471923828, "_wandb": {"runtime": 15}}