{"train_loss": 0.04822920644006064, "_timestamp": 1697107642.2897027, "_runtime": 20.683862686157227, "_step": 155, "val_acc": 82.6589584350586, "_wandb": {"runtime": 20}}