{"train_loss": 0.014290079022324535, "_timestamp": 1697063280.2199335, "_runtime": 35.30606746673584, "_step": 291, "val_acc": 84.39306640625, "_wandb": {"runtime": 34}}