{"train_loss": 0.11984583908735319, "_timestamp": 1697128691.4314454, "_runtime": 15.183581352233887, "_step": 102, "val_acc": 86.7052001953125, "_wandb": {"runtime": 14}}