{"train_loss": 0.096656928312028, "_timestamp": 1697025070.2836795, "_runtime": 39.35824942588806, "_step": 279, "val_acc": 84.39306640625, "_wandb": {"runtime": 38}}