{"train_loss": 0.28410297222868647, "_timestamp": 1697049058.776983, "_runtime": 11.135327100753784, "_step": 54, "val_acc": 80.34681701660156, "_wandb": {"runtime": 10}}