{"train_loss": 0.03923686425205656, "_timestamp": 1697129138.5002084, "_runtime": 33.36907148361206, "_step": 270, "val_acc": 86.7052001953125, "_wandb": {"runtime": 32}}