{"train_loss": 0.21236348273449165, "_timestamp": 1697081378.3965368, "_runtime": 8.98778486251831, "_step": 38, "val_acc": 84.39306640625, "_wandb": {"runtime": 8}}