{"train_loss": 0.019502052637954178, "_timestamp": 1697048752.9242036, "_runtime": 38.66901469230652, "_step": 275, "val_acc": 85.54913330078125, "_wandb": {"runtime": 38}}