{"train_loss": NaN, "_timestamp": 1696836522.3482754, "_runtime": 584.1308264732361, "_step": 9, "_wandb": {"runtime": 596}}