{"train_loss": 0.07786004962183016, "_timestamp": 1697047604.7709277, "_runtime": 16.902739763259888, "_step": 119, "val_acc": 85.54913330078125, "_wandb": {"runtime": 16}}