{"train_loss": 0.053893109997409545, "_timestamp": 1697051528.930502, "_runtime": 19.24318790435791, "_step": 140, "val_acc": 85.54913330078125, "_wandb": {"runtime": 18}}