{"train_loss": 0.028106160423999955, "_timestamp": 1697108054.0493236, "_runtime": 34.77141261100769, "_step": 288, "val_acc": 87.28323364257812, "_wandb": {"runtime": 34}}