{"train_loss": 0.026979523497027192, "_timestamp": 1697123653.7232947, "_runtime": 29.94845676422119, "_step": 243, "val_acc": 86.12716674804688, "_wandb": {"runtime": 29}}