{"train_loss": 0.06712962400850428, "_timestamp": 1696999482.1962783, "_runtime": 22.613864421844482, "_step": 143, "val_acc": 83.23699188232422, "_wandb": {"runtime": 22}}