{"train_loss": 0.11365551547807923, "_timestamp": 1697089951.6006827, "_runtime": 17.039312839508057, "_step": 101, "val_acc": 83.81502532958984, "_wandb": {"runtime": 16}}