{"train_loss": 0.08725590279953944, "_timestamp": 1696985955.0045545, "_runtime": 19.83926248550415, "_step": 119, "val_acc": 85.54913330078125, "_wandb": {"runtime": 19}}