{"train_loss": 0.099448551507775, "_timestamp": 1697091878.9779735, "_runtime": 32.49617552757263, "_step": 218, "val_acc": 86.12716674804688, "_wandb": {"runtime": 31}}