{"train_loss": 0.15069672201088694, "_timestamp": 1697031257.65969, "_runtime": 18.078357934951782, "_step": 107, "val_acc": 82.6589584350586, "_wandb": {"runtime": 17}}