{"train_loss": 0.03978844772656123, "_timestamp": 1697054702.9187517, "_runtime": 27.703885793685913, "_step": 216, "val_acc": 84.97109985351562, "_wandb": {"runtime": 27}}