{"train_loss": 0.10603696306176527, "_timestamp": 1697051846.178198, "_runtime": 36.40510320663452, "_step": 252, "val_acc": 84.97109985351562, "_wandb": {"runtime": 36}}