{"train_loss": 0.08687857738804332, "_timestamp": 1696975796.9045913, "_runtime": 22.1983323097229, "_step": 143, "val_acc": 84.97109985351562, "_wandb": {"runtime": 21}}