{"train_loss": 0.036456610536376055, "_timestamp": 1697106346.6392076, "_runtime": 31.418208599090576, "_step": 257, "val_acc": 85.54913330078125, "_wandb": {"runtime": 31}}