{"train_loss": 0.05594578734057587, "_timestamp": 1696981669.8845847, "_runtime": 25.99133563041687, "_step": 173, "val_acc": 85.54913330078125, "_wandb": {"runtime": 25}}