{"train_loss": 0.1468452572725107, "_timestamp": 1697123698.1963243, "_runtime": 33.05611228942871, "_step": 230, "val_acc": 83.81502532958984, "_wandb": {"runtime": 32}}