{"train_loss": 0.04396301235862856, "_timestamp": 1697036373.5078375, "_runtime": 33.16900444030762, "_step": 270, "val_acc": 87.28323364257812, "_wandb": {"runtime": 32}}