{"train_loss": 0.07698113083850246, "_timestamp": 1697093311.7790983, "_runtime": 30.654046297073364, "_step": 212, "val_acc": 81.50289154052734, "_wandb": {"runtime": 30}}