{"train_loss": 3.4106185664964275, "_timestamp": 1696834999.9832764, "_runtime": 590.2763214111328, "_step": 9, "_wandb": {"runtime": 602}}