{"train_loss": 0.25713425372229065, "_timestamp": 1697022423.6033404, "_runtime": 7.471543312072754, "_step": 32, "val_acc": 88.4393081665039, "_wandb": {"runtime": 7}}