{"train_loss": 0.09064077836093168, "_timestamp": 1696978932.039307, "_runtime": 14.75826907157898, "_step": 99, "val_acc": 87.86127471923828, "_wandb": {"runtime": 14}}