{"train_loss": 0.031800180945686214, "_timestamp": 1697089805.9218855, "_runtime": 26.15593957901001, "_step": 206, "val_acc": 88.4393081665039, "_wandb": {"runtime": 25}}