{"train_loss": 0.13186591153228006, "_timestamp": 1697107611.0402436, "_runtime": 10.38498568534851, "_step": 57, "val_acc": 82.08092498779297, "_wandb": {"runtime": 10}}