{"train_loss": 0.15268914165451777, "_timestamp": 1697042307.0598133, "_runtime": 13.704996347427368, "_step": 75, "val_acc": 83.81502532958984, "_wandb": {"runtime": 13}}