{"train_loss": 0.215490615536827, "_timestamp": 1697120178.4323084, "_runtime": 14.39758038520813, "_step": 80, "val_acc": 84.39306640625, "_wandb": {"runtime": 13}}