{"train_loss": 0.13854837963400884, "_timestamp": 1697044310.2282736, "_runtime": 9.440692663192749, "_step": 48, "val_acc": 83.81502532958984, "_wandb": {"runtime": 9}}