{"train_loss": 0.14214959671331007, "_timestamp": 1697092447.5983384, "_runtime": 12.473979473114014, "_step": 78, "val_acc": 87.28323364257812, "_wandb": {"runtime": 12}}