{"train_loss": 0.1240479963030233, "_timestamp": 1697007716.97561, "_runtime": 11.296020030975342, "_step": 57, "val_acc": 86.12716674804688, "_wandb": {"runtime": 10}}