{"train_loss": 0.06718922488737938, "_timestamp": 1697025802.5772252, "_runtime": 30.84230613708496, "_step": 210, "val_acc": 87.28323364257812, "_wandb": {"runtime": 30}}