{"train_loss": 0.10995310882842818, "_timestamp": 1697047863.029566, "_runtime": 11.139398097991943, "_step": 65, "val_acc": 86.7052001953125, "_wandb": {"runtime": 10}}