{"train_loss": 0.18197708697123235, "_timestamp": 1697078989.0568032, "_runtime": 11.716329336166382, "_step": 71, "val_acc": 83.81502532958984, "_wandb": {"runtime": 11}}