{"train_loss": 0.02310194064075192, "_timestamp": 1697050811.1458156, "_runtime": 30.36697554588318, "_step": 243, "val_acc": 84.39306640625, "_wandb": {"runtime": 29}}