{"train_loss": 0.05626939059516718, "_timestamp": 1697102180.1696348, "_runtime": 18.616028785705566, "_step": 135, "val_acc": 85.54913330078125, "_wandb": {"runtime": 18}}