{"train_loss": NaN, "_timestamp": 1696878645.880245, "_runtime": 797.8248419761658, "_step": 9, "_wandb": {"runtime": 816}}