{"train_loss": 3.4388358922198763, "_timestamp": 1696835926.2954264, "_runtime": 297.0821022987366, "_step": 4, "_wandb": {"runtime": 296}}