{"train_loss": 0.27089975806776173, "_timestamp": 1696977512.4592009, "_runtime": 11.489181756973267, "_step": 59, "val_acc": 84.39306640625, "_wandb": {"runtime": 11}}