{"train_loss": 0.07290933870298918, "_timestamp": 1696975976.7880027, "_runtime": 21.208048820495605, "_step": 159, "val_acc": 86.7052001953125, "_wandb": {"runtime": 20}}