{"train_loss": 0.09932930227964683, "_timestamp": 1697106044.5876956, "_runtime": 38.23346447944641, "_step": 272, "val_acc": 87.28323364257812, "_wandb": {"runtime": 37}}