{"train_loss": 0.07819744390110638, "_timestamp": 1696974470.2612743, "_runtime": 17.917763233184814, "_step": 129, "val_acc": 84.39306640625, "_wandb": {"runtime": 17}}