{"train_loss": 0.14106418911454288, "_timestamp": 1697037646.2758768, "_runtime": 12.069653749465942, "_step": 74, "val_acc": 85.54913330078125, "_wandb": {"runtime": 11}}