{"train_loss": 0.04936725230411042, "_timestamp": 1697024055.9188075, "_runtime": 20.810138463974, "_step": 155, "val_acc": 84.97109985351562, "_wandb": {"runtime": 20}}