{"train_loss": 0.12081061026384664, "_timestamp": 1697111976.9992332, "_runtime": 13.119664192199707, "_step": 83, "val_acc": 87.28323364257812, "_wandb": {"runtime": 12}}