{"train_loss": 0.11472485358501937, "_timestamp": 1697029073.7212029, "_runtime": 20.249648809432983, "_step": 129, "val_acc": 85.54913330078125, "_wandb": {"runtime": 19}}