{"train_loss": 0.19429169582246347, "_timestamp": 1696983735.757218, "_runtime": 11.026449918746948, "_step": 54, "val_acc": 83.23699188232422, "_wandb": {"runtime": 10}}