{"train_loss": 0.08483160684036828, "_timestamp": 1697051438.3005438, "_runtime": 26.602887868881226, "_step": 176, "val_acc": 86.12716674804688, "_wandb": {"runtime": 26}}