{"train_loss": 0.05872720074948183, "_timestamp": 1697066153.611944, "_runtime": 38.55911898612976, "_step": 267, "val_acc": 89.59537506103516, "_wandb": {"runtime": 38}}