{"train_loss": 0.14273191234746643, "_timestamp": 1697015796.726112, "_runtime": 10.557904958724976, "_step": 60, "val_acc": 89.01734161376953, "_wandb": {"runtime": 10}}