{"train_loss": 0.09189654373412215, "_timestamp": 1697017911.0208547, "_runtime": 22.0678927898407, "_step": 168, "val_acc": 86.7052001953125, "_wandb": {"runtime": 21}}