{"train_loss": 2.156799968168663, "_timestamp": 1696920499.8664367, "_runtime": 586.9959998130798, "_step": 14, "val_acc": 0.3352601230144501, "_wandb": {"runtime": 587}}