{"train_loss": 0.1458483191943446, "_timestamp": 1697103107.9705045, "_runtime": 11.517343521118164, "_step": 69, "val_acc": 85.54913330078125, "_wandb": {"runtime": 11}}