{"train_loss": 0.14732727084612085, "_timestamp": 1697045652.0465217, "_runtime": 15.649472713470459, "_step": 92, "val_acc": 83.81502532958984, "_wandb": {"runtime": 15}}