{"train_loss": 0.036311275777840164, "_timestamp": 1697125464.9438796, "_runtime": 27.080699682235718, "_step": 212, "val_acc": 87.86127471923828, "_wandb": {"runtime": 26}}