{"train_loss": 0.24845551907323127, "_timestamp": 1697115028.5886528, "_runtime": 7.8784708976745605, "_step": 35, "val_acc": 87.86127471923828, "_wandb": {"runtime": 7}}