{"train_loss": 0.07933880143316982, "_timestamp": 1697087089.2646463, "_runtime": 37.833778381347656, "_step": 266, "val_acc": 86.7052001953125, "_wandb": {"runtime": 37}}