{"train_loss": 0.12831119568152136, "_timestamp": 1697103732.4890287, "_runtime": 10.583632707595825, "_step": 60, "val_acc": 83.81502532958984, "_wandb": {"runtime": 10}}