{"train_loss": 0.13652846602679686, "_timestamp": 1697020906.5409033, "_runtime": 10.687073230743408, "_step": 62, "val_acc": 84.97109985351562, "_wandb": {"runtime": 10}}