{"train_loss": 0.09693786887814788, "_timestamp": 1697092795.3260436, "_runtime": 30.375510692596436, "_step": 209, "val_acc": 84.39306640625, "_wandb": {"runtime": 30}}