{"train_loss": 0.09020978625089493, "_timestamp": 1697118307.5213726, "_runtime": 35.82308650016785, "_step": 254, "val_acc": 83.23699188232422, "_wandb": {"runtime": 35}}