{"train_loss": 0.04157944854185104, "_timestamp": 1696999972.61043, "_runtime": 37.65398907661438, "_step": 258, "val_acc": 85.54913330078125, "_wandb": {"runtime": 37}}