{"train_loss": 0.031920465294185074, "_timestamp": 1697052190.726215, "_runtime": 30.0869619846344, "_step": 242, "val_acc": 86.12716674804688, "_wandb": {"runtime": 29}}