{"train_loss": 0.25289301530912867, "_timestamp": 1696984650.1918092, "_runtime": 9.408287286758423, "_step": 39, "val_acc": 84.39306640625, "_wandb": {"runtime": 9}}