{"train_loss": 0.23582333594907162, "_timestamp": 1697109901.237329, "_runtime": 7.996725082397461, "_step": 36, "val_acc": 83.23699188232422, "_wandb": {"runtime": 7}}