{"train_loss": 0.07656714873290946, "_timestamp": 1697072431.5931768, "_runtime": 28.183871746063232, "_step": 189, "val_acc": 83.23699188232422, "_wandb": {"runtime": 27}}