{"train_loss": 0.10519108836549919, "_timestamp": 1697038074.3644743, "_runtime": 18.50459623336792, "_step": 113, "val_acc": 80.34681701660156, "_wandb": {"runtime": 18}}