{"train_loss": 0.1007893647955254, "_timestamp": 1697078175.9259777, "_runtime": 15.840206623077393, "_step": 93, "val_acc": 85.54913330078125, "_wandb": {"runtime": 15}}