{"train_loss": 0.09134411376760189, "_timestamp": 1697113528.1611352, "_runtime": 26.01735210418701, "_step": 173, "val_acc": 82.08092498779297, "_wandb": {"runtime": 25}}