{"train_loss": 0.038171975285919424, "_timestamp": 1697084707.4742203, "_runtime": 32.14334535598755, "_step": 261, "val_acc": 85.54913330078125, "_wandb": {"runtime": 31}}