{"train_loss": 0.0846537968650092, "_timestamp": 1697118418.3971124, "_runtime": 33.19067025184631, "_step": 228, "val_acc": 86.7052001953125, "_wandb": {"runtime": 32}}