{"train_loss": 0.03137819659029848, "_timestamp": 1697000063.6330814, "_runtime": 19.33953046798706, "_step": 140, "val_acc": 86.12716674804688, "_wandb": {"runtime": 18}}