{"train_loss": 0.18222396595533505, "_timestamp": 1697124676.8402486, "_runtime": 8.330444574356079, "_step": 38, "val_acc": 84.39306640625, "_wandb": {"runtime": 7}}