{"train_loss": 0.13264701030011353, "_timestamp": 1697026924.6826077, "_runtime": 30.732902765274048, "_step": 209, "val_acc": 86.12716674804688, "_wandb": {"runtime": 30}}