{"train_loss": 0.021353375487473555, "_timestamp": 1697098060.9230306, "_runtime": 31.35121464729309, "_step": 255, "val_acc": 87.28323364257812, "_wandb": {"runtime": 30}}