{"train_loss": 0.3011986115990683, "_timestamp": 1697052859.7095437, "_runtime": 7.349440813064575, "_step": 29, "val_acc": 83.23699188232422, "_wandb": {"runtime": 6}}