{"train_loss": 0.02652392281370974, "_timestamp": 1697010844.0148864, "_runtime": 28.911484479904175, "_step": 231, "val_acc": 84.97109985351562, "_wandb": {"runtime": 28}}