{"train_loss": 0.039233056720086305, "_timestamp": 1697129028.8941424, "_runtime": 21.82790446281433, "_step": 164, "val_acc": 87.86127471923828, "_wandb": {"runtime": 21}}