{"train_loss": 0.09648988044246772, "_timestamp": 1697101541.505785, "_runtime": 40.82745695114136, "_step": 290, "val_acc": 82.6589584350586, "_wandb": {"runtime": 40}}