{"train_loss": 0.12132970061759617, "_timestamp": 1696989601.66647, "_runtime": 20.768110036849976, "_step": 150, "val_acc": 85.54913330078125, "_wandb": {"runtime": 20}}