{"train_loss": 0.04812863994684872, "_timestamp": 1697106527.3223534, "_runtime": 40.7173912525177, "_step": 288, "val_acc": 89.01734161376953, "_wandb": {"runtime": 40}}