{"train_loss": 0.04593130607201263, "_timestamp": 1697067322.3536696, "_runtime": 27.589584589004517, "_step": 216, "val_acc": 86.7052001953125, "_wandb": {"runtime": 27}}