{"train_loss": 0.08220497816313752, "_timestamp": 1697001244.3585806, "_runtime": 33.72094655036926, "_step": 234, "val_acc": 84.39306640625, "_wandb": {"runtime": 33}}