{"train_loss": 0.141622930537736, "_timestamp": 1697027826.2075918, "_runtime": 19.264586687088013, "_step": 119, "val_acc": 81.50289154052734, "_wandb": {"runtime": 18}}