{"train_loss": 0.020903653314954408, "_timestamp": 1697115161.3232656, "_runtime": 26.264649629592896, "_step": 207, "val_acc": 87.28323364257812, "_wandb": {"runtime": 25}}