{"train_loss": 0.049229688684220514, "_timestamp": 1696974123.0778265, "_runtime": 40.81252956390381, "_step": 285, "val_acc": 86.7052001953125, "_wandb": {"runtime": 40}}