{"train_loss": 0.08836594638604195, "_timestamp": 1697014164.532873, "_runtime": 26.97882080078125, "_step": 177, "val_acc": 86.12716674804688, "_wandb": {"runtime": 26}}