{"train_loss": 3.431406815038171, "_timestamp": 1696888783.75214, "_runtime": 895.6056830883026, "_step": 14, "_wandb": {"runtime": 895}}