{"train_loss": 0.2296600084870967, "_timestamp": 1696983292.6034784, "_runtime": 17.145935535430908, "_step": 101, "val_acc": 88.4393081665039, "_wandb": {"runtime": 16}}