{"train_loss": 0.1603509767284227, "_timestamp": 1697116447.8394482, "_runtime": 16.096867322921753, "_step": 93, "val_acc": 82.08092498779297, "_wandb": {"runtime": 15}}