{"train_loss": 0.09273633981924938, "_timestamp": 1697105684.3511176, "_runtime": 21.26931071281433, "_step": 126, "val_acc": 88.4393081665039, "_wandb": {"runtime": 20}}