{"train_loss": 0.21015245025587637, "_timestamp": 1697120787.7138042, "_runtime": 13.595582246780396, "_step": 75, "val_acc": 81.50289154052734, "_wandb": {"runtime": 13}}