{"train_loss": 0.15308594331145287, "_timestamp": 1697123829.2917461, "_runtime": 9.448452234268188, "_step": 50, "val_acc": 87.28323364257812, "_wandb": {"runtime": 9}}