{"train_loss": 0.08174311511657135, "_timestamp": 1696987735.9533992, "_runtime": 33.69482707977295, "_step": 225, "val_acc": 83.23699188232422, "_wandb": {"runtime": 33}}