{"train_loss": 0.06873751526730958, "_timestamp": 1697086878.6036468, "_runtime": 18.48832082748413, "_step": 135, "val_acc": 84.39306640625, "_wandb": {"runtime": 18}}