{"train_loss": 0.034887558585005744, "_timestamp": 1696994618.1385875, "_runtime": 31.256685495376587, "_step": 248, "val_acc": 86.12716674804688, "_wandb": {"runtime": 30}}