{"train_loss": 0.04844298117880731, "_timestamp": 1697036863.662632, "_runtime": 23.46277689933777, "_step": 183, "val_acc": 87.86127471923828, "_wandb": {"runtime": 23}}