{"train_loss": 0.10605407883358989, "_timestamp": 1697107348.330565, "_runtime": 31.70374298095703, "_step": 215, "val_acc": 82.08092498779297, "_wandb": {"runtime": 31}}