{"train_loss": 0.02347219144914646, "_timestamp": 1696973741.8363235, "_runtime": 35.19916558265686, "_step": 290, "val_acc": 85.54913330078125, "_wandb": {"runtime": 34}}