{"train_loss": 0.04065894220988158, "_timestamp": 1697041694.9671493, "_runtime": 21.413878202438354, "_step": 161, "val_acc": 87.28323364257812, "_wandb": {"runtime": 20}}