{"train_loss": 0.08052412651176023, "_timestamp": 1697087502.329939, "_runtime": 14.042061805725098, "_step": 92, "val_acc": 83.81502532958984, "_wandb": {"runtime": 13}}