{"train_loss": 0.14534135322563005, "_timestamp": 1697061213.185429, "_runtime": 20.42864418029785, "_step": 131, "val_acc": 87.28323364257812, "_wandb": {"runtime": 20}}