{"train_loss": 0.023177965783086323, "_timestamp": 1697110337.5578823, "_runtime": 34.70158123970032, "_step": 285, "val_acc": 89.01734161376953, "_wandb": {"runtime": 34}}