{"train_loss": 0.036011809954246465, "_timestamp": 1696976400.2873802, "_runtime": 39.81228017807007, "_step": 281, "val_acc": 89.01734161376953, "_wandb": {"runtime": 39}}