{"train_loss": 0.033377621466358906, "_timestamp": 1697125375.352714, "_runtime": 35.14401698112488, "_step": 291, "val_acc": 87.28323364257812, "_wandb": {"runtime": 34}}