{"train_loss": 0.04920821774989193, "_timestamp": 1697087908.0786269, "_runtime": 32.7019248008728, "_step": 227, "val_acc": 83.81502532958984, "_wandb": {"runtime": 32}}