{"train_loss": 0.06888172955815355, "_timestamp": 1697040127.4059172, "_runtime": 17.999510049819946, "_step": 128, "val_acc": 87.28323364257812, "_wandb": {"runtime": 17}}