{"train_loss": 0.19471418996189915, "_timestamp": 1697107305.0823143, "_runtime": 19.5008602142334, "_step": 141, "val_acc": 86.12716674804688, "_wandb": {"runtime": 19}}