{"train_loss": 0.13995955463195608, "_timestamp": 1696976348.089092, "_runtime": 18.805964946746826, "_step": 117, "val_acc": 82.6589584350586, "_wandb": {"runtime": 18}}