{"train_loss": 0.185233666106712, "_timestamp": 1697085276.3885083, "_runtime": 8.557213306427002, "_step": 41, "val_acc": 83.81502532958984, "_wandb": {"runtime": 8}}