{"train_loss": 0.028372915580782088, "_timestamp": 1697075991.8114972, "_runtime": 31.996507167816162, "_step": 260, "val_acc": 86.12716674804688, "_wandb": {"runtime": 31}}