{"train_loss": 0.10758114159973554, "_timestamp": 1697058330.8647463, "_runtime": 11.17602825164795, "_step": 65, "val_acc": 87.86127471923828, "_wandb": {"runtime": 10}}