{"train_loss": 0.07866359656801188, "_timestamp": 1697098333.2662363, "_runtime": 40.62373232841492, "_step": 291, "val_acc": 86.7052001953125, "_wandb": {"runtime": 40}}