{"train_loss": 0.039637007988816086, "_timestamp": 1697083708.5802994, "_runtime": 29.91088032722473, "_step": 242, "val_acc": 84.39306640625, "_wandb": {"runtime": 29}}