{"train_loss": 0.05135629005286149, "_timestamp": 1697095311.4755661, "_runtime": 24.556023120880127, "_step": 191, "val_acc": 85.54913330078125, "_wandb": {"runtime": 24}}