{"train_loss": 0.03777621654782791, "_timestamp": 1697048825.7501142, "_runtime": 28.8649582862854, "_step": 228, "val_acc": 86.12716674804688, "_wandb": {"runtime": 28}}