{"train_loss": 0.1205811487662411, "_timestamp": 1697037517.3463278, "_runtime": 21.995402812957764, "_step": 141, "val_acc": 86.7052001953125, "_wandb": {"runtime": 21}}