{"train_loss": 0.037536025185376236, "_timestamp": 1697118057.1607537, "_runtime": 23.90007972717285, "_step": 185, "val_acc": 86.12716674804688, "_wandb": {"runtime": 23}}