{"train_loss": 0.11494771096595498, "_timestamp": 1697026379.4858518, "_runtime": 23.15676784515381, "_step": 177, "val_acc": 86.12716674804688, "_wandb": {"runtime": 22}}