{"train_loss": 0.24986783354434855, "_timestamp": 1697103863.3587348, "_runtime": 10.998332738876343, "_step": 54, "val_acc": 82.6589584350586, "_wandb": {"runtime": 10}}