{"train_loss": 0.20102794874502822, "_timestamp": 1697062724.5566487, "_runtime": 16.01034379005432, "_step": 92, "val_acc": 84.97109985351562, "_wandb": {"runtime": 15}}