{"train_loss": 0.025276959538026604, "_timestamp": 1697033865.1474917, "_runtime": 35.37156081199646, "_step": 291, "val_acc": 85.54913330078125, "_wandb": {"runtime": 34}}