{"train_loss": 0.11646488031134182, "_timestamp": 1697115390.9963076, "_runtime": 18.77160668373108, "_step": 116, "val_acc": 85.54913330078125, "_wandb": {"runtime": 18}}