{"train_loss": 0.02779143067620976, "_timestamp": 1697067869.7644782, "_runtime": 35.024980306625366, "_step": 285, "val_acc": 83.81502532958984, "_wandb": {"runtime": 34}}