{"train_loss": 0.03244090579493448, "_timestamp": 1697117049.078462, "_runtime": 26.32231092453003, "_step": 207, "val_acc": 88.4393081665039, "_wandb": {"runtime": 25}}