{"train_loss": 0.27296629652034404, "_timestamp": 1697049965.0955899, "_runtime": 7.785330772399902, "_step": 33, "val_acc": 84.97109985351562, "_wandb": {"runtime": 7}}