{"train_loss": 0.1095546041507014, "_timestamp": 1697018389.593164, "_runtime": 12.812356948852539, "_step": 80, "val_acc": 85.54913330078125, "_wandb": {"runtime": 12}}