{"train_loss": 0.028137368734839352, "_timestamp": 1697077645.9040174, "_runtime": 32.81136655807495, "_step": 221, "val_acc": 86.7052001953125, "_wandb": {"runtime": 31}}