{"train_loss": 0.16832327450149107, "_timestamp": 1697003911.7143803, "_runtime": 11.450029373168945, "_step": 56, "val_acc": 82.08092498779297, "_wandb": {"runtime": 11}}