{"train_loss": 0.027407350985138395, "_timestamp": 1696975462.6581302, "_runtime": 27.933581113815308, "_step": 221, "val_acc": 86.7052001953125, "_wandb": {"runtime": 27}}