{"train_loss": 0.0915802541719533, "_timestamp": 1697068322.0089839, "_runtime": 15.610323905944824, "_step": 90, "val_acc": 86.7052001953125, "_wandb": {"runtime": 15}}