{"train_loss": 0.12971381485722092, "_timestamp": 1697086626.6004126, "_runtime": 18.861117601394653, "_step": 117, "val_acc": 84.97109985351562, "_wandb": {"runtime": 18}}