{"train_loss": 0.1497494562117513, "_timestamp": 1697051402.50557, "_runtime": 16.90243697166443, "_step": 101, "val_acc": 86.7052001953125, "_wandb": {"runtime": 16}}