{"train_loss": 0.22782624504788843, "_timestamp": 1697015095.06044, "_runtime": 14.494564056396484, "_step": 80, "val_acc": 84.39306640625, "_wandb": {"runtime": 14}}