{"train_loss": 0.07600485832365446, "_timestamp": 1697054803.9524255, "_runtime": 40.98542642593384, "_step": 284, "val_acc": 84.97109985351562, "_wandb": {"runtime": 40}}