{"train_loss": 0.0789186368089949, "_timestamp": 1697019987.2073677, "_runtime": 20.741812705993652, "_step": 131, "val_acc": 85.54913330078125, "_wandb": {"runtime": 20}}