{"train_loss": 0.159557212880531, "_timestamp": 1697111300.401663, "_runtime": 10.104038953781128, "_step": 56, "val_acc": 84.97109985351562, "_wandb": {"runtime": 9}}