{"train_loss": 0.17820836844052687, "_timestamp": 1697084928.1230757, "_runtime": 11.214162826538086, "_step": 56, "val_acc": 84.97109985351562, "_wandb": {"runtime": 10}}