{"train_loss": 0.1462421261321017, "_timestamp": 1697108528.8436828, "_runtime": 19.425471782684326, "_step": 120, "val_acc": 85.54913330078125, "_wandb": {"runtime": 19}}