{"train_loss": 0.05812508663870557, "_timestamp": 1697004234.7986736, "_runtime": 30.796507596969604, "_step": 209, "val_acc": 86.12716674804688, "_wandb": {"runtime": 30}}