{"train_loss": 0.21214805448124574, "_timestamp": 1697058632.169191, "_runtime": 9.106961965560913, "_step": 38, "val_acc": 82.6589584350586, "_wandb": {"runtime": 7}}