{"train_loss": 0.09460544967374136, "_timestamp": 1697110809.8573217, "_runtime": 35.43509483337402, "_step": 248, "val_acc": 86.7052001953125, "_wandb": {"runtime": 35}}