{"train_loss": 0.048087234435559706, "_timestamp": 1697059661.7761054, "_runtime": 21.31330442428589, "_step": 159, "val_acc": 87.86127471923828, "_wandb": {"runtime": 20}}