{"train_loss": 0.2383838878121487, "_timestamp": 1696999334.4142952, "_runtime": 8.877209186553955, "_step": 38, "val_acc": 87.28323364257812, "_wandb": {"runtime": 8}}