{"train_loss": 0.036027817065058663, "_timestamp": 1697017960.5522, "_runtime": 40.82623219490051, "_step": 293, "val_acc": 88.4393081665039, "_wandb": {"runtime": 40}}