{"train_loss": 0.08884313115498138, "_timestamp": 1697111519.8571823, "_runtime": 27.17305326461792, "_step": 182, "val_acc": 82.08092498779297, "_wandb": {"runtime": 26}}