{"train_loss": 0.09267060201463484, "_timestamp": 1697107774.5800571, "_runtime": 13.855932235717773, "_step": 90, "val_acc": 87.28323364257812, "_wandb": {"runtime": 13}}