{"train_loss": 0.0346653847521994, "_timestamp": 1696989359.9805257, "_runtime": 36.59949779510498, "_step": 288, "val_acc": 85.54913330078125, "_wandb": {"runtime": 35}}