{"train_loss": 0.07709328897113284, "_timestamp": 1697014220.437377, "_runtime": 16.087522983551025, "_step": 111, "val_acc": 86.12716674804688, "_wandb": {"runtime": 15}}