{"train_loss": 0.0979881445690448, "_timestamp": 1697006760.0458362, "_runtime": 31.951240301132202, "_step": 215, "val_acc": 85.54913330078125, "_wandb": {"runtime": 31}}