{"train_loss": 0.1348641441246971, "_timestamp": 1697057146.1451962, "_runtime": 39.19717311859131, "_step": 260, "val_acc": 87.86127471923828, "_wandb": {"runtime": 36}}