{"train_loss": 0.07882558725514384, "_timestamp": 1697080420.7491126, "_runtime": 12.986763715744019, "_step": 83, "val_acc": 87.28323364257812, "_wandb": {"runtime": 12}}