{"train_loss": 0.0648153779817052, "_timestamp": 1697071617.1286185, "_runtime": 28.83375358581543, "_step": 194, "val_acc": 84.97109985351562, "_wandb": {"runtime": 28}}