{"train_loss": 0.08120397454348317, "_timestamp": 1697049248.1877873, "_runtime": 40.3853223323822, "_step": 282, "val_acc": 84.97109985351562, "_wandb": {"runtime": 40}}