{"train_loss": 0.1453711273971685, "_timestamp": 1697003591.9127738, "_runtime": 16.465122938156128, "_step": 96, "val_acc": 84.97109985351562, "_wandb": {"runtime": 16}}