{"train_loss": 0.08658191394927196, "_timestamp": 1697087730.2907922, "_runtime": 14.604414224624634, "_step": 98, "val_acc": 85.54913330078125, "_wandb": {"runtime": 14}}