{"train_loss": 3.433099651059439, "_timestamp": 1696880391.6587894, "_runtime": 432.98623847961426, "_step": 4, "_wandb": {"runtime": 432}}