{"train_loss": 0.0611934955549957, "_timestamp": 1696997116.4553, "_runtime": 41.083638191223145, "_step": 282, "val_acc": 84.97109985351562, "_wandb": {"runtime": 40}}