{"train_loss": 0.05787137370870644, "_timestamp": 1697034870.2737534, "_runtime": 26.547200441360474, "_step": 207, "val_acc": 87.86127471923828, "_wandb": {"runtime": 26}}