{"train_loss": 0.06367961480011514, "_timestamp": 1696989864.2003355, "_runtime": 20.360726594924927, "_step": 146, "val_acc": 87.28323364257812, "_wandb": {"runtime": 19}}