{"train_loss": 0.08967740991732193, "_timestamp": 1697118894.7918477, "_runtime": 34.29453659057617, "_step": 237, "val_acc": 86.7052001953125, "_wandb": {"runtime": 33}}