{"train_loss": 3.2952437113190807, "_timestamp": 1696912522.4104147, "_runtime": 293.08280658721924, "_step": 6, "val_acc": 0.04624277353286743, "_wandb": {"runtime": 292}}