{"train_loss": 0.13390635726919267, "_timestamp": 1697113149.1868355, "_runtime": 14.752381563186646, "_step": 84, "val_acc": 82.6589584350586, "_wandb": {"runtime": 14}}