{"train_loss": 0.04951610553164988, "_timestamp": 1697104161.123147, "_runtime": 18.742507934570312, "_step": 138, "val_acc": 82.08092498779297, "_wandb": {"runtime": 18}}