{"train_loss": 0.07482703941939182, "_timestamp": 1697040954.450331, "_runtime": 19.899630069732666, "_step": 125, "val_acc": 80.92485809326172, "_wandb": {"runtime": 19}}