{"train_loss": 0.03044072188826841, "_timestamp": 1697016215.1802495, "_runtime": 27.434028387069702, "_step": 216, "val_acc": 86.7052001953125, "_wandb": {"runtime": 27}}