{"train_loss": 0.06222330186472729, "_timestamp": 1697096202.7255957, "_runtime": 14.735033750534058, "_step": 99, "val_acc": 84.39306640625, "_wandb": {"runtime": 14}}