{"train_loss": 0.08195707570154999, "_timestamp": 1697029495.4058404, "_runtime": 14.058595418930054, "_step": 93, "val_acc": 89.01734161376953, "_wandb": {"runtime": 13}}