{"train_loss": 0.04021125758705704, "_timestamp": 1696995224.330981, "_runtime": 25.400357007980347, "_step": 192, "val_acc": 87.28323364257812, "_wandb": {"runtime": 25}}