{"train_loss": 0.04401944944266836, "_timestamp": 1696997563.3488874, "_runtime": 23.872740507125854, "_step": 155, "val_acc": 84.97109985351562, "_wandb": {"runtime": 23}}