{"train_loss": 0.06827309138553087, "_timestamp": 1697063237.714981, "_runtime": 13.735753059387207, "_step": 89, "val_acc": 83.81502532958984, "_wandb": {"runtime": 13}}