{"train_loss": 0.022046783072657363, "_timestamp": 1696986149.658096, "_runtime": 29.330084085464478, "_step": 228, "val_acc": 86.7052001953125, "_wandb": {"runtime": 28}}