{"train_loss": 0.08236614135933261, "_timestamp": 1697061687.9459505, "_runtime": 21.476418495178223, "_step": 138, "val_acc": 87.86127471923828, "_wandb": {"runtime": 21}}