{"train_loss": 0.03628082326369707, "_timestamp": 1697099700.1056113, "_runtime": 41.33346343040466, "_step": 296, "val_acc": 84.39306640625, "_wandb": {"runtime": 40}}