{"train_loss": 0.045592452345286, "_timestamp": 1697075371.2058885, "_runtime": 27.548152446746826, "_step": 186, "val_acc": 86.7052001953125, "_wandb": {"runtime": 27}}