{"train_loss": 0.03588098963874197, "_timestamp": 1697018425.4503458, "_runtime": 27.929125785827637, "_step": 219, "val_acc": 86.7052001953125, "_wandb": {"runtime": 27}}