{"train_loss": 3.2944340951914013, "_timestamp": 1696827116.7855122, "_runtime": 588.5510501861572, "_step": 9, "_wandb": {"runtime": 600}}