{"train_loss": 0.03917273556946257, "_timestamp": 1696975189.8078024, "_runtime": 34.34170150756836, "_step": 281, "val_acc": 86.7052001953125, "_wandb": {"runtime": 33}}