{"train_loss": 0.07796341415527168, "_timestamp": 1697052907.4277055, "_runtime": 39.2569534778595, "_step": 275, "val_acc": 82.08092498779297, "_wandb": {"runtime": 38}}