{"train_loss": 0.027755984735301543, "_timestamp": 1696975266.2487142, "_runtime": 28.01274609565735, "_step": 222, "val_acc": 84.39306640625, "_wandb": {"runtime": 27}}