{"train_loss": 0.23721564799373926, "_timestamp": 1697118829.5464764, "_runtime": 15.811427354812622, "_step": 93, "val_acc": 83.81502532958984, "_wandb": {"runtime": 15}}