{"train_loss": 0.3072962804242622, "_timestamp": 1697018006.7864583, "_runtime": 9.695831298828125, "_step": 42, "val_acc": 82.08092498779297, "_wandb": {"runtime": 9}}