{"train_loss": 0.0428187067073575, "_timestamp": 1697069257.3591661, "_runtime": 33.36513924598694, "_step": 231, "val_acc": 83.23699188232422, "_wandb": {"runtime": 32}}