{"train_loss": 0.8036612574643768, "_timestamp": 1696961536.6944644, "_runtime": 868.3286464214325, "_step": 21, "val_acc": 0.6358381509780884, "_wandb": {"runtime": 867}}