{"train_loss": 0.06632735486802926, "_timestamp": 1697060082.2874115, "_runtime": 24.811687469482422, "_step": 164, "val_acc": 86.12716674804688, "_wandb": {"runtime": 24}}