{"train_loss": 0.03066583006334123, "_timestamp": 1696991297.2812154, "_runtime": 41.60129952430725, "_step": 287, "val_acc": 83.81502532958984, "_wandb": {"runtime": 41}}