{"train_loss": 0.14897425555039284, "_timestamp": 1697126332.5792816, "_runtime": 9.780132532119751, "_step": 51, "val_acc": 84.39306640625, "_wandb": {"runtime": 9}}