{"train_loss": 0.2983631476066833, "_timestamp": 1696998485.9850354, "_runtime": 7.651477336883545, "_step": 33, "val_acc": 80.92485809326172, "_wandb": {"runtime": 7}}