{"train_loss": 0.030959074860601146, "_timestamp": 1697114627.7810314, "_runtime": 37.02157926559448, "_step": 258, "val_acc": 84.97109985351562, "_wandb": {"runtime": 36}}