{"train_loss": 0.021312786249963696, "_timestamp": 1696972082.9432757, "_runtime": 40.38234877586365, "_step": 249, "val_acc": 86.7052001953125, "_wandb": {"runtime": 39}}