{"train_loss": 0.1893571675863377, "_timestamp": 1697067568.0471995, "_runtime": 9.497459411621094, "_step": 42, "val_acc": 86.7052001953125, "_wandb": {"runtime": 9}}