{"train_loss": 0.05970955386671216, "_timestamp": 1697110145.5325975, "_runtime": 18.209062576293945, "_step": 131, "val_acc": 84.39306640625, "_wandb": {"runtime": 17}}