{"train_loss": 0.1722084558244015, "_timestamp": 1696998778.4455714, "_runtime": 21.34692144393921, "_step": 134, "val_acc": 83.81502532958984, "_wandb": {"runtime": 20}}