{"train_loss": 0.06294846266026197, "_timestamp": 1696973877.984054, "_runtime": 22.13617205619812, "_step": 168, "val_acc": 84.39306640625, "_wandb": {"runtime": 21}}