{"train_loss": 0.2650504059829684, "_timestamp": 1697124731.7545655, "_runtime": 11.388628482818604, "_step": 57, "val_acc": 79.76878356933594, "_wandb": {"runtime": 10}}