{"train_loss": 0.06255640502650897, "_timestamp": 1697055158.3384, "_runtime": 28.68190097808838, "_step": 195, "val_acc": 84.97109985351562, "_wandb": {"runtime": 28}}