{"train_loss": 1.0955552464082035, "_timestamp": 1696893346.2490907, "_runtime": 890.2185127735138, "_step": 14, "_wandb": {"runtime": 889}}