{"train_loss": 0.23021552971629208, "_timestamp": 1696975230.181073, "_runtime": 12.796871900558472, "_step": 69, "val_acc": 84.97109985351562, "_wandb": {"runtime": 12}}