{"train_loss": 0.06764793504052524, "_timestamp": 1697042897.1588247, "_runtime": 41.59264278411865, "_step": 294, "val_acc": 81.50289154052734, "_wandb": {"runtime": 41}}