{"train_loss": 0.051935524378191184, "_timestamp": 1697034287.1104689, "_runtime": 34.91749978065491, "_step": 243, "val_acc": 87.28323364257812, "_wandb": {"runtime": 34}}