{"train_loss": 0.03955103936442716, "_timestamp": 1697123062.928027, "_runtime": 21.85218095779419, "_step": 158, "val_acc": 87.28323364257812, "_wandb": {"runtime": 21}}