{"train_loss": 0.05848643823586361, "_timestamp": 1697109692.8519452, "_runtime": 42.179190158843994, "_step": 299, "val_acc": 84.39306640625, "_wandb": {"runtime": 41}}