{"train_loss": 0.053767794180055, "_timestamp": 1697126696.0728803, "_runtime": 16.73158621788025, "_step": 119, "val_acc": 88.4393081665039, "_wandb": {"runtime": 16}}