{"train_loss": 0.2837119940235171, "_timestamp": 1696983511.7327535, "_runtime": 8.665992498397827, "_step": 36, "val_acc": 84.39306640625, "_wandb": {"runtime": 8}}