{"train_loss": 0.13506430498903704, "_timestamp": 1697093345.4938684, "_runtime": 23.353981256484985, "_step": 150, "val_acc": 83.81502532958984, "_wandb": {"runtime": 22}}