{"train_loss": 0.3095295354290757, "_timestamp": 1697029640.927745, "_runtime": 9.942171096801758, "_step": 47, "val_acc": 82.6589584350586, "_wandb": {"runtime": 9}}