{"train_loss": 0.05452958744582395, "_timestamp": 1697061347.051056, "_runtime": 20.824293851852417, "_step": 156, "val_acc": 82.08092498779297, "_wandb": {"runtime": 20}}