{"train_loss": 0.05025489433116258, "_timestamp": 1697021746.0126052, "_runtime": 25.940092086791992, "_step": 203, "val_acc": 87.86127471923828, "_wandb": {"runtime": 25}}