{"train_loss": 0.03629926529978294, "_timestamp": 1697071338.4263368, "_runtime": 34.09020781517029, "_step": 279, "val_acc": 84.97109985351562, "_wandb": {"runtime": 33}}