{"train_loss": 0.045280977392563766, "_timestamp": 1697014815.9345274, "_runtime": 39.008413314819336, "_step": 270, "val_acc": 86.12716674804688, "_wandb": {"runtime": 38}}