{"train_loss": 0.05590384951955097, "_timestamp": 1697126763.9079158, "_runtime": 21.896817922592163, "_step": 165, "val_acc": 87.86127471923828, "_wandb": {"runtime": 21}}