{"train_loss": 0.13623712177193442, "_timestamp": 1697126012.6800387, "_runtime": 10.71067476272583, "_step": 60, "val_acc": 87.86127471923828, "_wandb": {"runtime": 10}}