{"train_loss": 0.04155838163028103, "_timestamp": 1697092534.8574238, "_runtime": 22.052019834518433, "_step": 168, "val_acc": 83.23699188232422, "_wandb": {"runtime": 21}}