{"train_loss": 0.07126074695829736, "_timestamp": 1697100097.0152686, "_runtime": 16.220295667648315, "_step": 113, "val_acc": 87.86127471923828, "_wandb": {"runtime": 15}}