{"train_loss": 3.3112403438534845, "_timestamp": 1696837434.744573, "_runtime": 889.3535242080688, "_step": 14, "_wandb": {"runtime": 888}}