{"train_loss": 0.11893071685809382, "_timestamp": 1697037745.5862591, "_runtime": 27.427223205566406, "_step": 183, "val_acc": 82.6589584350586, "_wandb": {"runtime": 27}}