{"train_loss": 0.07813423865496419, "_timestamp": 1697030606.1182184, "_runtime": 17.024136304855347, "_step": 102, "val_acc": 80.92485809326172, "_wandb": {"runtime": 16}}