{"train_loss": 0.07794476920727987, "_timestamp": 1697129711.7760828, "_runtime": 22.82808566093445, "_step": 146, "val_acc": 83.81502532958984, "_wandb": {"runtime": 22}}