{"train_loss": 0.1625313000526106, "_timestamp": 1697030296.078313, "_runtime": 22.112712144851685, "_step": 140, "val_acc": 84.39306640625, "_wandb": {"runtime": 21}}