{"train_loss": 0.07148727614887405, "_timestamp": 1697117784.541877, "_runtime": 27.284065008163452, "_step": 218, "val_acc": 85.54913330078125, "_wandb": {"runtime": 26}}