{"train_loss": 0.1268675906169445, "_timestamp": 1697080931.6914604, "_runtime": 22.589396476745605, "_step": 144, "val_acc": 84.97109985351562, "_wandb": {"runtime": 22}}