{"train_loss": 0.11296701491918675, "_timestamp": 1697057615.4216044, "_runtime": 22.515977382659912, "_step": 146, "val_acc": 84.97109985351562, "_wandb": {"runtime": 22}}