{"train_loss": 0.036689931449621134, "_timestamp": 1697072252.2180283, "_runtime": 34.01293134689331, "_step": 240, "val_acc": 84.39306640625, "_wandb": {"runtime": 33}}