{"train_loss": 0.05962162369694344, "_timestamp": 1697000911.2405944, "_runtime": 31.999316453933716, "_step": 215, "val_acc": 84.39306640625, "_wandb": {"runtime": 31}}