{"train_loss": 0.053445715995960284, "_timestamp": 1697060241.122229, "_runtime": 29.192986011505127, "_step": 198, "val_acc": 84.97109985351562, "_wandb": {"runtime": 28}}