{"train_loss": 0.2019534431300451, "_timestamp": 1697063784.4330528, "_runtime": 15.9686758518219, "_step": 93, "val_acc": 87.28323364257812, "_wandb": {"runtime": 15}}