{"train_loss": 0.24143363881942836, "_timestamp": 1697050832.068983, "_runtime": 10.151173114776611, "_step": 45, "val_acc": 83.81502532958984, "_wandb": {"runtime": 9}}