{"train_loss": 0.07577793397615816, "_timestamp": 1697050685.9992952, "_runtime": 15.403576135635376, "_step": 104, "val_acc": 83.81502532958984, "_wandb": {"runtime": 14}}