{"train_loss": 0.06239157480317666, "_timestamp": 1697122368.5033665, "_runtime": 17.023844480514526, "_step": 116, "val_acc": 85.54913330078125, "_wandb": {"runtime": 16}}