{"train_loss": 0.171028992854232, "_timestamp": 1697078800.7789555, "_runtime": 8.661301374435425, "_step": 36, "val_acc": 83.81502532958984, "_wandb": {"runtime": 8}}