{"train_loss": 0.2702769172529495, "_timestamp": 1697053868.9607537, "_runtime": 10.166529655456543, "_step": 47, "val_acc": 85.54913330078125, "_wandb": {"runtime": 9}}