{"train_loss": 0.04914360205902783, "_timestamp": 1697029190.743058, "_runtime": 23.85882592201233, "_step": 183, "val_acc": 85.54913330078125, "_wandb": {"runtime": 23}}