{"train_loss": 0.09429967340601739, "_timestamp": 1697063440.6335187, "_runtime": 14.626397609710693, "_step": 75, "val_acc": 86.7052001953125, "_wandb": {"runtime": 14}}