{"train_loss": 0.03717381709125326, "_timestamp": 1696995680.677348, "_runtime": 27.677244901657104, "_step": 207, "val_acc": 85.54913330078125, "_wandb": {"runtime": 26}}