{"train_loss": 0.2692050386306851, "_timestamp": 1697039554.97063, "_runtime": 8.44798493385315, "_step": 39, "val_acc": 84.39306640625, "_wandb": {"runtime": 8}}