{"train_loss": 0.026896811994659, "_timestamp": 1697024304.682946, "_runtime": 32.76523494720459, "_step": 266, "val_acc": 86.7052001953125, "_wandb": {"runtime": 32}}