{"train_loss": 0.04995011906938216, "_timestamp": 1696990677.835778, "_runtime": 34.4521861076355, "_step": 231, "val_acc": 83.23699188232422, "_wandb": {"runtime": 34}}