{"train_loss": 0.03620276261705819, "_timestamp": 1697129645.1875358, "_runtime": 34.29364371299744, "_step": 281, "val_acc": 86.7052001953125, "_wandb": {"runtime": 33}}