{"train_loss": 0.10093949553231861, "_timestamp": 1697127135.2152977, "_runtime": 20.9400737285614, "_step": 156, "val_acc": 85.54913330078125, "_wandb": {"runtime": 20}}