{"train_loss": 0.473150736370752, "_timestamp": 1697015520.321397, "_runtime": 11.947586059570312, "_step": 74, "val_acc": 84.97109985351562, "_wandb": {"runtime": 11}}