{"train_loss": 0.06998725038368342, "_timestamp": 1697119314.6105065, "_runtime": 15.026650428771973, "_step": 101, "val_acc": 84.39306640625, "_wandb": {"runtime": 14}}