{"train_loss": 0.01986856843334038, "_timestamp": 1697005705.6722453, "_runtime": 35.577322244644165, "_step": 294, "val_acc": 86.7052001953125, "_wandb": {"runtime": 35}}