{"train_loss": 0.1980553262455519, "_timestamp": 1696996517.5089045, "_runtime": 10.142845392227173, "_step": 39, "val_acc": 83.81502532958984, "_wandb": {"runtime": 7}}