{"train_loss": 0.07683770087287696, "_timestamp": 1697057078.706932, "_runtime": 18.548532009124756, "_step": 134, "val_acc": 82.6589584350586, "_wandb": {"runtime": 18}}