{"train_loss": 0.041586756186429846, "_timestamp": 1697038594.1815434, "_runtime": 16.549288272857666, "_step": 116, "val_acc": 89.01734161376953, "_wandb": {"runtime": 16}}