{"train_loss": 0.15899606302467195, "_timestamp": 1697129892.0429149, "_runtime": 15.899991750717163, "_step": 90, "val_acc": 83.81502532958984, "_wandb": {"runtime": 15}}