{"train_loss": 0.10943021296610146, "_timestamp": 1697060747.628579, "_runtime": 25.282542943954468, "_step": 167, "val_acc": 80.92485809326172, "_wandb": {"runtime": 24}}