{"train_loss": 0.034792903171808914, "_timestamp": 1697062062.4344184, "_runtime": 24.769067525863647, "_step": 191, "val_acc": 84.39306640625, "_wandb": {"runtime": 24}}