{"train_loss": 0.15121558113673397, "_timestamp": 1697024691.2146776, "_runtime": 21.10391664505005, "_step": 134, "val_acc": 84.39306640625, "_wandb": {"runtime": 20}}