{"train_loss": 3.4382908881403678, "_timestamp": 1696858872.8148654, "_runtime": 595.9255363941193, "_step": 9, "_wandb": {"runtime": 608}}