{"train_loss": 0.08569059364476003, "_timestamp": 1697071919.0170882, "_runtime": 31.746093273162842, "_step": 216, "val_acc": 80.34681701660156, "_wandb": {"runtime": 31}}