{"train_loss": 0.08401040659221105, "_timestamp": 1697113657.6362042, "_runtime": 22.04629135131836, "_step": 140, "val_acc": 84.39306640625, "_wandb": {"runtime": 21}}