{"train_loss": 0.020474461010159102, "_timestamp": 1696972610.4237745, "_runtime": 26.563518524169922, "_step": 207, "val_acc": 86.12716674804688, "_wandb": {"runtime": 26}}