{"train_loss": 0.04776409933841679, "_timestamp": 1697043308.492796, "_runtime": 25.608540058135986, "_step": 200, "val_acc": 85.54913330078125, "_wandb": {"runtime": 25}}