{"train_loss": 0.12072941044421304, "_timestamp": 1697021711.2933195, "_runtime": 27.20212435722351, "_step": 185, "val_acc": 86.12716674804688, "_wandb": {"runtime": 26}}