{"train_loss": 0.13526584337963615, "_timestamp": 1697057818.4064085, "_runtime": 30.484888553619385, "_step": 207, "val_acc": 86.7052001953125, "_wandb": {"runtime": 30}}