{"train_loss": 0.030177641611243058, "_timestamp": 1697068777.1079762, "_runtime": 32.56750011444092, "_step": 263, "val_acc": 86.12716674804688, "_wandb": {"runtime": 32}}