{"train_loss": 0.04680034706672264, "_timestamp": 1697000293.3704233, "_runtime": 22.301501274108887, "_step": 141, "val_acc": 84.97109985351562, "_wandb": {"runtime": 21}}