{"train_loss": 0.03687509009140803, "_timestamp": 1697014096.08182, "_runtime": 30.43299102783203, "_step": 242, "val_acc": 86.12716674804688, "_wandb": {"runtime": 30}}