{"train_loss": 0.0271271689318467, "_timestamp": 1697083135.2702212, "_runtime": 33.74650526046753, "_step": 276, "val_acc": 86.7052001953125, "_wandb": {"runtime": 33}}