{"train_loss": 0.03703025504026215, "_timestamp": 1697039106.4541411, "_runtime": 29.368245124816895, "_step": 236, "val_acc": 86.12716674804688, "_wandb": {"runtime": 28}}