{"train_loss": 0.08292087509166883, "_timestamp": 1697015197.9574344, "_runtime": 28.429367303848267, "_step": 189, "val_acc": 87.28323364257812, "_wandb": {"runtime": 28}}