{"train_loss": 0.22757099729117958, "_timestamp": 1697097342.9028971, "_runtime": 10.01453709602356, "_step": 45, "val_acc": 84.39306640625, "_wandb": {"runtime": 9}}