{"train_loss": 0.058642686842832456, "_timestamp": 1697029773.997637, "_runtime": 19.060245990753174, "_step": 138, "val_acc": 88.4393081665039, "_wandb": {"runtime": 18}}