{"train_loss": 0.4121289932450583, "_timestamp": 1697012238.1325202, "_runtime": 16.458251237869263, "_step": 111, "val_acc": 83.81502532958984, "_wandb": {"runtime": 16}}