{"train_loss": 0.03872294230711495, "_timestamp": 1696986420.208978, "_runtime": 21.20739197731018, "_step": 155, "val_acc": 86.12716674804688, "_wandb": {"runtime": 20}}