{"train_loss": 3.297990767068641, "_timestamp": 1696926986.432849, "_runtime": 870.6316180229187, "_step": 21, "val_acc": 0.04624277353286743, "_wandb": {"runtime": 870}}