{"train_loss": 0.01703516064282117, "_timestamp": 1697081155.5926397, "_runtime": 35.12690877914429, "_step": 290, "val_acc": 86.12716674804688, "_wandb": {"runtime": 34}}