{"train_loss": 0.036203666592861505, "_timestamp": 1696999217.0640752, "_runtime": 35.14346718788147, "_step": 285, "val_acc": 85.54913330078125, "_wandb": {"runtime": 34}}