{"train_loss": 0.04260342114139348, "_timestamp": 1696972404.003195, "_runtime": 24.55672311782837, "_step": 189, "val_acc": 82.08092498779297, "_wandb": {"runtime": 24}}