{"train_loss": 3.296437079476756, "_timestamp": 1696939343.0945745, "_runtime": 879.2046074867249, "_step": 21, "val_acc": 0.04624277353286743, "_wandb": {"runtime": 878}}