{"train_loss": 0.06337513046360813, "_timestamp": 1697048357.208817, "_runtime": 18.699420928955078, "_step": 134, "val_acc": 87.86127471923828, "_wandb": {"runtime": 18}}