{"train_loss": 1.45032407239426, "_timestamp": 1697063464.4065993, "_runtime": 12.485061168670654, "_step": 77, "val_acc": 76.30057525634766, "_wandb": {"runtime": 12}}