{"train_loss": 0.09035401270172537, "_timestamp": 1697099453.5914938, "_runtime": 27.6337628364563, "_step": 186, "val_acc": 84.97109985351562, "_wandb": {"runtime": 27}}