{"train_loss": 0.0311553267177281, "_timestamp": 1697045378.1216087, "_runtime": 36.20182681083679, "_step": 255, "val_acc": 83.23699188232422, "_wandb": {"runtime": 35}}