{"train_loss": 0.060741276729332154, "_timestamp": 1697114579.525584, "_runtime": 24.94492793083191, "_step": 192, "val_acc": 86.12716674804688, "_wandb": {"runtime": 24}}