{"train_loss": 0.07367642310469649, "_timestamp": 1697020227.1854284, "_runtime": 23.56813144683838, "_step": 182, "val_acc": 85.54913330078125, "_wandb": {"runtime": 23}}