{"train_loss": 0.03565266560546534, "_timestamp": 1697032780.5930238, "_runtime": 20.352423667907715, "_step": 150, "val_acc": 84.39306640625, "_wandb": {"runtime": 19}}