{"train_loss": 0.10446821045412054, "_timestamp": 1697024640.6581683, "_runtime": 17.266773223876953, "_step": 105, "val_acc": 83.23699188232422, "_wandb": {"runtime": 16}}