{"train_loss": 0.06006213444485437, "_timestamp": 1696994489.3943636, "_runtime": 36.049508571624756, "_step": 240, "val_acc": 85.54913330078125, "_wandb": {"runtime": 35}}