{"train_loss": 0.13936546146003312, "_timestamp": 1697054755.981036, "_runtime": 13.839123010635376, "_step": 75, "val_acc": 87.86127471923828, "_wandb": {"runtime": 13}}