{"train_loss": 0.04375046448305596, "_timestamp": 1697099198.1641357, "_runtime": 19.674052715301514, "_step": 147, "val_acc": 86.7052001953125, "_wandb": {"runtime": 19}}