{"train_loss": 0.019323409706229602, "_timestamp": 1697030265.8881807, "_runtime": 32.8289577960968, "_step": 270, "val_acc": 85.54913330078125, "_wandb": {"runtime": 32}}