{"train_loss": 0.07402133452164572, "_timestamp": 1697019324.116494, "_runtime": 19.985821962356567, "_step": 149, "val_acc": 86.7052001953125, "_wandb": {"runtime": 19}}