{"train_loss": 3.4441189731276314, "_timestamp": 1696895480.7150667, "_runtime": 588.9098546504974, "_step": 9, "_wandb": {"runtime": 601}}