{"train_loss": 0.19308222613708917, "_timestamp": 1697011047.0014195, "_runtime": 10.568146467208862, "_step": 50, "val_acc": 82.6589584350586, "_wandb": {"runtime": 10}}