{"train_loss": 0.019403156223382022, "_timestamp": 1697105251.2278576, "_runtime": 26.88310170173645, "_step": 215, "val_acc": 84.97109985351562, "_wandb": {"runtime": 26}}