{"train_loss": 0.046389101073145866, "_timestamp": 1697116030.804544, "_runtime": 20.939954042434692, "_step": 156, "val_acc": 86.12716674804688, "_wandb": {"runtime": 20}}