{"train_loss": 0.0202648367023442, "_timestamp": 1697038696.1682594, "_runtime": 35.96766138076782, "_step": 296, "val_acc": 88.4393081665039, "_wandb": {"runtime": 35}}