{"train_loss": 0.17220391194487727, "_timestamp": 1697081711.5840633, "_runtime": 8.1774742603302, "_step": 36, "val_acc": 85.54913330078125, "_wandb": {"runtime": 7}}