{"train_loss": 0.13609645783706287, "_timestamp": 1696992157.4660192, "_runtime": 36.350975036621094, "_step": 246, "val_acc": 82.6589584350586, "_wandb": {"runtime": 35}}