{"train_loss": 0.19849606694350408, "_timestamp": 1697129982.9945042, "_runtime": 13.504380226135254, "_step": 72, "val_acc": 86.12716674804688, "_wandb": {"runtime": 13}}