{"train_loss": 0.04686565323581183, "_timestamp": 1697059415.4698267, "_runtime": 22.857699632644653, "_step": 173, "val_acc": 86.12716674804688, "_wandb": {"runtime": 22}}