{"train_loss": 0.04575822036916412, "_timestamp": 1697101309.2541952, "_runtime": 30.287848234176636, "_step": 246, "val_acc": 85.54913330078125, "_wandb": {"runtime": 29}}