{"train_loss": 0.05616006880543779, "_timestamp": 1696988902.737731, "_runtime": 17.308345079421997, "_step": 119, "val_acc": 85.54913330078125, "_wandb": {"runtime": 16}}