{"train_loss": 0.06485912580378787, "_timestamp": 1697099346.9641697, "_runtime": 34.38565373420715, "_step": 237, "val_acc": 83.23699188232422, "_wandb": {"runtime": 34}}