{"train_loss": 0.02247011355736271, "_timestamp": 1697121446.64099, "_runtime": 30.75674605369568, "_step": 237, "val_acc": 84.97109985351562, "_wandb": {"runtime": 30}}