{"train_loss": 0.1312228618297986, "_timestamp": 1696985850.259263, "_runtime": 12.62217402458191, "_step": 65, "val_acc": 82.08092498779297, "_wandb": {"runtime": 12}}