{"train_loss": 0.07468092142127801, "_timestamp": 1697006906.3701496, "_runtime": 24.140995502471924, "_step": 156, "val_acc": 86.12716674804688, "_wandb": {"runtime": 23}}