{"train_loss": 0.13765090924882611, "_timestamp": 1697100173.7270713, "_runtime": 9.9064621925354, "_step": 54, "val_acc": 86.12716674804688, "_wandb": {"runtime": 9}}