{"train_loss": 0.16337882259557412, "_timestamp": 1697000934.849354, "_runtime": 14.383531093597412, "_step": 78, "val_acc": 80.92485809326172, "_wandb": {"runtime": 13}}