{"train_loss": 0.4401529670454735, "_timestamp": 1697014263.3956535, "_runtime": 7.207436561584473, "_step": 29, "val_acc": 86.12716674804688, "_wandb": {"runtime": 6}}