{"train_loss": 0.022003271156748713, "_timestamp": 1697097121.0703514, "_runtime": 35.4002583026886, "_step": 293, "val_acc": 85.54913330078125, "_wandb": {"runtime": 35}}