{"train_loss": 0.08479292335822572, "_timestamp": 1697060557.8356302, "_runtime": 26.691997289657593, "_step": 173, "val_acc": 83.81502532958984, "_wandb": {"runtime": 26}}