{"train_loss": 3.312331905891729, "_timestamp": 1696865556.630077, "_runtime": 589.3500068187714, "_step": 9, "_wandb": {"runtime": 601}}