{"train_loss": 0.025402555117643503, "_timestamp": 1697052843.4670603, "_runtime": 27.598132371902466, "_step": 218, "val_acc": 87.28323364257812, "_wandb": {"runtime": 27}}