{"train_loss": 0.019945912140280787, "_timestamp": 1697040230.9163973, "_runtime": 33.63067626953125, "_step": 273, "val_acc": 87.28323364257812, "_wandb": {"runtime": 33}}