{"train_loss": 0.06217836867865625, "_timestamp": 1697072824.8977003, "_runtime": 33.27775835990906, "_step": 234, "val_acc": 87.86127471923828, "_wandb": {"runtime": 32}}