{"train_loss": 0.0763129000376022, "_timestamp": 1697110398.6997232, "_runtime": 22.970461130142212, "_step": 149, "val_acc": 84.39306640625, "_wandb": {"runtime": 22}}