{"train_loss": 0.07130027863435275, "_timestamp": 1697081975.853969, "_runtime": 36.140231132507324, "_step": 252, "val_acc": 87.28323364257812, "_wandb": {"runtime": 35}}