{"train_loss": 0.02096178697227219, "_timestamp": 1697117296.9014566, "_runtime": 25.824026584625244, "_step": 203, "val_acc": 84.97109985351562, "_wandb": {"runtime": 25}}