{"train_loss": 0.10168663044135239, "_timestamp": 1696993405.077493, "_runtime": 20.715803861618042, "_step": 125, "val_acc": 82.6589584350586, "_wandb": {"runtime": 20}}