{"train_loss": 0.0344785392192344, "_timestamp": 1697003376.6690044, "_runtime": 33.10031747817993, "_step": 269, "val_acc": 86.7052001953125, "_wandb": {"runtime": 32}}