{"train_loss": 0.1877920760145021, "_timestamp": 1697006459.6781356, "_runtime": 8.961387634277344, "_step": 45, "val_acc": 86.12716674804688, "_wandb": {"runtime": 8}}