{"train_loss": 0.0643124665231119, "_timestamp": 1696996081.3794925, "_runtime": 18.044057607650757, "_step": 125, "val_acc": 88.4393081665039, "_wandb": {"runtime": 17}}