{"train_loss": 0.032433031484224766, "_timestamp": 1696996590.8862524, "_runtime": 31.82224750518799, "_step": 252, "val_acc": 88.4393081665039, "_wandb": {"runtime": 31}}