{"train_loss": 0.05476723962225193, "_timestamp": 1697088073.8463988, "_runtime": 18.15970492362976, "_step": 131, "val_acc": 87.86127471923828, "_wandb": {"runtime": 17}}