{"train_loss": 0.13535158188883648, "_timestamp": 1697032883.3327084, "_runtime": 14.751505374908447, "_step": 83, "val_acc": 86.12716674804688, "_wandb": {"runtime": 14}}