{"train_loss": 0.10545516691338487, "_timestamp": 1697116079.2748976, "_runtime": 38.40540862083435, "_step": 270, "val_acc": 83.81502532958984, "_wandb": {"runtime": 37}}