{"train_loss": 0.1398767972538291, "_timestamp": 1697045525.7033644, "_runtime": 13.958085298538208, "_step": 78, "val_acc": 83.23699188232422, "_wandb": {"runtime": 13}}