{"train_loss": 0.03190085971403087, "_timestamp": 1697023681.6441936, "_runtime": 33.54457974433899, "_step": 273, "val_acc": 84.97109985351562, "_wandb": {"runtime": 33}}