{"train_loss": 0.119763815623903, "_timestamp": 1697122344.737655, "_runtime": 14.337553977966309, "_step": 77, "val_acc": 87.28323364257812, "_wandb": {"runtime": 13}}