{"train_loss": 0.21951841355063195, "_timestamp": 1697072210.558361, "_runtime": 13.226511001586914, "_step": 72, "val_acc": 83.81502532958984, "_wandb": {"runtime": 12}}