{"train_loss": 0.04147951274590437, "_timestamp": 1697045759.0924969, "_runtime": 33.20502591133118, "_step": 233, "val_acc": 85.54913330078125, "_wandb": {"runtime": 32}}