{"train_loss": 0.08312526499029509, "_timestamp": 1697092290.1371117, "_runtime": 25.94047975540161, "_step": 171, "val_acc": 85.54913330078125, "_wandb": {"runtime": 25}}