{"train_loss": 0.21937957812143966, "_timestamp": 1697127159.5512643, "_runtime": 14.13070821762085, "_step": 78, "val_acc": 82.08092498779297, "_wandb": {"runtime": 13}}