{"train_loss": 0.042892152362308186, "_timestamp": 1697045229.4752657, "_runtime": 32.286489725112915, "_step": 260, "val_acc": 85.54913330078125, "_wandb": {"runtime": 31}}