{"train_loss": 0.04532399222418547, "_timestamp": 1697066905.689307, "_runtime": 33.75723099708557, "_step": 233, "val_acc": 87.28323364257812, "_wandb": {"runtime": 33}}