{"train_loss": 0.09133902175871786, "_timestamp": 1697072752.712088, "_runtime": 12.710950136184692, "_step": 80, "val_acc": 84.97109985351562, "_wandb": {"runtime": 12}}