{"train_loss": 0.022902771680301793, "_timestamp": 1697124712.6205742, "_runtime": 28.316611289978027, "_step": 225, "val_acc": 86.12716674804688, "_wandb": {"runtime": 27}}