{"train_loss": 0.13954557144342986, "_timestamp": 1697048601.3866196, "_runtime": 21.22673463821411, "_step": 134, "val_acc": 88.4393081665039, "_wandb": {"runtime": 20}}