{"train_loss": 0.07290307076128069, "_timestamp": 1697004816.8424025, "_runtime": 21.399479389190674, "_step": 159, "val_acc": 84.97109985351562, "_wandb": {"runtime": 20}}