{"train_loss": 0.03469199222664154, "_timestamp": 1696988098.8761702, "_runtime": 25.32790207862854, "_step": 192, "val_acc": 83.81502532958984, "_wandb": {"runtime": 24}}