{"train_loss": 3.311502345426138, "_timestamp": 1696819572.0342867, "_runtime": 298.63350462913513, "_step": 4, "_wandb": {"runtime": 298}}