{"train_loss": 0.0744125624376804, "_timestamp": 1696981378.1116953, "_runtime": 32.46431517601013, "_step": 225, "val_acc": 83.81502532958984, "_wandb": {"runtime": 32}}