{"train_loss": 0.17876994809092478, "_timestamp": 1696991976.165036, "_runtime": 9.701109886169434, "_step": 50, "val_acc": 84.39306640625, "_wandb": {"runtime": 9}}