{"train_loss": 0.03085883829856378, "_timestamp": 1697036021.3364985, "_runtime": 33.05139660835266, "_step": 264, "val_acc": 84.39306640625, "_wandb": {"runtime": 32}}