{"train_loss": 0.03735774701601977, "_timestamp": 1697126218.0786068, "_runtime": 25.07036280632019, "_step": 194, "val_acc": 85.54913330078125, "_wandb": {"runtime": 24}}