{"train_loss": 0.02704129376188787, "_timestamp": 1697041377.7132747, "_runtime": 25.04697275161743, "_step": 195, "val_acc": 83.23699188232422, "_wandb": {"runtime": 24}}