{"train_loss": 0.08177461555270954, "_timestamp": 1697093596.6054146, "_runtime": 27.60235071182251, "_step": 186, "val_acc": 87.86127471923828, "_wandb": {"runtime": 27}}