{"train_loss": 0.1609071221765737, "_timestamp": 1697129202.6332896, "_runtime": 20.24748468399048, "_step": 110, "val_acc": 82.6589584350586, "_wandb": {"runtime": 18}}