{"train_loss": 0.04945236844617094, "_timestamp": 1697070613.9315517, "_runtime": 20.617879629135132, "_step": 153, "val_acc": 86.12716674804688, "_wandb": {"runtime": 20}}