{"train_loss": 0.05315351050054698, "_timestamp": 1697040679.2595372, "_runtime": 18.020771265029907, "_step": 128, "val_acc": 87.28323364257812, "_wandb": {"runtime": 17}}