{"train_loss": 0.121463255769963, "_timestamp": 1697093750.941866, "_runtime": 22.0905339717865, "_step": 140, "val_acc": 83.81502532958984, "_wandb": {"runtime": 21}}