{"train_loss": 0.03755518549655261, "_timestamp": 1696977738.2490978, "_runtime": 41.5900719165802, "_step": 297, "val_acc": 86.7052001953125, "_wandb": {"runtime": 41}}