{"train_loss": 0.1243659969159337, "_timestamp": 1697018509.7396195, "_runtime": 14.393142461776733, "_step": 95, "val_acc": 86.7052001953125, "_wandb": {"runtime": 14}}