{"train_loss": 0.0188801534701312, "_timestamp": 1697093499.7652383, "_runtime": 33.626498222351074, "_step": 273, "val_acc": 86.12716674804688, "_wandb": {"runtime": 33}}