{"train_loss": 0.13116294213267432, "_timestamp": 1697068913.7656176, "_runtime": 15.132402658462524, "_step": 83, "val_acc": 83.81502532958984, "_wandb": {"runtime": 14}}