{"train_loss": 0.15789735267415297, "_timestamp": 1696982916.4695184, "_runtime": 11.821330308914185, "_step": 60, "val_acc": 83.23699188232422, "_wandb": {"runtime": 11}}