{"train_loss": 0.09600448822683849, "_timestamp": 1697016779.314268, "_runtime": 42.57445001602173, "_step": 293, "val_acc": 87.28323364257812, "_wandb": {"runtime": 42}}