{"train_loss": 0.022066484516768087, "_timestamp": 1697090520.6809034, "_runtime": 29.12308645248413, "_step": 233, "val_acc": 86.7052001953125, "_wandb": {"runtime": 28}}