{"train_loss": 0.09532647847934345, "_timestamp": 1697010911.974272, "_runtime": 14.685676097869873, "_step": 98, "val_acc": 84.97109985351562, "_wandb": {"runtime": 14}}