{"train_loss": 0.051676324735189856, "_timestamp": 1697024095.4576423, "_runtime": 28.764548301696777, "_step": 194, "val_acc": 84.97109985351562, "_wandb": {"runtime": 28}}