{"train_loss": 2.121596524421401, "_timestamp": 1696911333.9529684, "_runtime": 870.879337310791, "_step": 21, "val_acc": 0.27167630195617676, "_wandb": {"runtime": 870}}