{"train_loss": 0.06901511549949646, "_timestamp": 1696977768.1391764, "_runtime": 20.210450410842896, "_step": 150, "val_acc": 83.81502532958984, "_wandb": {"runtime": 19}}