{"train_loss": 0.1014348370277561, "_timestamp": 1697123508.3844662, "_runtime": 30.54512619972229, "_step": 210, "val_acc": 87.28323364257812, "_wandb": {"runtime": 30}}