{"train_loss": NaN, "_timestamp": 1696848028.9439385, "_runtime": 883.4759304523468, "_step": 14, "_wandb": {"runtime": 883}}