{"train_loss": 0.412345452364101, "_timestamp": 1697071944.700529, "_runtime": 16.290932178497314, "_step": 108, "val_acc": 83.23699188232422, "_wandb": {"runtime": 15}}