{"train_loss": 0.026800643593116208, "_timestamp": 1696972277.3728802, "_runtime": 35.90598011016846, "_step": 291, "val_acc": 86.12716674804688, "_wandb": {"runtime": 35}}