{"train_loss": 0.07651155533913392, "_timestamp": 1696982415.286621, "_runtime": 31.51100516319275, "_step": 213, "val_acc": 85.54913330078125, "_wandb": {"runtime": 30}}