{"train_loss": 0.1415297753654074, "_timestamp": 1697004323.7545223, "_runtime": 11.811492204666138, "_step": 71, "val_acc": 84.97109985351562, "_wandb": {"runtime": 11}}