{"train_loss": 0.02936633474864932, "_timestamp": 1697088279.1260967, "_runtime": 25.81449270248413, "_step": 201, "val_acc": 86.12716674804688, "_wandb": {"runtime": 25}}