{"train_loss": 0.04237506498561003, "_timestamp": 1697101979.700309, "_runtime": 19.849592924118042, "_step": 147, "val_acc": 86.7052001953125, "_wandb": {"runtime": 19}}