{"train_loss": 3.4340450354786807, "_timestamp": 1696899420.8845747, "_runtime": 586.6612496376038, "_step": 9, "_wandb": {"runtime": 598}}