{"train_loss": 0.04858216140310952, "_timestamp": 1697009121.8959093, "_runtime": 33.298009395599365, "_step": 272, "val_acc": 87.28323364257812, "_wandb": {"runtime": 32}}