{"train_loss": 0.062222540427302554, "_timestamp": 1697096781.5679731, "_runtime": 26.699098110198975, "_step": 180, "val_acc": 85.54913330078125, "_wandb": {"runtime": 26}}