{"train_loss": 0.2525843458120213, "_timestamp": 1697034194.0097404, "_runtime": 14.207424402236938, "_step": 80, "val_acc": 86.7052001953125, "_wandb": {"runtime": 13}}