{"train_loss": 0.07658161660439747, "_timestamp": 1697016843.4322882, "_runtime": 19.502742052078247, "_step": 119, "val_acc": 84.97109985351562, "_wandb": {"runtime": 19}}