{"train_loss": 0.09529240546358186, "_timestamp": 1697055547.6867783, "_runtime": 13.986468315124512, "_step": 77, "val_acc": 83.81502532958984, "_wandb": {"runtime": 13}}