{"train_loss": 0.300008722862532, "_timestamp": 1697117935.9407897, "_runtime": 8.38935661315918, "_step": 39, "val_acc": 84.97109985351562, "_wandb": {"runtime": 8}}