{"train_loss": 0.29099818093832147, "_timestamp": 1697047741.1991596, "_runtime": 8.847036600112915, "_step": 44, "val_acc": 83.23699188232422, "_wandb": {"runtime": 8}}