{"train_loss": 0.06381778532996514, "_timestamp": 1697031709.8504817, "_runtime": 27.050410747528076, "_step": 179, "val_acc": 84.39306640625, "_wandb": {"runtime": 26}}