{"train_loss": 0.21543451304395878, "_timestamp": 1697021235.662925, "_runtime": 10.19833493232727, "_step": 48, "val_acc": 86.12716674804688, "_wandb": {"runtime": 9}}