{"train_loss": 0.1032886081645915, "_timestamp": 1696988518.5138996, "_runtime": 23.178962469100952, "_step": 147, "val_acc": 85.54913330078125, "_wandb": {"runtime": 22}}