{"train_loss": 0.057228148243455, "_timestamp": 1697096814.8414485, "_runtime": 23.85920262336731, "_step": 186, "val_acc": 86.7052001953125, "_wandb": {"runtime": 23}}