{"train_loss": 0.07059189983167101, "_timestamp": 1697018767.5826387, "_runtime": 34.58039379119873, "_step": 239, "val_acc": 82.08092498779297, "_wandb": {"runtime": 34}}