{"train_loss": 0.07237697145793327, "_timestamp": 1697129467.639444, "_runtime": 16.5265691280365, "_step": 114, "val_acc": 84.97109985351562, "_wandb": {"runtime": 16}}