{"train_loss": 0.055564357742104074, "_timestamp": 1697122629.0014837, "_runtime": 27.90554976463318, "_step": 218, "val_acc": 82.6589584350586, "_wandb": {"runtime": 27}}