{"train_loss": 0.02181416829549816, "_timestamp": 1697104263.1071296, "_runtime": 27.693102598190308, "_step": 221, "val_acc": 86.12716674804688, "_wandb": {"runtime": 27}}