{"train_loss": 0.0604032336106134, "_timestamp": 1697008779.734499, "_runtime": 15.439655065536499, "_step": 107, "val_acc": 86.7052001953125, "_wandb": {"runtime": 15}}