{"train_loss": 0.10816364143541905, "_timestamp": 1697019054.7153552, "_runtime": 18.32285714149475, "_step": 113, "val_acc": 84.97109985351562, "_wandb": {"runtime": 17}}