{"train_loss": 0.16561381986667945, "_timestamp": 1697078231.7789245, "_runtime": 14.844461441040039, "_step": 84, "val_acc": 82.6589584350586, "_wandb": {"runtime": 14}}