{"train_loss": 0.03452972818076676, "_timestamp": 1697112310.196961, "_runtime": 41.39277482032776, "_step": 291, "val_acc": 83.81502532958984, "_wandb": {"runtime": 41}}