{"train_loss": 0.12044190493314852, "_timestamp": 1697077135.786967, "_runtime": 24.11728310585022, "_step": 156, "val_acc": 83.81502532958984, "_wandb": {"runtime": 23}}