{"train_loss": 0.2487906950937454, "_timestamp": 1697068295.0299113, "_runtime": 9.493044376373291, "_step": 42, "val_acc": 85.54913330078125, "_wandb": {"runtime": 9}}