{"train_loss": 0.026899694704022908, "_timestamp": 1697111165.4859397, "_runtime": 29.783761739730835, "_step": 239, "val_acc": 86.12716674804688, "_wandb": {"runtime": 29}}