{"train_loss": 0.08582794928360124, "_timestamp": 1697071034.7790668, "_runtime": 14.073422908782959, "_step": 78, "val_acc": 83.81502532958984, "_wandb": {"runtime": 13}}