{"train_loss": 0.1199255793539504, "_timestamp": 1697031117.6188047, "_runtime": 22.426499605178833, "_step": 146, "val_acc": 83.81502532958984, "_wandb": {"runtime": 22}}