{"train_loss": 0.07244506908369489, "_timestamp": 1697025173.785253, "_runtime": 39.06761312484741, "_step": 275, "val_acc": 81.50289154052734, "_wandb": {"runtime": 38}}