{"train_loss": 0.060136571174574105, "_timestamp": 1697007114.923649, "_runtime": 22.09540104866028, "_step": 140, "val_acc": 84.97109985351562, "_wandb": {"runtime": 21}}