{"train_loss": 0.027253403405518118, "_timestamp": 1697091464.292363, "_runtime": 28.99689793586731, "_step": 231, "val_acc": 89.01734161376953, "_wandb": {"runtime": 28}}