{"train_loss": 0.06395195498196192, "_timestamp": 1696993968.104348, "_runtime": 18.70229697227478, "_step": 132, "val_acc": 84.39306640625, "_wandb": {"runtime": 18}}