{"train_loss": 0.08855393298002782, "_timestamp": 1697030221.281156, "_runtime": 19.41150212287903, "_step": 122, "val_acc": 88.4393081665039, "_wandb": {"runtime": 19}}