{"train_loss": 0.08052816279340795, "_timestamp": 1697057542.0675716, "_runtime": 26.307592630386353, "_step": 174, "val_acc": 85.54913330078125, "_wandb": {"runtime": 25}}