{"train_loss": 0.05801260710266137, "_timestamp": 1697078123.7453356, "_runtime": 30.913644552230835, "_step": 212, "val_acc": 87.86127471923828, "_wandb": {"runtime": 30}}