{"train_loss": 0.12143250373950185, "_timestamp": 1696994802.2281573, "_runtime": 14.956530332565308, "_step": 83, "val_acc": 86.12716674804688, "_wandb": {"runtime": 14}}