{"train_loss": 0.02237826873288425, "_timestamp": 1697103654.375383, "_runtime": 25.15434193611145, "_step": 197, "val_acc": 87.28323364257812, "_wandb": {"runtime": 24}}