{"train_loss": 0.14269799050376858, "_timestamp": 1696983624.9175398, "_runtime": 13.473702907562256, "_step": 74, "val_acc": 83.23699188232422, "_wandb": {"runtime": 13}}