{"train_loss": 0.19372540175221686, "_timestamp": 1697073696.4980624, "_runtime": 8.407472372055054, "_step": 39, "val_acc": 84.39306640625, "_wandb": {"runtime": 8}}