{"train_loss": 0.10385232217891445, "_timestamp": 1697047238.3458378, "_runtime": 18.057825803756714, "_step": 110, "val_acc": 84.39306640625, "_wandb": {"runtime": 17}}