{"train_loss": 0.08451143502755913, "_timestamp": 1697076949.6386943, "_runtime": 28.11396837234497, "_step": 192, "val_acc": 83.23699188232422, "_wandb": {"runtime": 27}}