{"train_loss": 0.24436611586878465, "_timestamp": 1696983437.899843, "_runtime": 8.050527095794678, "_step": 36, "val_acc": 82.08092498779297, "_wandb": {"runtime": 7}}