{"train_loss": 3.314158498547798, "_timestamp": 1696904776.6432705, "_runtime": 293.98107647895813, "_step": 6, "val_acc": 0.04624277353286743, "_wandb": {"runtime": 293}}