{"train_loss": 0.08962792962746219, "_timestamp": 1697053705.2774124, "_runtime": 22.909072399139404, "_step": 174, "val_acc": 85.54913330078125, "_wandb": {"runtime": 22}}