{"train_loss": 0.12686621861229108, "_timestamp": 1697063758.2855341, "_runtime": 15.742193222045898, "_step": 92, "val_acc": 86.7052001953125, "_wandb": {"runtime": 15}}