{"train_loss": 0.10982471617848374, "_timestamp": 1697004556.1175704, "_runtime": 27.913167476654053, "_step": 185, "val_acc": 88.4393081665039, "_wandb": {"runtime": 27}}