{"train_loss": 0.08108560338096563, "_timestamp": 1697028500.1599982, "_runtime": 20.557234287261963, "_step": 126, "val_acc": 86.7052001953125, "_wandb": {"runtime": 20}}