{"train_loss": 0.04116560906431703, "_timestamp": 1697112893.3940473, "_runtime": 22.169861316680908, "_step": 170, "val_acc": 84.97109985351562, "_wandb": {"runtime": 21}}