{"train_loss": 0.19673982007039148, "_timestamp": 1696996413.0292416, "_runtime": 9.39690351486206, "_step": 48, "val_acc": 83.23699188232422, "_wandb": {"runtime": 8}}