{"train_loss": 0.040494966586012135, "_timestamp": 1697058674.8016348, "_runtime": 36.021517753601074, "_step": 296, "val_acc": 84.39306640625, "_wandb": {"runtime": 35}}