{"train_loss": 0.18761914603542104, "_timestamp": 1697022064.5371313, "_runtime": 14.382642269134521, "_step": 80, "val_acc": 80.34681701660156, "_wandb": {"runtime": 14}}