{"train_loss": 0.04611996785049911, "_timestamp": 1697114760.4231591, "_runtime": 23.534778118133545, "_step": 183, "val_acc": 86.12716674804688, "_wandb": {"runtime": 23}}