{"train_loss": 0.04650832989881205, "_timestamp": 1697086988.702786, "_runtime": 24.93566107749939, "_step": 195, "val_acc": 88.4393081665039, "_wandb": {"runtime": 24}}