{"train_loss": 0.04669674847621557, "_timestamp": 1696978163.3882327, "_runtime": 20.10722279548645, "_step": 147, "val_acc": 85.54913330078125, "_wandb": {"runtime": 19}}