{"train_loss": 0.03456966489076961, "_timestamp": 1697008104.2746084, "_runtime": 35.77700233459473, "_step": 293, "val_acc": 85.54913330078125, "_wandb": {"runtime": 35}}