{"train_loss": 0.06712235848495174, "_timestamp": 1697123229.5825264, "_runtime": 37.815951347351074, "_step": 248, "val_acc": 86.12716674804688, "_wandb": {"runtime": 37}}