{"train_loss": 0.03491472171722413, "_timestamp": 1697007284.2947907, "_runtime": 32.31821084022522, "_step": 264, "val_acc": 89.01734161376953, "_wandb": {"runtime": 31}}