{"train_loss": 0.08262668342091316, "_timestamp": 1696993124.143449, "_runtime": 22.784311056137085, "_step": 144, "val_acc": 81.50289154052734, "_wandb": {"runtime": 22}}