{"train_loss": 0.043483195577336604, "_timestamp": 1697091303.0867913, "_runtime": 22.142317295074463, "_step": 168, "val_acc": 85.54913330078125, "_wandb": {"runtime": 21}}