{"train_loss": 0.27827984215908275, "_timestamp": 1696975518.848319, "_runtime": 7.370196104049683, "_step": 30, "val_acc": 84.97109985351562, "_wandb": {"runtime": 6}}