{"train_loss": 0.08225072338787276, "_timestamp": 1697046249.0562816, "_runtime": 15.431126594543457, "_step": 102, "val_acc": 86.7052001953125, "_wandb": {"runtime": 14}}