{"train_loss": 0.05721961518446373, "_timestamp": 1697110116.7326174, "_runtime": 35.632325410842896, "_step": 251, "val_acc": 86.12716674804688, "_wandb": {"runtime": 35}}