{"train_loss": 0.13078319231524718, "_timestamp": 1697013145.6688793, "_runtime": 12.895958185195923, "_step": 81, "val_acc": 84.97109985351562, "_wandb": {"runtime": 12}}