{"train_loss": 0.08671390486144742, "_timestamp": 1697123087.9770238, "_runtime": 15.60654878616333, "_step": 101, "val_acc": 89.59537506103516, "_wandb": {"runtime": 15}}