{"train_loss": 3.2942785714254823, "_timestamp": 1696866481.5510588, "_runtime": 900.9147477149963, "_step": 14, "_wandb": {"runtime": 900}}