{"train_loss": 0.06941846011986219, "_timestamp": 1697109187.8721292, "_runtime": 32.331711292266846, "_step": 221, "val_acc": 87.86127471923828, "_wandb": {"runtime": 31}}