{"train_loss": 0.18028645143779212, "_timestamp": 1697130033.643241, "_runtime": 11.580636024475098, "_step": 57, "val_acc": 85.54913330078125, "_wandb": {"runtime": 11}}