{"train_loss": 0.04481497961556712, "_timestamp": 1697002676.1631649, "_runtime": 35.71947383880615, "_step": 291, "val_acc": 86.12716674804688, "_wandb": {"runtime": 35}}