{"train_loss": 0.13801730719806496, "_timestamp": 1697001876.6639836, "_runtime": 14.317701578140259, "_step": 80, "val_acc": 82.08092498779297, "_wandb": {"runtime": 13}}