{"train_loss": 0.4322104247850041, "_timestamp": 1697097861.5864432, "_runtime": 7.955947160720825, "_step": 29, "val_acc": 82.6589584350586, "_wandb": {"runtime": 7}}