{"train_loss": 0.037354035302996635, "_timestamp": 1697124261.2690156, "_runtime": 32.914626598358154, "_step": 267, "val_acc": 88.4393081665039, "_wandb": {"runtime": 32}}