{"train_loss": 0.02348212537972993, "_timestamp": 1697001558.2408497, "_runtime": 29.153376817703247, "_step": 231, "val_acc": 86.12716674804688, "_wandb": {"runtime": 28}}