{"train_loss": 0.2265987848256563, "_timestamp": 1697073187.439399, "_runtime": 14.17355990409851, "_step": 75, "val_acc": 79.76878356933594, "_wandb": {"runtime": 13}}