{"train_loss": 0.05441457884613598, "_timestamp": 1697000565.9210877, "_runtime": 21.5853488445282, "_step": 161, "val_acc": 86.7052001953125, "_wandb": {"runtime": 21}}