{"train_loss": 0.07203799078977385, "_timestamp": 1697118264.004607, "_runtime": 13.324025869369507, "_step": 86, "val_acc": 84.97109985351562, "_wandb": {"runtime": 12}}