{"train_loss": 0.1040388000289758, "_timestamp": 1697129055.3790483, "_runtime": 17.339006423950195, "_step": 120, "val_acc": 83.81502532958984, "_wandb": {"runtime": 16}}