{"train_loss": 0.047255537591787966, "_timestamp": 1697093390.2303412, "_runtime": 32.01867318153381, "_step": 263, "val_acc": 84.39306640625, "_wandb": {"runtime": 31}}