{"train_loss": 0.0535954644613856, "_timestamp": 1697016282.7526767, "_runtime": 33.23576283454895, "_step": 222, "val_acc": 82.08092498779297, "_wandb": {"runtime": 32}}