{"train_loss": 0.03928221457199259, "_timestamp": 1697025427.4954023, "_runtime": 30.000638246536255, "_step": 206, "val_acc": 84.97109985351562, "_wandb": {"runtime": 29}}