{"train_loss": NaN, "_timestamp": 1696882974.2934902, "_runtime": 887.6868922710419, "_step": 14, "_wandb": {"runtime": 887}}