{"train_loss": 0.05350110266455124, "_timestamp": 1696992991.6781182, "_runtime": 24.143953323364258, "_step": 170, "val_acc": 85.54913330078125, "_wandb": {"runtime": 22}}