{"train_loss": 0.06962295734529318, "_timestamp": 1697024260.372575, "_runtime": 39.59660196304321, "_step": 278, "val_acc": 87.86127471923828, "_wandb": {"runtime": 39}}