{"train_loss": 0.05704856596055961, "_timestamp": 1697063067.9150996, "_runtime": 38.54728364944458, "_step": 270, "val_acc": 83.81502532958984, "_wandb": {"runtime": 38}}