{"train_loss": 0.04104570811817444, "_timestamp": 1697049195.9278328, "_runtime": 39.464420795440674, "_step": 279, "val_acc": 84.97109985351562, "_wandb": {"runtime": 39}}