{"train_loss": 0.09407364369673264, "_timestamp": 1697123757.2966235, "_runtime": 25.256848573684692, "_step": 165, "val_acc": 86.7052001953125, "_wandb": {"runtime": 24}}