{"train_loss": 0.11974740376002914, "_timestamp": 1697086394.3653634, "_runtime": 18.90650224685669, "_step": 117, "val_acc": 87.28323364257812, "_wandb": {"runtime": 18}}