{"train_loss": 0.024669006134540407, "_timestamp": 1697038409.1985714, "_runtime": 33.15207839012146, "_step": 269, "val_acc": 84.97109985351562, "_wandb": {"runtime": 32}}