{"train_loss": 0.031562129815304, "_timestamp": 1697036977.4669938, "_runtime": 29.1868257522583, "_step": 225, "val_acc": 87.86127471923828, "_wandb": {"runtime": 28}}