{"train_loss": 0.06511350650730174, "_timestamp": 1697102310.4481466, "_runtime": 19.35132360458374, "_step": 143, "val_acc": 84.97109985351562, "_wandb": {"runtime": 19}}