{"train_loss": 0.09204883488682965, "_timestamp": 1697090172.9641523, "_runtime": 37.02790641784668, "_step": 258, "val_acc": 83.23699188232422, "_wandb": {"runtime": 36}}