{"train_loss": 0.0717667404204867, "_timestamp": 1697068504.8028102, "_runtime": 17.897447109222412, "_step": 128, "val_acc": 83.81502532958984, "_wandb": {"runtime": 17}}