{"train_loss": 0.46618541035541267, "_timestamp": 1697033134.334806, "_runtime": 8.348675966262817, "_step": 39, "val_acc": 83.81502532958984, "_wandb": {"runtime": 8}}