{"train_loss": 0.041633953375546914, "_timestamp": 1697127941.9493845, "_runtime": 25.322108507156372, "_step": 195, "val_acc": 83.81502532958984, "_wandb": {"runtime": 24}}