{"train_loss": 0.05758312191586768, "_timestamp": 1697042243.170476, "_runtime": 27.358721017837524, "_step": 216, "val_acc": 85.54913330078125, "_wandb": {"runtime": 26}}