{"train_loss": 0.03808853879224423, "_timestamp": 1697082401.8963144, "_runtime": 24.64928436279297, "_step": 194, "val_acc": 87.28323364257812, "_wandb": {"runtime": 24}}