{"train_loss": 0.04011145972668431, "_timestamp": 1697009969.2041388, "_runtime": 29.42830467224121, "_step": 236, "val_acc": 87.28323364257812, "_wandb": {"runtime": 29}}