{"train_loss": 0.09318243857976699, "_timestamp": 1697070187.708624, "_runtime": 22.92068099975586, "_step": 147, "val_acc": 85.54913330078125, "_wandb": {"runtime": 22}}