{"train_loss": 0.04381528100930154, "_timestamp": 1697036939.3799615, "_runtime": 26.983938455581665, "_step": 212, "val_acc": 85.54913330078125, "_wandb": {"runtime": 26}}