{"train_loss": 0.07542161961887466, "_timestamp": 1697043867.3327367, "_runtime": 15.81007981300354, "_step": 108, "val_acc": 83.81502532958984, "_wandb": {"runtime": 15}}