{"train_loss": 0.0294235537916985, "_timestamp": 1697026556.0294771, "_runtime": 29.646531105041504, "_step": 237, "val_acc": 86.7052001953125, "_wandb": {"runtime": 29}}