{"train_loss": 0.025777953668757406, "_timestamp": 1697128476.6462321, "_runtime": 22.09139919281006, "_step": 165, "val_acc": 87.28323364257812, "_wandb": {"runtime": 21}}