{"train_loss": 0.14763937249433162, "_timestamp": 1697123810.2905748, "_runtime": 11.254015684127808, "_step": 66, "val_acc": 84.97109985351562, "_wandb": {"runtime": 10}}