{"train_loss": 0.03793142921951881, "_timestamp": 1697077069.0435972, "_runtime": 34.4781391620636, "_step": 236, "val_acc": 83.81502532958984, "_wandb": {"runtime": 34}}