{"train_loss": 0.03678828917530387, "_timestamp": 1697062005.8932018, "_runtime": 25.05915379524231, "_step": 194, "val_acc": 86.7052001953125, "_wandb": {"runtime": 24}}