{"train_loss": 0.15601162534467009, "_timestamp": 1697027249.8278785, "_runtime": 10.734512567520142, "_step": 62, "val_acc": 82.6589584350586, "_wandb": {"runtime": 10}}