{"train_loss": 0.0588638491358007, "_timestamp": 1696980052.7640214, "_runtime": 38.638320446014404, "_step": 273, "val_acc": 87.28323364257812, "_wandb": {"runtime": 38}}