{"train_loss": 0.026318509142499332, "_timestamp": 1697114967.2624342, "_runtime": 39.713311195373535, "_step": 287, "val_acc": 86.12716674804688, "_wandb": {"runtime": 39}}