{"train_loss": 0.13599675300336161, "_timestamp": 1697101774.388195, "_runtime": 11.057153940200806, "_step": 60, "val_acc": 88.4393081665039, "_wandb": {"runtime": 10}}