{"train_loss": 0.17396799243206895, "_timestamp": 1696988831.8220232, "_runtime": 13.800007104873657, "_step": 75, "val_acc": 83.23699188232422, "_wandb": {"runtime": 13}}