{"train_loss": NaN, "_timestamp": 1696827725.4536128, "_runtime": 585.0395848751068, "_step": 9, "_wandb": {"runtime": 597}}