{"train_loss": 0.07273198798472105, "_timestamp": 1697121865.2352002, "_runtime": 14.573950052261353, "_step": 92, "val_acc": 84.39306640625, "_wandb": {"runtime": 14}}