{"train_loss": 0.03668399706082202, "_timestamp": 1697055371.901768, "_runtime": 24.8490629196167, "_step": 192, "val_acc": 85.54913330078125, "_wandb": {"runtime": 24}}