{"train_loss": 0.05683260586459276, "_timestamp": 1697048441.5972047, "_runtime": 30.977930784225464, "_step": 249, "val_acc": 83.81502532958984, "_wandb": {"runtime": 30}}