{"train_loss": 0.1412612664253386, "_timestamp": 1697008441.606544, "_runtime": 17.082693099975586, "_step": 102, "val_acc": 86.12716674804688, "_wandb": {"runtime": 16}}