{"train_loss": 0.049823974613858346, "_timestamp": 1697020828.5382297, "_runtime": 40.492329597473145, "_step": 284, "val_acc": 84.97109985351562, "_wandb": {"runtime": 40}}