{"train_loss": 0.05972554152127529, "_timestamp": 1697130186.070237, "_runtime": 27.996529817581177, "_step": 186, "val_acc": 85.54913330078125, "_wandb": {"runtime": 27}}