{"train_loss": 1.2576151970755758, "_timestamp": 1696841980.180084, "_runtime": 589.4428870677948, "_step": 9, "_wandb": {"runtime": 602}}