{"train_loss": 0.42093451494394346, "_timestamp": 1697115762.7250571, "_runtime": 32.066445112228394, "_step": 260, "val_acc": 82.08092498779297, "_wandb": {"runtime": 31}}