{"train_loss": 0.08384013050614834, "_timestamp": 1697054423.9719746, "_runtime": 27.928621530532837, "_step": 186, "val_acc": 87.28323364257812, "_wandb": {"runtime": 27}}