{"train_loss": 0.09268790499143421, "_timestamp": 1697117413.7523584, "_runtime": 29.13672137260437, "_step": 195, "val_acc": 83.23699188232422, "_wandb": {"runtime": 28}}