{"train_loss": 0.07550070331253242, "_timestamp": 1697033003.2501812, "_runtime": 31.438278198242188, "_step": 213, "val_acc": 86.7052001953125, "_wandb": {"runtime": 31}}