{"train_loss": 0.02957042417120795, "_timestamp": 1697118802.6603932, "_runtime": 25.054551124572754, "_step": 197, "val_acc": 85.54913330078125, "_wandb": {"runtime": 24}}