{"train_loss": 0.14228923681603614, "_timestamp": 1697067823.6923172, "_runtime": 20.072670221328735, "_step": 122, "val_acc": 82.6589584350586, "_wandb": {"runtime": 19}}