{"train_loss": 0.06869406419329692, "_timestamp": 1697026689.0895452, "_runtime": 26.417190313339233, "_step": 177, "val_acc": 83.23699188232422, "_wandb": {"runtime": 26}}