{"train_loss": 0.03880733476551033, "_timestamp": 1697016472.198597, "_runtime": 27.884692907333374, "_step": 219, "val_acc": 84.39306640625, "_wandb": {"runtime": 27}}