{"train_loss": 0.02726008552586833, "_timestamp": 1697042814.7002227, "_runtime": 26.166316747665405, "_step": 204, "val_acc": 84.97109985351562, "_wandb": {"runtime": 25}}