{"train_loss": 0.02950108480683073, "_timestamp": 1697063194.62596, "_runtime": 32.59588623046875, "_step": 222, "val_acc": 85.54913330078125, "_wandb": {"runtime": 27}}