{"train_loss": 0.059932415281574045, "_timestamp": 1697062136.8663757, "_runtime": 31.86480474472046, "_step": 215, "val_acc": 83.81502532958984, "_wandb": {"runtime": 31}}