{"train_loss": 0.07667229333242705, "_timestamp": 1697127023.4411151, "_runtime": 42.69920611381531, "_step": 297, "val_acc": 80.92485809326172, "_wandb": {"runtime": 42}}