{"train_loss": 0.0502446677094477, "_timestamp": 1697063869.1031713, "_runtime": 23.035076379776, "_step": 176, "val_acc": 85.54913330078125, "_wandb": {"runtime": 22}}