{"train_loss": 0.014084826343351715, "_timestamp": 1697128021.982065, "_runtime": 33.26848006248474, "_step": 272, "val_acc": 87.86127471923828, "_wandb": {"runtime": 32}}