{"train_loss": 0.13633793622775134, "_timestamp": 1697008123.4874816, "_runtime": 8.885104656219482, "_step": 45, "val_acc": 83.23699188232422, "_wandb": {"runtime": 8}}