{"train_loss": 0.032093720671688315, "_timestamp": 1696990408.3620465, "_runtime": 33.723522424697876, "_step": 269, "val_acc": 84.97109985351562, "_wandb": {"runtime": 33}}