{"train_loss": 0.27864072489184005, "_timestamp": 1697098865.0168333, "_runtime": 7.215019226074219, "_step": 29, "val_acc": 87.28323364257812, "_wandb": {"runtime": 6}}