{"train_loss": 0.08734809873668953, "_timestamp": 1697105565.543816, "_runtime": 16.088289976119995, "_step": 113, "val_acc": 86.7052001953125, "_wandb": {"runtime": 15}}