{"train_loss": 0.09688872845605188, "_timestamp": 1697128628.9182365, "_runtime": 25.032323598861694, "_step": 162, "val_acc": 83.81502532958984, "_wandb": {"runtime": 24}}