{"train_loss": 0.09658106318999861, "_timestamp": 1697122683.7243845, "_runtime": 20.38338565826416, "_step": 122, "val_acc": 86.7052001953125, "_wandb": {"runtime": 19}}