{"train_loss": 0.1092433797535324, "_timestamp": 1697070156.8415434, "_runtime": 32.79989147186279, "_step": 225, "val_acc": 84.97109985351562, "_wandb": {"runtime": 32}}