{"train_loss": 0.1615431662215743, "_timestamp": 1697103794.1418364, "_runtime": 10.246331453323364, "_step": 48, "val_acc": 84.97109985351562, "_wandb": {"runtime": 9}}