{"train_loss": 0.03397647511528069, "_timestamp": 1697123414.320131, "_runtime": 20.565577030181885, "_step": 152, "val_acc": 86.12716674804688, "_wandb": {"runtime": 20}}