{"train_loss": 0.10945061625652881, "_timestamp": 1696979371.989575, "_runtime": 21.36947798728943, "_step": 135, "val_acc": 86.7052001953125, "_wandb": {"runtime": 20}}