{"train_loss": 0.029577524490589494, "_timestamp": 1697070226.7051175, "_runtime": 30.861613512039185, "_step": 251, "val_acc": 84.39306640625, "_wandb": {"runtime": 30}}