{"train_loss": 0.032203026982240895, "_timestamp": 1697039183.3547912, "_runtime": 34.32155919075012, "_step": 281, "val_acc": 87.28323364257812, "_wandb": {"runtime": 33}}