{"train_loss": 0.07463870473682534, "_timestamp": 1697040620.3170016, "_runtime": 20.80428647994995, "_step": 131, "val_acc": 84.97109985351562, "_wandb": {"runtime": 20}}