{"train_loss": 0.05342387787044742, "_timestamp": 1697116528.0340004, "_runtime": 18.398810386657715, "_step": 135, "val_acc": 82.08092498779297, "_wandb": {"runtime": 17}}