{"train_loss": 0.10168414035010649, "_timestamp": 1697104802.200347, "_runtime": 36.314138889312744, "_step": 254, "val_acc": 84.97109985351562, "_wandb": {"runtime": 35}}