{"train_loss": 0.013396311851846443, "_timestamp": 1697026199.8909845, "_runtime": 33.759254455566406, "_step": 279, "val_acc": 85.54913330078125, "_wandb": {"runtime": 33}}