{"train_loss": 0.0632478766858058, "_timestamp": 1696992009.6863337, "_runtime": 22.480663537979126, "_step": 167, "val_acc": 88.4393081665039, "_wandb": {"runtime": 22}}