{"train_loss": 0.16750997668781945, "_timestamp": 1696988061.2866752, "_runtime": 8.693320274353027, "_step": 41, "val_acc": 85.54913330078125, "_wandb": {"runtime": 8}}