{"train_loss": 0.07536624661960833, "_timestamp": 1697126621.5176983, "_runtime": 15.091487169265747, "_step": 102, "val_acc": 85.54913330078125, "_wandb": {"runtime": 14}}