{"train_loss": 0.06173962002706736, "_timestamp": 1696988254.842866, "_runtime": 17.038485050201416, "_step": 117, "val_acc": 83.81502532958984, "_wandb": {"runtime": 16}}