{"train_loss": 0.029878818124077867, "_timestamp": 1696985069.5582216, "_runtime": 36.33454656600952, "_step": 288, "val_acc": 83.23699188232422, "_wandb": {"runtime": 35}}