{"train_loss": 0.2188056794233447, "_timestamp": 1697116472.7706895, "_runtime": 15.107520580291748, "_step": 86, "val_acc": 82.08092498779297, "_wandb": {"runtime": 14}}