{"train_loss": 0.08080506474415902, "_timestamp": 1697025511.8814113, "_runtime": 37.536248207092285, "_step": 263, "val_acc": 85.54913330078125, "_wandb": {"runtime": 37}}