{"train_loss": 0.1256198026239872, "_timestamp": 1697084109.4874697, "_runtime": 12.65657663345337, "_step": 80, "val_acc": 84.97109985351562, "_wandb": {"runtime": 12}}