{"train_loss": 0.16835973592648326, "_timestamp": 1696989764.5926046, "_runtime": 18.568037748336792, "_step": 110, "val_acc": 84.39306640625, "_wandb": {"runtime": 18}}