{"train_loss": 0.021960565972623827, "_timestamp": 1697021674.8223102, "_runtime": 36.70343732833862, "_step": 254, "val_acc": 86.12716674804688, "_wandb": {"runtime": 36}}