{"train_loss": 0.041828429543001706, "_timestamp": 1697047822.8334255, "_runtime": 33.160320520401, "_step": 270, "val_acc": 83.81502532958984, "_wandb": {"runtime": 32}}