{"train_loss": 0.07332042927398931, "_timestamp": 1697004195.6795647, "_runtime": 22.58776569366455, "_step": 161, "val_acc": 85.54913330078125, "_wandb": {"runtime": 21}}