{"train_loss": 0.20135516258292332, "_timestamp": 1697059297.6271644, "_runtime": 33.99455142021179, "_step": 234, "val_acc": 80.92485809326172, "_wandb": {"runtime": 33}}