{"train_loss": 0.20917535451955574, "_timestamp": 1697101384.5422318, "_runtime": 7.579698801040649, "_step": 32, "val_acc": 81.50289154052734, "_wandb": {"runtime": 7}}