{"train_loss": 0.0626444326183044, "_timestamp": 1696993339.2533705, "_runtime": 26.515747547149658, "_step": 206, "val_acc": 87.28323364257812, "_wandb": {"runtime": 26}}