{"train_loss": 0.12311800321845641, "_timestamp": 1696987881.9225507, "_runtime": 40.841864585876465, "_step": 281, "val_acc": 82.6589584350586, "_wandb": {"runtime": 40}}