{"train_loss": 0.1821077150011132, "_timestamp": 1697008144.9442158, "_runtime": 9.364315748214722, "_step": 50, "val_acc": 87.86127471923828, "_wandb": {"runtime": 9}}