{"train_loss": 0.02973228592972466, "_timestamp": 1697129440.92735, "_runtime": 30.980767965316772, "_step": 249, "val_acc": 86.12716674804688, "_wandb": {"runtime": 30}}