{"train_loss": 0.07479968941553908, "_timestamp": 1697023411.44126, "_runtime": 40.713890075683594, "_step": 285, "val_acc": 86.12716674804688, "_wandb": {"runtime": 40}}