{"train_loss": 0.2885069280299683, "_timestamp": 1697077974.4945774, "_runtime": 10.506354331970215, "_step": 50, "val_acc": 85.54913330078125, "_wandb": {"runtime": 10}}