{"train_loss": 0.06816835659704994, "_timestamp": 1696991725.1760976, "_runtime": 32.32868552207947, "_step": 249, "val_acc": 84.97109985351562, "_wandb": {"runtime": 31}}