{"train_loss": 0.052469812027655195, "_timestamp": 1697097495.2352326, "_runtime": 33.18706560134888, "_step": 273, "val_acc": 86.7052001953125, "_wandb": {"runtime": 32}}