{"train_loss": 0.08335108011094637, "_timestamp": 1697119185.7462003, "_runtime": 15.240434408187866, "_step": 104, "val_acc": 84.39306640625, "_wandb": {"runtime": 14}}