{"train_loss": 0.15011980540530626, "_timestamp": 1697021965.5985014, "_runtime": 9.093136548995972, "_step": 45, "val_acc": 86.12716674804688, "_wandb": {"runtime": 8}}