{"train_loss": 0.07465175292549417, "_timestamp": 1696972540.8987212, "_runtime": 38.808937311172485, "_step": 267, "val_acc": 84.97109985351562, "_wandb": {"runtime": 38}}