{"train_loss": 0.03322544655231976, "_timestamp": 1697019823.1253235, "_runtime": 27.328463554382324, "_step": 218, "val_acc": 86.7052001953125, "_wandb": {"runtime": 26}}