{"train_loss": 0.26404423266649246, "_timestamp": 1696991041.749564, "_runtime": 7.468858003616333, "_step": 29, "val_acc": 86.12716674804688, "_wandb": {"runtime": 7}}