{"train_loss": 0.08836853707772355, "_timestamp": 1696976996.7690716, "_runtime": 25.590842485427856, "_step": 170, "val_acc": 87.28323364257812, "_wandb": {"runtime": 25}}