{"train_loss": 0.07753496125427096, "_timestamp": 1697106138.3375452, "_runtime": 18.88758611679077, "_step": 138, "val_acc": 84.97109985351562, "_wandb": {"runtime": 18}}