{"train_loss": 0.27584850892078044, "_timestamp": 1697046370.076887, "_runtime": 7.318279981613159, "_step": 29, "val_acc": 80.34681701660156, "_wandb": {"runtime": 6}}