{"train_loss": 0.035104552273053764, "_timestamp": 1697026998.8029199, "_runtime": 32.44991683959961, "_step": 260, "val_acc": 83.81502532958984, "_wandb": {"runtime": 31}}