{"train_loss": 0.045647192242836886, "_timestamp": 1697056246.8879843, "_runtime": 21.570892333984375, "_step": 162, "val_acc": 83.81502532958984, "_wandb": {"runtime": 21}}