{"train_loss": 0.061960086158779994, "_timestamp": 1697004703.4301312, "_runtime": 25.798431158065796, "_step": 167, "val_acc": 85.54913330078125, "_wandb": {"runtime": 25}}