{"train_loss": 0.05288780589458034, "_timestamp": 1697035757.2894616, "_runtime": 21.045612573623657, "_step": 135, "val_acc": 83.81502532958984, "_wandb": {"runtime": 20}}