{"train_loss": 0.028270896613532895, "_timestamp": 1697114502.05751, "_runtime": 34.90618181228638, "_step": 285, "val_acc": 86.7052001953125, "_wandb": {"runtime": 34}}