{"train_loss": 0.07419076689713916, "_timestamp": 1697116104.9320652, "_runtime": 17.82814621925354, "_step": 128, "val_acc": 87.86127471923828, "_wandb": {"runtime": 17}}