{"train_loss": 2.54580981786861, "_timestamp": 1697074869.557926, "_runtime": 7.902065992355347, "_step": 33, "val_acc": 49.71098327636719, "_wandb": {"runtime": 7}}