{"train_loss": 0.021059451364847118, "_timestamp": 1697009756.8353999, "_runtime": 33.187782764434814, "_step": 269, "val_acc": 87.86127471923828, "_wandb": {"runtime": 32}}