{"train_loss": 0.032815347972520906, "_timestamp": 1697003543.0527313, "_runtime": 34.38797426223755, "_step": 234, "val_acc": 82.6589584350586, "_wandb": {"runtime": 34}}