{"train_loss": 0.077076398020307, "_timestamp": 1696995615.7147613, "_runtime": 14.452831268310547, "_step": 93, "val_acc": 83.23699188232422, "_wandb": {"runtime": 14}}