{"train_loss": 0.04890251406576744, "_timestamp": 1697093141.8517265, "_runtime": 32.15385842323303, "_step": 263, "val_acc": 84.97109985351562, "_wandb": {"runtime": 31}}