{"train_loss": 0.01926403531945462, "_timestamp": 1697042379.1865711, "_runtime": 34.09345507621765, "_step": 279, "val_acc": 84.39306640625, "_wandb": {"runtime": 33}}