{"train_loss": 0.31682882046456945, "_timestamp": 1696984769.8054907, "_runtime": 10.017964839935303, "_step": 45, "val_acc": 82.08092498779297, "_wandb": {"runtime": 9}}