{"train_loss": 0.0713782036043487, "_timestamp": 1697128521.4447563, "_runtime": 35.76678133010864, "_step": 246, "val_acc": 83.81502532958984, "_wandb": {"runtime": 35}}