{"train_loss": 0.2300758283845214, "_timestamp": 1697003079.6414654, "_runtime": 8.012400388717651, "_step": 36, "val_acc": 85.54913330078125, "_wandb": {"runtime": 7}}