{"train_loss": 0.042599527165293694, "_timestamp": 1697028632.0189338, "_runtime": 28.193397760391235, "_step": 224, "val_acc": 83.23699188232422, "_wandb": {"runtime": 27}}