{"train_loss": 0.028015580248943163, "_timestamp": 1696974795.902787, "_runtime": 26.728579998016357, "_step": 210, "val_acc": 85.54913330078125, "_wandb": {"runtime": 26}}