{"train_loss": NaN, "_timestamp": 1696908345.774757, "_runtime": 869.671660900116, "_step": 21, "val_acc": 0.04624277353286743, "_wandb": {"runtime": 869}}