{"train_loss": 0.07202514557731013, "_timestamp": 1697021112.364499, "_runtime": 15.64210820198059, "_step": 108, "val_acc": 84.39306640625, "_wandb": {"runtime": 15}}