{"train_loss": 3.2962219566106796, "_timestamp": 1696951729.3913288, "_runtime": 869.164913892746, "_step": 21, "val_acc": 0.04624277353286743, "_wandb": {"runtime": 868}}