{"train_loss": 0.14245649306969935, "_timestamp": 1696980749.1286278, "_runtime": 14.35211968421936, "_step": 81, "val_acc": 86.12716674804688, "_wandb": {"runtime": 13}}