{"train_loss": 0.1096109701239309, "_timestamp": 1697111886.967898, "_runtime": 41.27089595794678, "_step": 297, "val_acc": 84.97109985351562, "_wandb": {"runtime": 40}}