{"train_loss": 0.062468839051245256, "_timestamp": 1696986983.0248313, "_runtime": 21.569091320037842, "_step": 158, "val_acc": 86.7052001953125, "_wandb": {"runtime": 21}}