{"train_loss": 0.0288537037200132, "_timestamp": 1697121980.738202, "_runtime": 37.10757517814636, "_step": 245, "val_acc": 84.97109985351562, "_wandb": {"runtime": 36}}