{"train_loss": 0.22712477487187052, "_timestamp": 1697090648.396703, "_runtime": 17.93589496612549, "_step": 108, "val_acc": 84.39306640625, "_wandb": {"runtime": 17}}