{"train_loss": 0.03794956844852328, "_timestamp": 1697092704.479221, "_runtime": 31.837949991226196, "_step": 222, "val_acc": 85.54913330078125, "_wandb": {"runtime": 31}}