{"train_loss": 0.08234316511296255, "_timestamp": 1697115720.6462848, "_runtime": 15.847981929779053, "_step": 110, "val_acc": 86.7052001953125, "_wandb": {"runtime": 15}}