{"train_loss": 0.0338839644587837, "_timestamp": 1697018488.7849638, "_runtime": 34.46312093734741, "_step": 282, "val_acc": 86.7052001953125, "_wandb": {"runtime": 34}}