{"train_loss": 0.02507073031792547, "_timestamp": 1697016626.2377865, "_runtime": 33.145676612854004, "_step": 266, "val_acc": 84.97109985351562, "_wandb": {"runtime": 32}}