{"train_loss": 0.3615749662005624, "_timestamp": 1697123107.575437, "_runtime": 9.062800168991089, "_step": 39, "val_acc": 83.23699188232422, "_wandb": {"runtime": 8}}