{"train_loss": 0.05846583958022123, "_timestamp": 1697111101.5089998, "_runtime": 17.653785705566406, "_step": 125, "val_acc": 87.86127471923828, "_wandb": {"runtime": 17}}