{"train_loss": 0.02030821039265585, "_timestamp": 1697046826.4710152, "_runtime": 33.940659284591675, "_step": 278, "val_acc": 87.86127471923828, "_wandb": {"runtime": 33}}