{"train_loss": 0.09168763226913397, "_timestamp": 1697129401.7569742, "_runtime": 38.210960149765015, "_step": 264, "val_acc": 86.12716674804688, "_wandb": {"runtime": 37}}