{"train_loss": 0.18486541338524845, "_timestamp": 1697005925.7687976, "_runtime": 12.169395685195923, "_step": 63, "val_acc": 82.6589584350586, "_wandb": {"runtime": 11}}