{"train_loss": 0.5360288717025934, "_timestamp": 1697129489.9236217, "_runtime": 12.918034553527832, "_step": 81, "val_acc": 83.81502532958984, "_wandb": {"runtime": 12}}