{"train_loss": 0.08388270394400109, "_timestamp": 1697089374.6690378, "_runtime": 13.303338766098022, "_step": 74, "val_acc": 84.39306640625, "_wandb": {"runtime": 12}}