{"train_loss": 0.16929578235329584, "_timestamp": 1697067720.4945178, "_runtime": 10.433335781097412, "_step": 56, "val_acc": 84.39306640625, "_wandb": {"runtime": 9}}