{"train_loss": 0.20249122242594875, "_timestamp": 1696983140.9376423, "_runtime": 9.889391422271729, "_step": 45, "val_acc": 84.97109985351562, "_wandb": {"runtime": 9}}