{"train_loss": 0.18345366174701688, "_timestamp": 1697080447.210381, "_runtime": 18.671024084091187, "_step": 113, "val_acc": 85.54913330078125, "_wandb": {"runtime": 18}}