{"train_loss": 0.020661032141381225, "_timestamp": 1696993063.8509622, "_runtime": 29.566891193389893, "_step": 231, "val_acc": 87.86127471923828, "_wandb": {"runtime": 29}}