{"train_loss": 0.09500047540682, "_timestamp": 1696976643.303801, "_runtime": 14.819489002227783, "_step": 96, "val_acc": 84.97109985351562, "_wandb": {"runtime": 14}}