{"train_loss": 0.09884846396744251, "_timestamp": 1697122590.2093005, "_runtime": 15.652536630630493, "_step": 99, "val_acc": 86.7052001953125, "_wandb": {"runtime": 15}}