{"train_loss": 0.25714049384344456, "_timestamp": 1697065749.454617, "_runtime": 18.321699142456055, "_step": 132, "val_acc": 83.81502532958984, "_wandb": {"runtime": 17}}