{"train_loss": 0.06684578125646641, "_timestamp": 1697059582.7339334, "_runtime": 19.40340256690979, "_step": 141, "val_acc": 84.97109985351562, "_wandb": {"runtime": 19}}