{"train_loss": 0.03815336346756234, "_timestamp": 1697048290.0562882, "_runtime": 28.88402032852173, "_step": 231, "val_acc": 82.6589584350586, "_wandb": {"runtime": 28}}