{"train_loss": 0.043336377674063974, "_timestamp": 1697053167.0920703, "_runtime": 31.210177421569824, "_step": 249, "val_acc": 86.7052001953125, "_wandb": {"runtime": 30}}