{"train_loss": 0.0708324765180086, "_timestamp": 1696997176.4967053, "_runtime": 19.184282302856445, "_step": 138, "val_acc": 83.81502532958984, "_wandb": {"runtime": 18}}