{"train_loss": 0.045406101409584114, "_timestamp": 1697101596.519846, "_runtime": 28.878331899642944, "_step": 231, "val_acc": 83.81502532958984, "_wandb": {"runtime": 28}}