{"train_loss": 0.04051626296334922, "_timestamp": 1697116219.8494387, "_runtime": 22.99776864051819, "_step": 179, "val_acc": 86.12716674804688, "_wandb": {"runtime": 22}}