{"train_loss": 0.138292204282723, "_timestamp": 1696980145.5544696, "_runtime": 17.497822523117065, "_step": 105, "val_acc": 84.39306640625, "_wandb": {"runtime": 17}}