{"train_loss": 0.14984663618122077, "_timestamp": 1697082043.0166361, "_runtime": 16.1623592376709, "_step": 96, "val_acc": 82.08092498779297, "_wandb": {"runtime": 15}}