{"train_loss": 0.06859584349115531, "_timestamp": 1697073554.7378502, "_runtime": 26.525177240371704, "_step": 170, "val_acc": 82.6589584350586, "_wandb": {"runtime": 26}}