{"train_loss": 0.04364958323191765, "_timestamp": 1697021468.1413367, "_runtime": 31.230263710021973, "_step": 252, "val_acc": 86.7052001953125, "_wandb": {"runtime": 30}}