{"train_loss": 0.20493691453580246, "_timestamp": 1697119334.1094666, "_runtime": 8.62710165977478, "_step": 41, "val_acc": 86.7052001953125, "_wandb": {"runtime": 8}}