{"train_loss": 0.10328305197803866, "_timestamp": 1697005631.5023088, "_runtime": 22.93263578414917, "_step": 144, "val_acc": 84.97109985351562, "_wandb": {"runtime": 22}}