{"train_loss": 0.1747903536442061, "_timestamp": 1697043275.3860826, "_runtime": 13.378365755081177, "_step": 72, "val_acc": 84.97109985351562, "_wandb": {"runtime": 12}}