{"train_loss": 0.04716349904815298, "_timestamp": 1697058577.1534474, "_runtime": 31.102250337600708, "_step": 254, "val_acc": 86.12716674804688, "_wandb": {"runtime": 30}}