{"train_loss": 0.0756327191389404, "_timestamp": 1697124011.4288464, "_runtime": 15.761533260345459, "_step": 108, "val_acc": 87.28323364257812, "_wandb": {"runtime": 15}}