{"train_loss": 0.23500769390443035, "_timestamp": 1697092360.6010451, "_runtime": 8.743981122970581, "_step": 36, "val_acc": 83.81502532958984, "_wandb": {"runtime": 8}}