{"train_loss": 0.056510824685764696, "_timestamp": 1696982895.9791656, "_runtime": 22.15991449356079, "_step": 168, "val_acc": 86.7052001953125, "_wandb": {"runtime": 21}}