{"train_loss": 0.020012329798191786, "_timestamp": 1696976177.0541139, "_runtime": 34.127362966537476, "_step": 281, "val_acc": 86.7052001953125, "_wandb": {"runtime": 33}}