{"train_loss": 0.04174920685080335, "_timestamp": 1696976320.324948, "_runtime": 37.14447617530823, "_step": 260, "val_acc": 85.54913330078125, "_wandb": {"runtime": 36}}