{"train_loss": 0.03983916826329605, "_timestamp": 1697022781.861242, "_runtime": 24.033513069152832, "_step": 177, "val_acc": 87.28323364257812, "_wandb": {"runtime": 22}}