{"train_loss": 0.08503840122978355, "_timestamp": 1697032444.3421757, "_runtime": 13.230702638626099, "_step": 84, "val_acc": 86.7052001953125, "_wandb": {"runtime": 12}}