{"train_loss": 0.16060758644151826, "_timestamp": 1697077333.106361, "_runtime": 15.926667928695679, "_step": 93, "val_acc": 84.39306640625, "_wandb": {"runtime": 15}}