{"train_loss": 0.2764778361374209, "_timestamp": 1697062494.7790098, "_runtime": 9.467114925384521, "_step": 42, "val_acc": 81.50289154052734, "_wandb": {"runtime": 9}}