{"train_loss": 0.06488429408433825, "_timestamp": 1697082695.365275, "_runtime": 23.29780602455139, "_step": 179, "val_acc": 84.97109985351562, "_wandb": {"runtime": 22}}