{"train_loss": 0.03849684141933658, "_timestamp": 1697044723.9788787, "_runtime": 23.873319625854492, "_step": 185, "val_acc": 86.12716674804688, "_wandb": {"runtime": 23}}