{"train_loss": 0.3194075190397196, "_timestamp": 1697025091.525509, "_runtime": 9.248534202575684, "_step": 29, "val_acc": 81.50289154052734, "_wandb": {"runtime": 7}}