{"train_loss": 0.048264113199344816, "_timestamp": 1697059876.1273744, "_runtime": 40.39482545852661, "_step": 282, "val_acc": 86.7052001953125, "_wandb": {"runtime": 39}}