{"train_loss": 0.2801556440806666, "_timestamp": 1697094954.4624543, "_runtime": 8.508788347244263, "_step": 35, "val_acc": 83.81502532958984, "_wandb": {"runtime": 8}}