{"train_loss": 0.091473012252949, "_timestamp": 1697010146.3725908, "_runtime": 16.989458799362183, "_step": 120, "val_acc": 87.28323364257812, "_wandb": {"runtime": 16}}