{"train_loss": 0.10669764032151528, "_timestamp": 1697058078.7695842, "_runtime": 33.428399085998535, "_step": 228, "val_acc": 86.12716674804688, "_wandb": {"runtime": 33}}