{"train_loss": 0.21589123180439307, "_timestamp": 1697072522.1571548, "_runtime": 14.502644777297974, "_step": 80, "val_acc": 82.6589584350586, "_wandb": {"runtime": 14}}