{"train_loss": 0.2019621757357273, "_timestamp": 1697058258.548779, "_runtime": 10.889074087142944, "_step": 53, "val_acc": 79.76878356933594, "_wandb": {"runtime": 10}}