{"train_loss": 0.18530351469336553, "_timestamp": 1697084384.722811, "_runtime": 8.503211975097656, "_step": 41, "val_acc": 85.54913330078125, "_wandb": {"runtime": 8}}