{"train_loss": 0.07697015593023321, "_timestamp": 1697074073.4371357, "_runtime": 14.013911724090576, "_step": 92, "val_acc": 84.39306640625, "_wandb": {"runtime": 13}}