{"train_loss": 0.05717802093212688, "_timestamp": 1696998361.0995092, "_runtime": 22.0972683429718, "_step": 162, "val_acc": 85.54913330078125, "_wandb": {"runtime": 21}}