{"train_loss": 0.09871573906884594, "_timestamp": 1697057320.6767333, "_runtime": 32.93542718887329, "_step": 230, "val_acc": 84.39306640625, "_wandb": {"runtime": 32}}