{"train_loss": 0.023548877852167503, "_timestamp": 1697020947.278136, "_runtime": 30.687056064605713, "_step": 248, "val_acc": 89.01734161376953, "_wandb": {"runtime": 30}}