{"train_loss": 0.09012848367578848, "_timestamp": 1697045941.0317786, "_runtime": 27.78792667388916, "_step": 185, "val_acc": 83.81502532958984, "_wandb": {"runtime": 27}}