{"train_loss": 0.03483984122448059, "_timestamp": 1697066190.4027784, "_runtime": 29.030890464782715, "_step": 231, "val_acc": 83.81502532958984, "_wandb": {"runtime": 28}}