{"train_loss": 0.1393912244225354, "_timestamp": 1697084226.875618, "_runtime": 26.249190092086792, "_step": 173, "val_acc": 85.54913330078125, "_wandb": {"runtime": 25}}