{"train_loss": 0.12535085901618004, "_timestamp": 1697095277.0258157, "_runtime": 10.939711809158325, "_step": 63, "val_acc": 84.39306640625, "_wandb": {"runtime": 10}}