{"train_loss": 0.042083218314706586, "_timestamp": 1697088654.3616447, "_runtime": 25.167561769485474, "_step": 197, "val_acc": 83.81502532958984, "_wandb": {"runtime": 24}}