{"train_loss": 0.0971287251991588, "_timestamp": 1697098611.445331, "_runtime": 14.411278009414673, "_step": 81, "val_acc": 82.6589584350586, "_wandb": {"runtime": 14}}