{"train_loss": 0.1251827825515986, "_timestamp": 1697079424.6206043, "_runtime": 24.87337827682495, "_step": 164, "val_acc": 87.28323364257812, "_wandb": {"runtime": 24}}