{"train_loss": 0.05245770930399209, "_timestamp": 1697075306.1681385, "_runtime": 34.73439860343933, "_step": 243, "val_acc": 85.54913330078125, "_wandb": {"runtime": 34}}