{"train_loss": 0.13452327736046946, "_timestamp": 1696985339.537958, "_runtime": 28.8336398601532, "_step": 188, "val_acc": 81.50289154052734, "_wandb": {"runtime": 28}}