{"train_loss": 0.04558880510333882, "_timestamp": 1697046355.5260742, "_runtime": 33.9898042678833, "_step": 278, "val_acc": 86.12716674804688, "_wandb": {"runtime": 33}}