{"train_loss": 0.06581531277976843, "_timestamp": 1697113040.522998, "_runtime": 40.28209209442139, "_step": 284, "val_acc": 86.7052001953125, "_wandb": {"runtime": 39}}