{"train_loss": 0.12133952737027823, "_timestamp": 1697088383.6574006, "_runtime": 12.089641571044922, "_step": 74, "val_acc": 84.97109985351562, "_wandb": {"runtime": 11}}