{"train_loss": 0.06923218429911622, "_timestamp": 1697011335.032928, "_runtime": 25.12091302871704, "_step": 195, "val_acc": 84.39306640625, "_wandb": {"runtime": 24}}