{"train_loss": 0.1432334152591783, "_timestamp": 1697004441.0558317, "_runtime": 10.63140869140625, "_step": 60, "val_acc": 84.39306640625, "_wandb": {"runtime": 10}}