{"train_loss": 0.09123661921110524, "_timestamp": 1697094876.0540767, "_runtime": 27.983025789260864, "_step": 191, "val_acc": 86.12716674804688, "_wandb": {"runtime": 27}}