{"train_loss": 0.0355241063354147, "_timestamp": 1697052658.8908484, "_runtime": 34.26485848426819, "_step": 237, "val_acc": 85.54913330078125, "_wandb": {"runtime": 33}}