{"train_loss": 0.1223364710796971, "_timestamp": 1696999401.090543, "_runtime": 34.19946002960205, "_step": 234, "val_acc": 87.28323364257812, "_wandb": {"runtime": 33}}