{"train_loss": 0.032503014481843034, "_timestamp": 1697084335.4970353, "_runtime": 21.27399230003357, "_step": 161, "val_acc": 87.28323364257812, "_wandb": {"runtime": 20}}