{"train_loss": 0.09580001968154034, "_timestamp": 1697113126.2674673, "_runtime": 27.907188177108765, "_step": 186, "val_acc": 83.81502532958984, "_wandb": {"runtime": 27}}