{"train_loss": 0.04384752781655596, "_timestamp": 1697006607.8317854, "_runtime": 33.88993453979492, "_step": 233, "val_acc": 86.7052001953125, "_wandb": {"runtime": 33}}