{"train_loss": 0.08825324429063733, "_timestamp": 1697010229.2792997, "_runtime": 33.14929270744324, "_step": 231, "val_acc": 85.54913330078125, "_wandb": {"runtime": 32}}