{"train_loss": 0.0972498637071789, "_timestamp": 1697047002.844876, "_runtime": 13.893028020858765, "_step": 92, "val_acc": 84.97109985351562, "_wandb": {"runtime": 13}}