{"train_loss": 0.1451649021839203, "_timestamp": 1697124482.7145133, "_runtime": 26.95628523826599, "_step": 180, "val_acc": 82.6589584350586, "_wandb": {"runtime": 26}}