{"train_loss": 0.1231949912860643, "_timestamp": 1697029142.4269075, "_runtime": 11.891186475753784, "_step": 72, "val_acc": 85.54913330078125, "_wandb": {"runtime": 11}}