{"train_loss": 0.06312588551406596, "_timestamp": 1697041666.8418562, "_runtime": 24.229249238967896, "_step": 158, "val_acc": 84.97109985351562, "_wandb": {"runtime": 23}}