{"train_loss": 0.020969806044080923, "_timestamp": 1697008256.68932, "_runtime": 28.391021013259888, "_step": 225, "val_acc": 86.12716674804688, "_wandb": {"runtime": 28}}