{"train_loss": 0.04713337466142378, "_timestamp": 1697114687.2779262, "_runtime": 24.16948628425598, "_step": 185, "val_acc": 84.39306640625, "_wandb": {"runtime": 23}}