{"train_loss": 0.19541718174032, "_timestamp": 1697086480.3948255, "_runtime": 12.17637038230896, "_step": 63, "val_acc": 86.7052001953125, "_wandb": {"runtime": 11}}