{"train_loss": 0.040679136096218295, "_timestamp": 1697082473.9808965, "_runtime": 19.68685245513916, "_step": 144, "val_acc": 88.4393081665039, "_wandb": {"runtime": 19}}