{"train_loss": 0.06399994500612212, "_timestamp": 1697013802.4303715, "_runtime": 39.70487141609192, "_step": 273, "val_acc": 82.08092498779297, "_wandb": {"runtime": 39}}