{"train_loss": 0.25436441453043807, "_timestamp": 1697075147.6733425, "_runtime": 10.55072546005249, "_step": 50, "val_acc": 86.7052001953125, "_wandb": {"runtime": 10}}