{"train_loss": 0.034482837519283556, "_timestamp": 1697077714.8827188, "_runtime": 34.58283877372742, "_step": 242, "val_acc": 87.28323364257812, "_wandb": {"runtime": 34}}