{"train_loss": 0.051321046206244635, "_timestamp": 1697128109.4106681, "_runtime": 37.7037091255188, "_step": 266, "val_acc": 86.7052001953125, "_wandb": {"runtime": 37}}