{"train_loss": 0.021943676252957692, "_timestamp": 1697105870.7784536, "_runtime": 40.268311500549316, "_step": 288, "val_acc": 83.81502532958984, "_wandb": {"runtime": 39}}