{"train_loss": 0.08984202596218173, "_timestamp": 1697069003.9101963, "_runtime": 37.853936195373535, "_step": 264, "val_acc": 86.12716674804688, "_wandb": {"runtime": 37}}