{"train_loss": 0.06490363427275402, "_timestamp": 1697067127.2400877, "_runtime": 33.433586835861206, "_step": 231, "val_acc": 83.81502532958984, "_wandb": {"runtime": 32}}