{"train_loss": 0.029763982000457514, "_timestamp": 1696987516.5731397, "_runtime": 30.70042872428894, "_step": 240, "val_acc": 86.12716674804688, "_wandb": {"runtime": 30}}