{"train_loss": 0.1466270283752576, "_timestamp": 1697033071.8333187, "_runtime": 13.097922801971436, "_step": 68, "val_acc": 84.97109985351562, "_wandb": {"runtime": 12}}