{"train_loss": 0.028732121055729167, "_timestamp": 1697049102.0845852, "_runtime": 33.3475661277771, "_step": 273, "val_acc": 85.54913330078125, "_wandb": {"runtime": 32}}