{"train_loss": 0.09620516478668811, "_timestamp": 1697114166.835891, "_runtime": 15.012825012207031, "_step": 102, "val_acc": 86.12716674804688, "_wandb": {"runtime": 14}}