{"train_loss": 0.13003712066254297, "_timestamp": 1697037426.2583115, "_runtime": 13.667184591293335, "_step": 89, "val_acc": 86.7052001953125, "_wandb": {"runtime": 13}}