{"train_loss": 0.26791132852261845, "_timestamp": 1697091024.8339028, "_runtime": 8.167458772659302, "_step": 38, "val_acc": 83.23699188232422, "_wandb": {"runtime": 7}}