{"train_loss": 0.1212342972136211, "_timestamp": 1697002037.2819428, "_runtime": 34.80469584465027, "_step": 240, "val_acc": 84.39306640625, "_wandb": {"runtime": 34}}