{"train_loss": 0.2381510404480058, "_timestamp": 1696998504.161824, "_runtime": 10.197099924087524, "_step": 47, "val_acc": 82.08092498779297, "_wandb": {"runtime": 9}}