{"train_loss": 0.10598135987353555, "_timestamp": 1696974212.7084768, "_runtime": 37.8370578289032, "_step": 266, "val_acc": 85.54913330078125, "_wandb": {"runtime": 37}}