{"train_loss": 0.0767102258436945, "_timestamp": 1696994442.801209, "_runtime": 25.31192398071289, "_step": 162, "val_acc": 85.54913330078125, "_wandb": {"runtime": 24}}