{"train_loss": 0.02005252310042378, "_timestamp": 1697087318.2904136, "_runtime": 35.06075572967529, "_step": 290, "val_acc": 84.39306640625, "_wandb": {"runtime": 34}}