{"train_loss": 0.04011563245453439, "_timestamp": 1697015898.7511015, "_runtime": 40.761619567871094, "_step": 291, "val_acc": 84.39306640625, "_wandb": {"runtime": 40}}