{"train_loss": 0.04385365812151238, "_timestamp": 1697117748.0144026, "_runtime": 16.654300689697266, "_step": 117, "val_acc": 85.54913330078125, "_wandb": {"runtime": 16}}