{"train_loss": 0.21996699286581473, "_timestamp": 1697044572.971126, "_runtime": 7.641268014907837, "_step": 32, "val_acc": 84.97109985351562, "_wandb": {"runtime": 7}}