{"train_loss": 0.18090993469191152, "_timestamp": 1696978501.5199873, "_runtime": 8.250205278396606, "_step": 38, "val_acc": 85.54913330078125, "_wandb": {"runtime": 7}}