{"train_loss": 0.04221816246159548, "_timestamp": 1697076585.944896, "_runtime": 20.836155891418457, "_step": 129, "val_acc": 86.12716674804688, "_wandb": {"runtime": 20}}