{"train_loss": 0.1518614663022332, "_timestamp": 1697042411.3542035, "_runtime": 25.24194836616516, "_step": 165, "val_acc": 82.6589584350586, "_wandb": {"runtime": 24}}