{"train_loss": 0.05272858544404423, "_timestamp": 1697097600.3694265, "_runtime": 29.718034505844116, "_step": 239, "val_acc": 87.28323364257812, "_wandb": {"runtime": 29}}