{"train_loss": 0.08112965914661736, "_timestamp": 1697098715.4221432, "_runtime": 39.60601329803467, "_step": 281, "val_acc": 83.23699188232422, "_wandb": {"runtime": 39}}