{"train_loss": 0.07227855807083637, "_timestamp": 1697078148.8502395, "_runtime": 14.626874446868896, "_step": 96, "val_acc": 84.39306640625, "_wandb": {"runtime": 14}}