{"train_loss": 0.06201656818996335, "_timestamp": 1697099368.7104595, "_runtime": 15.07086443901062, "_step": 102, "val_acc": 85.54913330078125, "_wandb": {"runtime": 14}}