{"train_loss": 0.11741278262072524, "_timestamp": 1696982192.7399688, "_runtime": 11.421396732330322, "_step": 68, "val_acc": 83.23699188232422, "_wandb": {"runtime": 10}}