{"train_loss": 0.3173307298227798, "_timestamp": 1697103127.813847, "_runtime": 10.36905312538147, "_step": 59, "val_acc": 87.28323364257812, "_wandb": {"runtime": 10}}