{"train_loss": 0.10875807400132248, "_timestamp": 1697054461.2580347, "_runtime": 28.91868782043457, "_step": 194, "val_acc": 80.92485809326172, "_wandb": {"runtime": 28}}