{"train_loss": 0.07291551152796506, "_timestamp": 1697091353.2823462, "_runtime": 41.333840131759644, "_step": 296, "val_acc": 82.6589584350586, "_wandb": {"runtime": 40}}