{"train_loss": 0.03420922221875815, "_timestamp": 1697097164.1836436, "_runtime": 32.455352544784546, "_step": 224, "val_acc": 87.28323364257812, "_wandb": {"runtime": 32}}