{"train_loss": 0.030135124592857738, "_timestamp": 1697090834.055476, "_runtime": 33.85802602767944, "_step": 281, "val_acc": 87.28323364257812, "_wandb": {"runtime": 33}}