{"train_loss": 0.13748538784336212, "_timestamp": 1696994924.3716197, "_runtime": 18.392804622650146, "_step": 108, "val_acc": 86.7052001953125, "_wandb": {"runtime": 17}}