{"train_loss": 0.06899111780343405, "_timestamp": 1697054059.5230987, "_runtime": 35.39586281776428, "_step": 240, "val_acc": 82.08092498779297, "_wandb": {"runtime": 35}}