{"train_loss": 0.1806986662450918, "_timestamp": 1697050852.310436, "_runtime": 9.585101127624512, "_step": 50, "val_acc": 84.97109985351562, "_wandb": {"runtime": 9}}