{"train_loss": 0.09562064157047602, "_timestamp": 1696990808.1799364, "_runtime": 41.72223949432373, "_step": 285, "val_acc": 83.81502532958984, "_wandb": {"runtime": 41}}