{"train_loss": 0.04707950931231946, "_timestamp": 1697017710.9087632, "_runtime": 32.666492223739624, "_step": 222, "val_acc": 83.23699188232422, "_wandb": {"runtime": 32}}