{"train_loss": 0.1478295452719511, "_timestamp": 1697014385.2795136, "_runtime": 10.25211763381958, "_step": 56, "val_acc": 84.39306640625, "_wandb": {"runtime": 9}}