{"train_loss": 0.013261460163089078, "_timestamp": 1697043908.0978055, "_runtime": 30.758873462677002, "_step": 249, "val_acc": 85.54913330078125, "_wandb": {"runtime": 30}}