{"train_loss": 0.1529361551280978, "_timestamp": 1697077930.5495656, "_runtime": 23.436518669128418, "_step": 150, "val_acc": 86.12716674804688, "_wandb": {"runtime": 22}}