{"train_loss": 0.03115379567079376, "_timestamp": 1696992740.6544373, "_runtime": 30.340725421905518, "_step": 237, "val_acc": 84.97109985351562, "_wandb": {"runtime": 29}}