{"train_loss": NaN, "_timestamp": 1696817465.896592, "_runtime": 883.6308228969574, "_step": 14, "_wandb": {"runtime": 883}}