{"train_loss": 0.2651499338274778, "_timestamp": 1697064262.5236182, "_runtime": 8.386524200439453, "_step": 39, "val_acc": 87.28323364257812, "_wandb": {"runtime": 8}}