{"train_loss": NaN, "_timestamp": 1696822310.5165174, "_runtime": 296.3983414173126, "_step": 4, "_wandb": {"runtime": 296}}