{"train_loss": 0.034029905294436356, "_timestamp": 1697076685.626792, "_runtime": 27.7545268535614, "_step": 221, "val_acc": 86.7052001953125, "_wandb": {"runtime": 27}}