{"train_loss": 0.044505712778583645, "_timestamp": 1697012046.8677003, "_runtime": 42.113526344299316, "_step": 294, "val_acc": 85.54913330078125, "_wandb": {"runtime": 41}}