{"train_loss": 0.16203613900904393, "_timestamp": 1696997650.6787102, "_runtime": 23.50434422492981, "_step": 150, "val_acc": 84.39306640625, "_wandb": {"runtime": 23}}