{"train_loss": 0.048722197534516454, "_timestamp": 1697039622.7384183, "_runtime": 19.3165283203125, "_step": 135, "val_acc": 86.12716674804688, "_wandb": {"runtime": 18}}