{"train_loss": 0.056885293024310536, "_timestamp": 1697040587.8188214, "_runtime": 39.54420351982117, "_step": 278, "val_acc": 82.6589584350586, "_wandb": {"runtime": 39}}