{"train_loss": 0.30055682092558506, "_timestamp": 1697082876.5110826, "_runtime": 8.147315740585327, "_step": 32, "val_acc": 85.54913330078125, "_wandb": {"runtime": 7}}