{"train_loss": 0.2815352536218111, "_timestamp": 1697018083.51443, "_runtime": 8.619904041290283, "_step": 35, "val_acc": 84.97109985351562, "_wandb": {"runtime": 8}}