{"train_loss": 0.047730288565765285, "_timestamp": 1697071509.5695868, "_runtime": 19.7276828289032, "_step": 146, "val_acc": 85.54913330078125, "_wandb": {"runtime": 19}}