{"train_loss": 0.09415850570956029, "_timestamp": 1697078781.8733118, "_runtime": 17.3881938457489, "_step": 107, "val_acc": 86.7052001953125, "_wandb": {"runtime": 16}}