{"train_loss": 0.09821074363114962, "_timestamp": 1697040861.9930692, "_runtime": 41.07062220573425, "_step": 294, "val_acc": 88.4393081665039, "_wandb": {"runtime": 40}}