{"train_loss": 0.04678541302767604, "_timestamp": 1697009890.1530015, "_runtime": 22.739877462387085, "_step": 173, "val_acc": 86.12716674804688, "_wandb": {"runtime": 22}}