{"train_loss": 0.03412881157588387, "_timestamp": 1697015287.0988226, "_runtime": 35.48312568664551, "_step": 291, "val_acc": 87.86127471923828, "_wandb": {"runtime": 35}}