{"train_loss": 0.22056237833444461, "_timestamp": 1697063300.2625885, "_runtime": 9.185792446136475, "_step": 38, "val_acc": 84.97109985351562, "_wandb": {"runtime": 8}}