{"train_loss": 0.0918678754810677, "_timestamp": 1697094147.3067622, "_runtime": 14.7830491065979, "_step": 99, "val_acc": 87.86127471923828, "_wandb": {"runtime": 14}}