{"train_loss": 0.08728653469277264, "_timestamp": 1697096860.605358, "_runtime": 38.635939836502075, "_step": 273, "val_acc": 87.28323364257812, "_wandb": {"runtime": 38}}