{"train_loss": 0.06838893721037176, "_timestamp": 1696973268.7461715, "_runtime": 33.900272369384766, "_step": 236, "val_acc": 83.23699188232422, "_wandb": {"runtime": 33}}