{"train_loss": 0.17793782948797873, "_timestamp": 1697072897.568751, "_runtime": 13.685149192810059, "_step": 75, "val_acc": 83.23699188232422, "_wandb": {"runtime": 13}}