{"train_loss": 0.03566563111692017, "_timestamp": 1696995646.2801175, "_runtime": 24.264366626739502, "_step": 183, "val_acc": 84.97109985351562, "_wandb": {"runtime": 23}}