{"train_loss": 0.08554576125082582, "_timestamp": 1697027315.9826622, "_runtime": 15.097023248672485, "_step": 86, "val_acc": 84.39306640625, "_wandb": {"runtime": 14}}