{"train_loss": 0.01879240979635438, "_timestamp": 1697029986.5218184, "_runtime": 31.36107349395752, "_step": 255, "val_acc": 86.7052001953125, "_wandb": {"runtime": 31}}