{"train_loss": 0.04962722714557204, "_timestamp": 1697109107.1301677, "_runtime": 34.55290770530701, "_step": 239, "val_acc": 87.28323364257812, "_wandb": {"runtime": 33}}