{"train_loss": 0.10080024636848721, "_timestamp": 1697014469.8187218, "_runtime": 17.04112672805786, "_step": 101, "val_acc": 87.28323364257812, "_wandb": {"runtime": 16}}