{"train_loss": NaN, "_timestamp": 1696886645.0799608, "_runtime": 293.3869369029999, "_step": 4, "_wandb": {"runtime": 292}}