{"train_loss": 0.05082065847886423, "_timestamp": 1697062819.8246639, "_runtime": 18.347527980804443, "_step": 132, "val_acc": 87.28323364257812, "_wandb": {"runtime": 17}}