{"train_loss": 0.03423069289555167, "_timestamp": 1697090954.7776701, "_runtime": 25.391478061676025, "_step": 200, "val_acc": 85.54913330078125, "_wandb": {"runtime": 24}}