{"train_loss": 0.0361157345780453, "_timestamp": 1697027767.6327052, "_runtime": 32.70647311210632, "_step": 225, "val_acc": 85.54913330078125, "_wandb": {"runtime": 32}}