{"train_loss": 0.26889718003397767, "_timestamp": 1696979473.0352387, "_runtime": 7.7791078090667725, "_step": 29, "val_acc": 83.23699188232422, "_wandb": {"runtime": 7}}