{"train_loss": 3.4141492928529895, "_timestamp": 1696848937.467822, "_runtime": 896.3641030788422, "_step": 14, "_wandb": {"runtime": 895}}