{"train_loss": 0.13006182423749463, "_timestamp": 1697029623.1256745, "_runtime": 18.00749659538269, "_step": 108, "val_acc": 86.12716674804688, "_wandb": {"runtime": 17}}