{"train_loss": 0.09149418383576842, "_timestamp": 1697077534.9502776, "_runtime": 30.923699617385864, "_step": 213, "val_acc": 84.39306640625, "_wandb": {"runtime": 30}}