{"train_loss": 0.08369555931300098, "_timestamp": 1697055120.3812408, "_runtime": 16.67723774909973, "_step": 117, "val_acc": 86.7052001953125, "_wandb": {"runtime": 16}}