{"train_loss": 0.034203132638859365, "_timestamp": 1697056596.601039, "_runtime": 20.90063190460205, "_step": 155, "val_acc": 88.4393081665039, "_wandb": {"runtime": 20}}