{"train_loss": 0.11350537274509322, "_timestamp": 1697083491.9873078, "_runtime": 14.130637884140015, "_step": 93, "val_acc": 88.4393081665039, "_wandb": {"runtime": 13}}