{"train_loss": 0.16332729819209077, "_timestamp": 1697079701.779396, "_runtime": 12.381273031234741, "_step": 62, "val_acc": 89.01734161376953, "_wandb": {"runtime": 11}}