{"train_loss": 0.08951858432995978, "_timestamp": 1696987476.9320872, "_runtime": 32.282780170440674, "_step": 216, "val_acc": 84.39306640625, "_wandb": {"runtime": 31}}