{"train_loss": 0.06390401978738779, "_timestamp": 1697003007.2303967, "_runtime": 16.356279850006104, "_step": 114, "val_acc": 84.39306640625, "_wandb": {"runtime": 15}}