{"train_loss": 0.054785329973065226, "_timestamp": 1697079536.4920387, "_runtime": 18.133970737457275, "_step": 131, "val_acc": 84.97109985351562, "_wandb": {"runtime": 17}}