{"train_loss": 0.22002991986309373, "_timestamp": 1696982640.433009, "_runtime": 8.041318893432617, "_step": 36, "val_acc": 84.39306640625, "_wandb": {"runtime": 7}}