{"train_loss": 0.04885116234681634, "_timestamp": 1697098285.4064631, "_runtime": 23.729490041732788, "_step": 185, "val_acc": 84.97109985351562, "_wandb": {"runtime": 23}}