{"train_loss": 0.10432090042808721, "_timestamp": 1697104562.1310618, "_runtime": 17.534774780273438, "_step": 125, "val_acc": 85.54913330078125, "_wandb": {"runtime": 17}}