{"train_loss": 0.0753296464898212, "_timestamp": 1696975726.2295666, "_runtime": 18.192989587783813, "_step": 132, "val_acc": 84.97109985351562, "_wandb": {"runtime": 17}}