{"train_loss": 0.0673385612114311, "_timestamp": 1697077451.947155, "_runtime": 15.916299104690552, "_step": 110, "val_acc": 85.54913330078125, "_wandb": {"runtime": 15}}