{"train_loss": 0.0296291948599351, "_timestamp": 1696977068.613204, "_runtime": 35.54598093032837, "_step": 296, "val_acc": 85.54913330078125, "_wandb": {"runtime": 35}}