{"train_loss": 0.04206991864931445, "_timestamp": 1697053953.9991047, "_runtime": 23.179077625274658, "_step": 177, "val_acc": 85.54913330078125, "_wandb": {"runtime": 22}}