{"train_loss": 0.027994325005471013, "_timestamp": 1697048641.43292, "_runtime": 30.422879934310913, "_step": 243, "val_acc": 85.54913330078125, "_wandb": {"runtime": 29}}