{"train_loss": 0.07240673294561634, "_timestamp": 1697088766.4955556, "_runtime": 29.294241666793823, "_step": 198, "val_acc": 85.54913330078125, "_wandb": {"runtime": 28}}