{"train_loss": 0.05132020332005828, "_timestamp": 1697105309.051656, "_runtime": 22.517905950546265, "_step": 173, "val_acc": 84.39306640625, "_wandb": {"runtime": 22}}