{"train_loss": NaN, "_timestamp": 1696845625.3975055, "_runtime": 291.90717363357544, "_step": 4, "_wandb": {"runtime": 291}}