{"train_loss": 0.07061911498326374, "_timestamp": 1697039837.9281049, "_runtime": 22.76854181289673, "_step": 149, "val_acc": 85.54913330078125, "_wandb": {"runtime": 22}}