{"train_loss": 0.1329098531535047, "_timestamp": 1696995128.6380851, "_runtime": 32.506561040878296, "_step": 218, "val_acc": 81.50289154052734, "_wandb": {"runtime": 32}}