{"train_loss": 0.05654531316073655, "_timestamp": 1697113066.830059, "_runtime": 15.215106964111328, "_step": 104, "val_acc": 86.12716674804688, "_wandb": {"runtime": 14}}