{"train_loss": 0.19874998909789462, "_timestamp": 1697060811.265991, "_runtime": 11.762563943862915, "_step": 71, "val_acc": 85.54913330078125, "_wandb": {"runtime": 11}}