{"train_loss": 0.1488670841899029, "_timestamp": 1697078294.578234, "_runtime": 10.467479944229126, "_step": 59, "val_acc": 84.97109985351562, "_wandb": {"runtime": 10}}