{"train_loss": 0.058390028363223684, "_timestamp": 1697069895.3078046, "_runtime": 24.042499542236328, "_step": 153, "val_acc": 81.50289154052734, "_wandb": {"runtime": 23}}