{"train_loss": 0.0937624135200844, "_timestamp": 1697117610.4555023, "_runtime": 24.22328519821167, "_step": 158, "val_acc": 82.6589584350586, "_wandb": {"runtime": 23}}