{"train_loss": 0.06276060385239679, "_timestamp": 1697116345.2149496, "_runtime": 27.631524562835693, "_step": 219, "val_acc": 86.12716674804688, "_wandb": {"runtime": 27}}