{"train_loss": 0.040489577154932156, "_timestamp": 1697062472.7828593, "_runtime": 28.645846366882324, "_step": 230, "val_acc": 82.6589584350586, "_wandb": {"runtime": 28}}