{"train_loss": 0.03192386888698567, "_timestamp": 1696997147.7913723, "_runtime": 21.41486620903015, "_step": 156, "val_acc": 84.97109985351562, "_wandb": {"runtime": 20}}