{"train_loss": 0.11535618025376353, "_timestamp": 1697107948.169501, "_runtime": 31.914343118667603, "_step": 219, "val_acc": 83.81502532958984, "_wandb": {"runtime": 31}}