{"train_loss": 0.6384336012740468, "_timestamp": 1697057096.3951452, "_runtime": 10.413759231567383, "_step": 57, "val_acc": 82.6589584350586, "_wandb": {"runtime": 10}}