{"train_loss": 0.04519522978740116, "_timestamp": 1697079458.6258652, "_runtime": 22.792933225631714, "_step": 173, "val_acc": 85.54913330078125, "_wandb": {"runtime": 22}}