{"train_loss": 0.06685320861897497, "_timestamp": 1696990509.0060406, "_runtime": 15.97225546836853, "_step": 107, "val_acc": 87.28323364257812, "_wandb": {"runtime": 15}}