{"train_loss": 0.03144866335855494, "_timestamp": 1697068890.9723425, "_runtime": 33.56701850891113, "_step": 272, "val_acc": 87.28323364257812, "_wandb": {"runtime": 33}}