{"train_loss": 0.08706400942512203, "_timestamp": 1697074360.4254858, "_runtime": 16.315717935562134, "_step": 114, "val_acc": 84.39306640625, "_wandb": {"runtime": 15}}