{"train_loss": 0.1866921015776867, "_timestamp": 1697037811.1787145, "_runtime": 15.873961448669434, "_step": 93, "val_acc": 84.39306640625, "_wandb": {"runtime": 15}}