{"train_loss": 0.029036642322966526, "_timestamp": 1696993216.6559637, "_runtime": 32.94888162612915, "_step": 263, "val_acc": 89.01734161376953, "_wandb": {"runtime": 32}}