{"train_loss": 0.02852908293662463, "_timestamp": 1697028796.6787472, "_runtime": 42.1913902759552, "_step": 299, "val_acc": 86.7052001953125, "_wandb": {"runtime": 41}}