{"train_loss": 0.08054761202237028, "_timestamp": 1697125812.887819, "_runtime": 24.980175018310547, "_step": 167, "val_acc": 85.54913330078125, "_wandb": {"runtime": 24}}