{"train_loss": 0.024603451147328977, "_timestamp": 1697127483.7584648, "_runtime": 32.62260389328003, "_step": 266, "val_acc": 88.4393081665039, "_wandb": {"runtime": 32}}