{"train_loss": 0.11828795021269904, "_timestamp": 1697075738.712903, "_runtime": 22.104480028152466, "_step": 141, "val_acc": 84.97109985351562, "_wandb": {"runtime": 21}}