{"train_loss": 0.11218756309244782, "_timestamp": 1697025860.7476907, "_runtime": 22.018037796020508, "_step": 140, "val_acc": 83.81502532958984, "_wandb": {"runtime": 21}}