{"train_loss": 0.1401911781624306, "_timestamp": 1697111784.0729759, "_runtime": 31.6749529838562, "_step": 240, "val_acc": 86.12716674804688, "_wandb": {"runtime": 29}}