{"train_loss": 1.165973539962325, "_timestamp": 1697046848.322774, "_runtime": 14.64535903930664, "_step": 92, "val_acc": 78.03468322753906, "_wandb": {"runtime": 13}}