{"train_loss": 0.06521309156046617, "_timestamp": 1696989412.2777755, "_runtime": 42.78403949737549, "_step": 296, "val_acc": 82.08092498779297, "_wandb": {"runtime": 42}}