{"train_loss": 0.04691833723268775, "_timestamp": 1697003208.8918712, "_runtime": 31.94356632232666, "_step": 218, "val_acc": 86.7052001953125, "_wandb": {"runtime": 31}}