{"train_loss": 0.18861389599827139, "_timestamp": 1697088211.3187015, "_runtime": 14.944548606872559, "_step": 87, "val_acc": 83.81502532958984, "_wandb": {"runtime": 14}}