{"train_loss": 0.053345216856457205, "_timestamp": 1697052067.665648, "_runtime": 26.14061403274536, "_step": 176, "val_acc": 83.23699188232422, "_wandb": {"runtime": 25}}