{"train_loss": 0.064349792139648, "_timestamp": 1697129927.6557345, "_runtime": 25.31955862045288, "_step": 195, "val_acc": 83.81502532958984, "_wandb": {"runtime": 24}}