{"train_loss": 0.06790679216731427, "_timestamp": 1697048105.060724, "_runtime": 35.73648500442505, "_step": 296, "val_acc": 87.28323364257812, "_wandb": {"runtime": 35}}