{"train_loss": 0.07206121056752149, "_timestamp": 1697041102.179782, "_runtime": 17.764927864074707, "_step": 107, "val_acc": 85.54913330078125, "_wandb": {"runtime": 17}}