{"train_loss": 0.06302285739112386, "_timestamp": 1696974239.5427866, "_runtime": 18.675580501556396, "_step": 135, "val_acc": 84.97109985351562, "_wandb": {"runtime": 18}}