{"train_loss": 0.0353619585045191, "_timestamp": 1697049583.9464614, "_runtime": 33.86469554901123, "_step": 276, "val_acc": 86.12716674804688, "_wandb": {"runtime": 33}}