{"train_loss": 0.03836780191983941, "_timestamp": 1697070585.2794368, "_runtime": 27.92473793029785, "_step": 221, "val_acc": 86.12716674804688, "_wandb": {"runtime": 27}}