{"train_loss": 0.04695255908611512, "_timestamp": 1697110956.044502, "_runtime": 37.37653207778931, "_step": 264, "val_acc": 86.12716674804688, "_wandb": {"runtime": 36}}