{"train_loss": 0.033483714894066714, "_timestamp": 1697099014.0999405, "_runtime": 21.227678537368774, "_step": 159, "val_acc": 86.12716674804688, "_wandb": {"runtime": 20}}