{"train_loss": 0.3174613316565059, "_timestamp": 1697114311.3788204, "_runtime": 10.053653478622437, "_step": 47, "val_acc": 83.81502532958984, "_wandb": {"runtime": 9}}