{"train_loss": 0.06771830166622368, "_timestamp": 1696981852.8632011, "_runtime": 38.458885192871094, "_step": 267, "val_acc": 83.81502532958984, "_wandb": {"runtime": 38}}