{"train_loss": 0.17949827855756118, "_timestamp": 1696983455.2513766, "_runtime": 9.491483688354492, "_step": 50, "val_acc": 83.81502532958984, "_wandb": {"runtime": 9}}