{"train_loss": 0.09127839168447048, "_timestamp": 1697034561.3200393, "_runtime": 41.74143028259277, "_step": 294, "val_acc": 82.6589584350586, "_wandb": {"runtime": 41}}