{"train_loss": 0.09882142680675485, "_timestamp": 1697068079.3126907, "_runtime": 13.160910844802856, "_step": 83, "val_acc": 84.39306640625, "_wandb": {"runtime": 12}}