{"train_loss": 0.08585025641395776, "_timestamp": 1697026816.886556, "_runtime": 31.161765813827515, "_step": 215, "val_acc": 84.97109985351562, "_wandb": {"runtime": 30}}