{"train_loss": NaN, "_timestamp": 1696876522.298671, "_runtime": 1289.1108510494232, "_step": 14, "_wandb": {"runtime": 1288}}