{"train_loss": 0.49391322357710016, "_timestamp": 1697100212.9423623, "_runtime": 28.317397356033325, "_step": 228, "val_acc": 82.6589584350586, "_wandb": {"runtime": 27}}