{"train_loss": 0.045971555115525115, "_timestamp": 1696985105.4385145, "_runtime": 26.213691473007202, "_step": 200, "val_acc": 85.54913330078125, "_wandb": {"runtime": 25}}