{"train_loss": 0.11424312818535538, "_timestamp": 1696996395.0132916, "_runtime": 17.331571578979492, "_step": 119, "val_acc": 84.97109985351562, "_wandb": {"runtime": 16}}