{"train_loss": 0.13631793953407945, "_timestamp": 1697025266.8669446, "_runtime": 24.056567668914795, "_step": 155, "val_acc": 82.08092498779297, "_wandb": {"runtime": 23}}