{"train_loss": 0.06526753034166516, "_timestamp": 1697026739.5626414, "_runtime": 40.876469373703, "_step": 290, "val_acc": 83.81502532958984, "_wandb": {"runtime": 40}}