{"train_loss": 0.1434156444616789, "_timestamp": 1697045850.945607, "_runtime": 10.51448392868042, "_step": 59, "val_acc": 87.28323364257812, "_wandb": {"runtime": 10}}