{"train_loss": 0.0722869082711377, "_timestamp": 1697002293.503392, "_runtime": 24.27240800857544, "_step": 155, "val_acc": 81.50289154052734, "_wandb": {"runtime": 23}}