{"train_loss": 0.0927691855142976, "_timestamp": 1697075396.695271, "_runtime": 17.02330708503723, "_step": 99, "val_acc": 87.28323364257812, "_wandb": {"runtime": 16}}