{"train_loss": 0.050282229677514105, "_timestamp": 1696998904.8343177, "_runtime": 34.457520723342896, "_step": 234, "val_acc": 87.28323364257812, "_wandb": {"runtime": 34}}