{"train_loss": 0.07895607544585716, "_timestamp": 1696973966.797516, "_runtime": 18.650468111038208, "_step": 131, "val_acc": 88.4393081665039, "_wandb": {"runtime": 17}}