{"train_loss": 0.10513729759123783, "_timestamp": 1697100044.6249654, "_runtime": 30.663164377212524, "_step": 209, "val_acc": 83.81502532958984, "_wandb": {"runtime": 30}}