{"train_loss": 0.11738184035950622, "_timestamp": 1696993092.2676523, "_runtime": 16.931344270706177, "_step": 98, "val_acc": 86.12716674804688, "_wandb": {"runtime": 16}}