{"train_loss": 0.04265687739216657, "_timestamp": 1697110626.339579, "_runtime": 31.984564065933228, "_step": 260, "val_acc": 86.7052001953125, "_wandb": {"runtime": 31}}