{"train_loss": 0.09185549740471098, "_timestamp": 1697088907.38981, "_runtime": 25.58156108856201, "_step": 168, "val_acc": 85.54913330078125, "_wandb": {"runtime": 25}}