{"train_loss": 0.04039688481743513, "_timestamp": 1697028714.549474, "_runtime": 32.13485407829285, "_step": 261, "val_acc": 86.12716674804688, "_wandb": {"runtime": 31}}