{"train_loss": 0.02647209973588889, "_timestamp": 1697091207.6173258, "_runtime": 25.034992694854736, "_step": 194, "val_acc": 86.7052001953125, "_wandb": {"runtime": 24}}