{"train_loss": 0.02584906938745705, "_timestamp": 1696984406.327901, "_runtime": 35.45653796195984, "_step": 278, "val_acc": 84.39306640625, "_wandb": {"runtime": 35}}