{"train_loss": 1.278227473739385, "_timestamp": 1696934030.8103318, "_runtime": 868.900340795517, "_step": 21, "val_acc": 0.4971098303794861, "_wandb": {"runtime": 868}}