{"train_loss": 0.04507187131229182, "_timestamp": 1696994149.6141045, "_runtime": 25.142268419265747, "_step": 161, "val_acc": 86.7052001953125, "_wandb": {"runtime": 24}}