{"train_loss": 0.4031556491241899, "_timestamp": 1697028890.3926308, "_runtime": 7.483174800872803, "_step": 32, "val_acc": 83.23699188232422, "_wandb": {"runtime": 7}}