{"train_loss": 0.12109707713906848, "_timestamp": 1697077899.9506023, "_runtime": 13.602569341659546, "_step": 89, "val_acc": 85.54913330078125, "_wandb": {"runtime": 13}}