{"train_loss": 0.2386818993403468, "_timestamp": 1697128042.6784766, "_runtime": 12.633374691009521, "_step": 66, "val_acc": 83.23699188232422, "_wandb": {"runtime": 12}}