{"train_loss": 0.7544199858294932, "_timestamp": 1696936680.553553, "_runtime": 875.9927611351013, "_step": 21, "val_acc": 0.647398829460144, "_wandb": {"runtime": 875}}