{"train_loss": 0.14334098015760266, "_timestamp": 1697018825.9903383, "_runtime": 10.832902431488037, "_step": 63, "val_acc": 84.97109985351562, "_wandb": {"runtime": 10}}