{"train_loss": 0.07726624615891121, "_timestamp": 1697019383.0692518, "_runtime": 22.09952688217163, "_step": 141, "val_acc": 82.6589584350586, "_wandb": {"runtime": 21}}