{"train_loss": 0.19232057710719663, "_timestamp": 1697086600.2130027, "_runtime": 18.22213578224182, "_step": 132, "val_acc": 83.81502532958984, "_wandb": {"runtime": 17}}