{"train_loss": 0.09177250521484935, "_timestamp": 1697022366.3964176, "_runtime": 27.666017532348633, "_step": 182, "val_acc": 84.97109985351562, "_wandb": {"runtime": 26}}