{"train_loss": 0.10074523662022034, "_timestamp": 1696971861.5288913, "_runtime": 32.82046627998352, "_step": 168, "val_acc": 81.50289154052734, "_wandb": {"runtime": 33}}