{"train_loss": 0.06324616260014387, "_timestamp": 1697104668.0081556, "_runtime": 35.46736168861389, "_step": 248, "val_acc": 87.86127471923828, "_wandb": {"runtime": 35}}