{"train_loss": 0.049295787775325915, "_timestamp": 1697084490.777234, "_runtime": 31.743824005126953, "_step": 222, "val_acc": 83.81502532958984, "_wandb": {"runtime": 31}}