{"train_loss": 0.02684443445096529, "_timestamp": 1697125287.4889097, "_runtime": 29.715277671813965, "_step": 239, "val_acc": 86.7052001953125, "_wandb": {"runtime": 29}}