{"train_loss": 3.2963338518558545, "_timestamp": 1696954384.51819, "_runtime": 875.1447489261627, "_step": 21, "val_acc": 0.04624277353286743, "_wandb": {"runtime": 874}}