{"train_loss": 0.0294876994002004, "_timestamp": 1697112990.2523072, "_runtime": 26.043366193771362, "_step": 204, "val_acc": 86.12716674804688, "_wandb": {"runtime": 25}}