{"train_loss": 0.040427246204100896, "_timestamp": 1696984185.3244367, "_runtime": 30.32294273376465, "_step": 243, "val_acc": 86.7052001953125, "_wandb": {"runtime": 29}}