{"train_loss": 0.03493649367957787, "_timestamp": 1696991926.4371576, "_runtime": 22.45091462135315, "_step": 165, "val_acc": 87.86127471923828, "_wandb": {"runtime": 22}}