{"train_loss": 0.03722033621797468, "_timestamp": 1696977841.4467516, "_runtime": 36.80553650856018, "_step": 254, "val_acc": 87.28323364257812, "_wandb": {"runtime": 36}}