{"train_loss": 0.03265807178239663, "_timestamp": 1697119628.2945852, "_runtime": 22.2763032913208, "_step": 170, "val_acc": 82.6589584350586, "_wandb": {"runtime": 21}}