{"train_loss": 0.031127801132496705, "_timestamp": 1696977238.7997632, "_runtime": 36.002175092697144, "_step": 287, "val_acc": 87.28323364257812, "_wandb": {"runtime": 34}}