{"train_loss": 0.2768450754932886, "_timestamp": 1696990528.7945566, "_runtime": 9.734509706497192, "_step": 41, "val_acc": 84.97109985351562, "_wandb": {"runtime": 9}}