{"train_loss": 0.059417235372631355, "_timestamp": 1697106421.667733, "_runtime": 18.82742404937744, "_step": 137, "val_acc": 86.7052001953125, "_wandb": {"runtime": 18}}