{"train_loss": 0.08492733494021258, "_timestamp": 1697000776.209688, "_runtime": 40.64100384712219, "_step": 282, "val_acc": 83.81502532958984, "_wandb": {"runtime": 40}}