{"train_loss": 0.07652669609253576, "_timestamp": 1696997912.941425, "_runtime": 27.213049173355103, "_step": 180, "val_acc": 84.97109985351562, "_wandb": {"runtime": 26}}