{"train_loss": 0.18569048595896295, "_timestamp": 1697120893.6576204, "_runtime": 20.793073415756226, "_step": 120, "val_acc": 82.6589584350586, "_wandb": {"runtime": 19}}