{"train_loss": 0.08177100077033216, "_timestamp": 1697107252.8733647, "_runtime": 24.691521644592285, "_step": 162, "val_acc": 82.6589584350586, "_wandb": {"runtime": 24}}