{"train_loss": 0.08948003719452509, "_timestamp": 1697100236.8806677, "_runtime": 16.248289585113525, "_step": 96, "val_acc": 86.12716674804688, "_wandb": {"runtime": 15}}