{"train_loss": 0.24557643600328025, "_timestamp": 1697051752.720744, "_runtime": 9.937660932540894, "_step": 45, "val_acc": 83.23699188232422, "_wandb": {"runtime": 9}}