{"train_loss": 0.05634673527539383, "_timestamp": 1697085106.5303845, "_runtime": 19.382973432540894, "_step": 141, "val_acc": 86.12716674804688, "_wandb": {"runtime": 18}}