{"train_loss": 0.5159359484217888, "_timestamp": 1697005179.6110957, "_runtime": 7.944479703903198, "_step": 36, "val_acc": 81.50289154052734, "_wandb": {"runtime": 7}}