{"train_loss": 0.04561037969569741, "_timestamp": 1697018152.0511363, "_runtime": 35.66321325302124, "_step": 290, "val_acc": 85.54913330078125, "_wandb": {"runtime": 35}}