{"train_loss": 0.07875504591069075, "_timestamp": 1696977685.5261002, "_runtime": 29.727354049682617, "_step": 203, "val_acc": 86.12716674804688, "_wandb": {"runtime": 29}}