{"train_loss": 0.06915124186834451, "_timestamp": 1697115696.3373513, "_runtime": 37.81350922584534, "_step": 263, "val_acc": 85.54913330078125, "_wandb": {"runtime": 37}}