{"train_loss": 0.11961068169668664, "_timestamp": 1697094619.3041139, "_runtime": 29.294996976852417, "_step": 200, "val_acc": 87.86127471923828, "_wandb": {"runtime": 28}}