{"train_loss": 0.04732848011866905, "_timestamp": 1697034044.5977628, "_runtime": 24.732414722442627, "_step": 192, "val_acc": 87.28323364257812, "_wandb": {"runtime": 24}}