{"train_loss": 0.03852979163977664, "_timestamp": 1697112493.788582, "_runtime": 39.89795112609863, "_step": 284, "val_acc": 86.12716674804688, "_wandb": {"runtime": 39}}