{"train_loss": 0.051736977078605355, "_timestamp": 1697050433.9449277, "_runtime": 41.55810475349426, "_step": 296, "val_acc": 87.86127471923828, "_wandb": {"runtime": 41}}