{"train_loss": 0.05268010920520092, "_timestamp": 1697101235.0670433, "_runtime": 28.239734411239624, "_step": 207, "val_acc": 86.7052001953125, "_wandb": {"runtime": 25}}