{"train_loss": 0.18595516776969268, "_timestamp": 1697020718.1003656, "_runtime": 12.573209524154663, "_step": 80, "val_acc": 86.7052001953125, "_wandb": {"runtime": 12}}