{"train_loss": 0.11649420952727628, "_timestamp": 1697097773.0091376, "_runtime": 12.30400562286377, "_step": 77, "val_acc": 86.7052001953125, "_wandb": {"runtime": 11}}