{"train_loss": 0.0452804874065657, "_timestamp": 1697009545.0549946, "_runtime": 31.598634481430054, "_step": 209, "val_acc": 86.12716674804688, "_wandb": {"runtime": 30}}