{"train_loss": 0.03151150538347835, "_timestamp": 1696995997.860688, "_runtime": 37.04594087600708, "_step": 299, "val_acc": 86.7052001953125, "_wandb": {"runtime": 36}}