{"train_loss": 0.04285506739925463, "_timestamp": 1697041742.4918942, "_runtime": 36.73542332649231, "_step": 263, "val_acc": 87.86127471923828, "_wandb": {"runtime": 36}}