{"train_loss": 0.05327556916203913, "_timestamp": 1697007243.0244656, "_runtime": 42.11327147483826, "_step": 297, "val_acc": 86.7052001953125, "_wandb": {"runtime": 41}}