{"train_loss": 0.03503320739214677, "_timestamp": 1697042068.7576838, "_runtime": 29.03484272956848, "_step": 233, "val_acc": 85.54913330078125, "_wandb": {"runtime": 28}}