{"train_loss": 0.17441830062848884, "_timestamp": 1697091668.343021, "_runtime": 27.809234857559204, "_step": 186, "val_acc": 82.6589584350586, "_wandb": {"runtime": 27}}