{"train_loss": 0.19013131418546966, "_timestamp": 1697117227.382523, "_runtime": 8.306148052215576, "_step": 39, "val_acc": 86.12716674804688, "_wandb": {"runtime": 7}}