{"train_loss": 0.8717489559227808, "_timestamp": 1696857649.3355572, "_runtime": 880.7422173023224, "_step": 14, "_wandb": {"runtime": 880}}