{"train_loss": 0.14726619238337113, "_timestamp": 1697020126.9573796, "_runtime": 10.909575462341309, "_step": 54, "val_acc": 84.39306640625, "_wandb": {"runtime": 10}}