{"train_loss": 0.13358624159293467, "_timestamp": 1697052132.1559858, "_runtime": 13.610216856002808, "_step": 75, "val_acc": 85.54913330078125, "_wandb": {"runtime": 13}}