{"train_loss": 0.03407113519050506, "_timestamp": 1697056993.8389673, "_runtime": 41.83689332008362, "_step": 296, "val_acc": 87.86127471923828, "_wandb": {"runtime": 41}}