{"train_loss": 0.1021795240609885, "_timestamp": 1697021346.0371542, "_runtime": 22.383673191070557, "_step": 143, "val_acc": 83.81502532958984, "_wandb": {"runtime": 21}}