{"train_loss": 0.03993663075447711, "_timestamp": 1697051914.2081044, "_runtime": 27.371784448623657, "_step": 218, "val_acc": 84.39306640625, "_wandb": {"runtime": 26}}