{"train_loss": 0.11070171825325138, "_timestamp": 1697002479.875767, "_runtime": 40.61900496482849, "_step": 282, "val_acc": 85.54913330078125, "_wandb": {"runtime": 40}}