{"train_loss": 0.03465715629525136, "_timestamp": 1697089730.197638, "_runtime": 22.198112964630127, "_step": 167, "val_acc": 87.28323364257812, "_wandb": {"runtime": 21}}