{"train_loss": 0.032757324870502535, "_timestamp": 1697064673.30169, "_runtime": 31.830470085144043, "_step": 257, "val_acc": 84.39306640625, "_wandb": {"runtime": 31}}