{"train_loss": 0.19059175781385843, "_timestamp": 1697081196.1411254, "_runtime": 8.584456443786621, "_step": 41, "val_acc": 84.97109985351562, "_wandb": {"runtime": 8}}