{"train_loss": 0.03470706432343049, "_timestamp": 1697100551.5803525, "_runtime": 31.283401489257812, "_step": 255, "val_acc": 83.81502532958984, "_wandb": {"runtime": 30}}