{"train_loss": 0.05269948633314587, "_timestamp": 1697079164.8086698, "_runtime": 32.694358825683594, "_step": 227, "val_acc": 83.81502532958984, "_wandb": {"runtime": 32}}