{"train_loss": 0.07413386655321648, "_timestamp": 1697110252.437672, "_runtime": 21.874342918395996, "_step": 165, "val_acc": 84.39306640625, "_wandb": {"runtime": 21}}