{"train_loss": 0.030635939488663923, "_timestamp": 1697060486.690066, "_runtime": 27.574957132339478, "_step": 216, "val_acc": 87.86127471923828, "_wandb": {"runtime": 27}}