{"train_loss": 0.05141617567007711, "_timestamp": 1697010946.4275985, "_runtime": 23.33249258995056, "_step": 174, "val_acc": 88.4393081665039, "_wandb": {"runtime": 22}}