{"train_loss": 0.035481280089507614, "_timestamp": 1697091700.7192008, "_runtime": 24.196802854537964, "_step": 188, "val_acc": 86.7052001953125, "_wandb": {"runtime": 23}}