{"train_loss": 0.08457967345494517, "_timestamp": 1697063415.090395, "_runtime": 14.97599196434021, "_step": 101, "val_acc": 83.81502532958984, "_wandb": {"runtime": 14}}