{"train_loss": 0.061353857114607856, "_timestamp": 1697115520.3014252, "_runtime": 22.58932328224182, "_step": 146, "val_acc": 84.97109985351562, "_wandb": {"runtime": 22}}