{"train_loss": 0.027395062254157002, "_timestamp": 1697055832.4644315, "_runtime": 34.28101444244385, "_step": 282, "val_acc": 87.28323364257812, "_wandb": {"runtime": 33}}