{"train_loss": 0.0283855659491924, "_timestamp": 1697055069.7215068, "_runtime": 38.117626905441284, "_step": 267, "val_acc": 84.97109985351562, "_wandb": {"runtime": 37}}