{"train_loss": 0.07878008466430528, "_timestamp": 1696993176.1676455, "_runtime": 18.297415494918823, "_step": 126, "val_acc": 84.97109985351562, "_wandb": {"runtime": 17}}