{"train_loss": 0.0428039044748212, "_timestamp": 1697097982.9277768, "_runtime": 40.9554488658905, "_step": 285, "val_acc": 85.54913330078125, "_wandb": {"runtime": 40}}