{"train_loss": 0.09258821437698464, "_timestamp": 1697008326.7187433, "_runtime": 15.98373532295227, "_step": 95, "val_acc": 83.23699188232422, "_wandb": {"runtime": 15}}