{"train_loss": 0.05126893031004773, "_timestamp": 1697040654.7258005, "_runtime": 24.34230351448059, "_step": 189, "val_acc": 84.97109985351562, "_wandb": {"runtime": 23}}