{"train_loss": 0.0963980900015422, "_timestamp": 1696982988.000882, "_runtime": 21.605361938476562, "_step": 140, "val_acc": 83.81502532958984, "_wandb": {"runtime": 21}}