{"train_loss": 0.1350574891061284, "_timestamp": 1697018174.5439227, "_runtime": 11.863345623016357, "_step": 72, "val_acc": 86.7052001953125, "_wandb": {"runtime": 11}}