{"train_loss": 0.22604153110364147, "_timestamp": 1697085234.0184379, "_runtime": 7.87726092338562, "_step": 35, "val_acc": 82.6589584350586, "_wandb": {"runtime": 7}}