{"train_loss": 0.09166330904808155, "_timestamp": 1697064220.607319, "_runtime": 13.912045001983643, "_step": 90, "val_acc": 86.12716674804688, "_wandb": {"runtime": 13}}