{"train_loss": 0.09343037427251422, "_timestamp": 1697072648.9045835, "_runtime": 22.333415508270264, "_step": 141, "val_acc": 85.54913330078125, "_wandb": {"runtime": 21}}