{"train_loss": 0.05722219578320767, "_timestamp": 1697022469.7442486, "_runtime": 37.91776657104492, "_step": 264, "val_acc": 87.86127471923828, "_wandb": {"runtime": 37}}