{"train_loss": 0.028439907297535344, "_timestamp": 1697082084.375503, "_runtime": 31.721862077713013, "_step": 260, "val_acc": 85.54913330078125, "_wandb": {"runtime": 31}}