{"train_loss": 0.22664321820403255, "_timestamp": 1697072072.9615304, "_runtime": 9.909369468688965, "_step": 45, "val_acc": 87.28323364257812, "_wandb": {"runtime": 9}}