{"train_loss": 0.09235519960490164, "_timestamp": 1697004470.645071, "_runtime": 19.33836007118225, "_step": 119, "val_acc": 80.92485809326172, "_wandb": {"runtime": 18}}