{"train_loss": 0.08075924677406113, "_timestamp": 1697109797.0962071, "_runtime": 17.55497121810913, "_step": 125, "val_acc": 85.54913330078125, "_wandb": {"runtime": 17}}