{"train_loss": 0.07926796188274789, "_timestamp": 1697068480.360984, "_runtime": 14.444935083389282, "_step": 96, "val_acc": 83.23699188232422, "_wandb": {"runtime": 14}}