{"train_loss": 0.06498355448630444, "_timestamp": 1697009165.0099103, "_runtime": 35.46583938598633, "_step": 249, "val_acc": 86.7052001953125, "_wandb": {"runtime": 35}}