{"train_loss": 0.03726929911821106, "_timestamp": 1697041775.74162, "_runtime": 23.876255989074707, "_step": 182, "val_acc": 86.12716674804688, "_wandb": {"runtime": 23}}