{"train_loss": 0.09194885017918857, "_timestamp": 1697018991.3044674, "_runtime": 27.223133325576782, "_step": 183, "val_acc": 85.54913330078125, "_wandb": {"runtime": 26}}