{"train_loss": 0.07802559312319296, "_timestamp": 1697050927.1562688, "_runtime": 32.40097689628601, "_step": 221, "val_acc": 83.81502532958984, "_wandb": {"runtime": 32}}