{"train_loss": 0.024518333976481888, "_timestamp": 1697091397.2446446, "_runtime": 33.990025758743286, "_step": 278, "val_acc": 87.28323364257812, "_wandb": {"runtime": 33}}