{"train_loss": 0.19935474317347587, "_timestamp": 1697016146.8023353, "_runtime": 15.824525356292725, "_step": 90, "val_acc": 84.39306640625, "_wandb": {"runtime": 15}}