{"train_loss": 0.13453431333805066, "_timestamp": 1697031848.0909925, "_runtime": 26.253031492233276, "_step": 177, "val_acc": 84.39306640625, "_wandb": {"runtime": 25}}