{"train_loss": 0.056318485270102706, "_timestamp": 1697100340.0312681, "_runtime": 21.12281107902527, "_step": 159, "val_acc": 87.86127471923828, "_wandb": {"runtime": 20}}