{"train_loss": 0.15633057124999372, "_timestamp": 1696978594.974958, "_runtime": 13.153198003768921, "_step": 84, "val_acc": 86.12716674804688, "_wandb": {"runtime": 12}}