{"train_loss": 0.11420413227968437, "_timestamp": 1697081221.069606, "_runtime": 12.729061126708984, "_step": 81, "val_acc": 86.12716674804688, "_wandb": {"runtime": 12}}