{"train_loss": 0.04495901803940881, "_timestamp": 1697065964.700994, "_runtime": 25.84286594390869, "_step": 200, "val_acc": 86.12716674804688, "_wandb": {"runtime": 25}}