{"train_loss": 0.03899145211353032, "_timestamp": 1697066362.2890973, "_runtime": 31.1946542263031, "_step": 252, "val_acc": 84.97109985351562, "_wandb": {"runtime": 30}}