{"train_loss": 0.04454132858839774, "_timestamp": 1697077494.9351377, "_runtime": 33.030425786972046, "_step": 269, "val_acc": 86.12716674804688, "_wandb": {"runtime": 32}}