{"train_loss": 0.1776048097824461, "_timestamp": 1696988955.0510068, "_runtime": 17.79407572746277, "_step": 104, "val_acc": 84.39306640625, "_wandb": {"runtime": 17}}