{"train_loss": 0.08480472345484508, "_timestamp": 1697035633.565338, "_runtime": 40.91140794754028, "_step": 291, "val_acc": 83.81502532958984, "_wandb": {"runtime": 40}}