{"train_loss": 0.04079211820025257, "_timestamp": 1697098770.712292, "_runtime": 27.74764585494995, "_step": 183, "val_acc": 86.12716674804688, "_wandb": {"runtime": 27}}