{"train_loss": 0.07089179715406972, "_timestamp": 1696992812.061194, "_runtime": 24.69945001602173, "_step": 186, "val_acc": 84.39306640625, "_wandb": {"runtime": 24}}