{"train_loss": 0.05446240591253479, "_timestamp": 1697010261.0213282, "_runtime": 23.669515132904053, "_step": 183, "val_acc": 87.28323364257812, "_wandb": {"runtime": 23}}