{"train_loss": 0.044834077840151136, "_timestamp": 1697081082.193072, "_runtime": 28.53861403465271, "_step": 227, "val_acc": 84.39306640625, "_wandb": {"runtime": 28}}