{"train_loss": 1.14815739005111, "_timestamp": 1697020260.1461573, "_runtime": 25.6671142578125, "_step": 200, "val_acc": 78.03468322753906, "_wandb": {"runtime": 25}}