{"train_loss": 0.04344889762009992, "_timestamp": 1697079121.955478, "_runtime": 25.807049036026, "_step": 203, "val_acc": 85.54913330078125, "_wandb": {"runtime": 25}}