{"train_loss": 0.2076249286792306, "_timestamp": 1697083052.408102, "_runtime": 7.833162069320679, "_step": 35, "val_acc": 85.54913330078125, "_wandb": {"runtime": 7}}