{"train_loss": 0.040522618187445236, "_timestamp": 1697011890.8930929, "_runtime": 35.41702389717102, "_step": 243, "val_acc": 83.23699188232422, "_wandb": {"runtime": 35}}