{"train_loss": 0.0753700595841808, "_timestamp": 1697087156.5931554, "_runtime": 28.088464498519897, "_step": 188, "val_acc": 83.81502532958984, "_wandb": {"runtime": 27}}