{"train_loss": 0.04565310204228343, "_timestamp": 1697056405.691071, "_runtime": 30.43717098236084, "_step": 207, "val_acc": 86.7052001953125, "_wandb": {"runtime": 30}}