{"train_loss": 0.1955811936235012, "_timestamp": 1697101898.7556813, "_runtime": 11.698333263397217, "_step": 60, "val_acc": 79.19075012207031, "_wandb": {"runtime": 11}}