{"train_loss": 0.16457694575602058, "_timestamp": 1697074496.6927526, "_runtime": 22.708961486816406, "_step": 141, "val_acc": 83.81502532958984, "_wandb": {"runtime": 22}}