{"train_loss": 0.07238359798319897, "_timestamp": 1697118336.2848508, "_runtime": 18.383684873580933, "_step": 134, "val_acc": 88.4393081665039, "_wandb": {"runtime": 17}}