{"train_loss": 1.1489534267848307, "_timestamp": 1696949066.8503268, "_runtime": 867.0500738620758, "_step": 21, "val_acc": 0.4566473960876465, "_wandb": {"runtime": 866}}