{"train_loss": 0.0808781156144484, "_timestamp": 1697097540.352123, "_runtime": 37.014825105667114, "_step": 258, "val_acc": 87.28323364257812, "_wandb": {"runtime": 36}}