{"train_loss": 1.5450059924014778, "_timestamp": 1697105100.4121642, "_runtime": 14.975343227386475, "_step": 101, "val_acc": 73.41040802001953, "_wandb": {"runtime": 14}}