{"train_loss": 0.17513562747558883, "_timestamp": 1697120866.453505, "_runtime": 14.228430032730103, "_step": 80, "val_acc": 82.6589584350586, "_wandb": {"runtime": 13}}