{"train_loss": 0.11991128577650416, "_timestamp": 1697066819.974206, "_runtime": 20.12393307685852, "_step": 125, "val_acc": 82.6589584350586, "_wandb": {"runtime": 19}}