{"train_loss": 0.16318014520761925, "_timestamp": 1697036517.200053, "_runtime": 21.87714695930481, "_step": 140, "val_acc": 86.12716674804688, "_wandb": {"runtime": 21}}