{"train_loss": 0.06405074539767622, "_timestamp": 1697114866.2161791, "_runtime": 20.992085218429565, "_step": 158, "val_acc": 86.7052001953125, "_wandb": {"runtime": 20}}