{"train_loss": 0.0805259310846152, "_timestamp": 1697058922.424387, "_runtime": 19.538145065307617, "_step": 143, "val_acc": 87.28323364257812, "_wandb": {"runtime": 19}}