{"train_loss": 0.08017676046421361, "_timestamp": 1697035086.7570384, "_runtime": 17.06491446495056, "_step": 119, "val_acc": 87.28323364257812, "_wandb": {"runtime": 16}}