{"train_loss": 0.03917458505358894, "_timestamp": 1697090126.6932442, "_runtime": 21.737906217575073, "_step": 162, "val_acc": 88.4393081665039, "_wandb": {"runtime": 21}}