{"train_loss": 0.029374300789217964, "_timestamp": 1697107009.0380228, "_runtime": 34.09910869598389, "_step": 281, "val_acc": 87.86127471923828, "_wandb": {"runtime": 33}}