{"train_loss": 0.07818594568972151, "_timestamp": 1697022714.2477167, "_runtime": 28.69373869895935, "_step": 194, "val_acc": 85.54913330078125, "_wandb": {"runtime": 28}}