{"train_loss": 0.020565386166454966, "_timestamp": 1697083786.0554893, "_runtime": 34.6777503490448, "_step": 285, "val_acc": 86.7052001953125, "_wandb": {"runtime": 34}}