{"train_loss": 0.20057132201225952, "_timestamp": 1697038427.3243756, "_runtime": 9.923121690750122, "_step": 45, "val_acc": 81.50289154052734, "_wandb": {"runtime": 9}}