{"train_loss": 0.10916876335368426, "_timestamp": 1697069133.9148028, "_runtime": 18.304653882980347, "_step": 110, "val_acc": 89.59537506103516, "_wandb": {"runtime": 17}}