{"train_loss": 0.028945451257154777, "_timestamp": 1697128870.2475584, "_runtime": 28.471426248550415, "_step": 224, "val_acc": 86.12716674804688, "_wandb": {"runtime": 28}}