{"train_loss": 0.07195179152768105, "_timestamp": 1696988807.9218884, "_runtime": 35.95579743385315, "_step": 240, "val_acc": 80.92485809326172, "_wandb": {"runtime": 35}}