{"train_loss": 0.07560336568966768, "_timestamp": 1696987785.489154, "_runtime": 42.01353716850281, "_step": 290, "val_acc": 83.23699188232422, "_wandb": {"runtime": 41}}