{"train_loss": 0.2282321933916835, "_timestamp": 1697093716.5304441, "_runtime": 8.507031202316284, "_step": 35, "val_acc": 85.54913330078125, "_wandb": {"runtime": 8}}