{"train_loss": 0.20259069441276234, "_timestamp": 1697013948.4997606, "_runtime": 21.560606718063354, "_step": 137, "val_acc": 83.81502532958984, "_wandb": {"runtime": 21}}