{"train_loss": 0.19568851302096316, "_timestamp": 1697017159.1264222, "_runtime": 21.180077075958252, "_step": 131, "val_acc": 80.92485809326172, "_wandb": {"runtime": 20}}