{"train_loss": 0.15529606976481372, "_timestamp": 1697024660.3289418, "_runtime": 11.037097930908203, "_step": 65, "val_acc": 83.81502532958984, "_wandb": {"runtime": 10}}