{"train_loss": 0.0913685341521307, "_timestamp": 1697065347.3815773, "_runtime": 36.905192136764526, "_step": 260, "val_acc": 84.39306640625, "_wandb": {"runtime": 36}}