{"train_loss": 0.11866248061144075, "_timestamp": 1697054928.4858942, "_runtime": 11.320163249969482, "_step": 66, "val_acc": 84.97109985351562, "_wandb": {"runtime": 10}}