{"train_loss": 0.13870484621242382, "_timestamp": 1696981750.037994, "_runtime": 13.012206792831421, "_step": 83, "val_acc": 82.6589584350586, "_wandb": {"runtime": 12}}