{"train_loss": 0.035256345074104016, "_timestamp": 1696984807.5012927, "_runtime": 27.015540599822998, "_step": 207, "val_acc": 85.54913330078125, "_wandb": {"runtime": 26}}