{"train_loss": 0.11558544690731566, "_timestamp": 1697053918.7779825, "_runtime": 39.20097541809082, "_step": 276, "val_acc": 84.97109985351562, "_wandb": {"runtime": 38}}