{"train_loss": 0.08186095970314602, "_timestamp": 1697031451.0116587, "_runtime": 15.870057582855225, "_step": 108, "val_acc": 83.23699188232422, "_wandb": {"runtime": 15}}