{"train_loss": 0.08560206790368051, "_timestamp": 1697041132.9138243, "_runtime": 22.66505527496338, "_step": 147, "val_acc": 83.81502532958984, "_wandb": {"runtime": 22}}