{"train_loss": 0.3561203850563182, "_timestamp": 1697063560.2521083, "_runtime": 14.536142349243164, "_step": 96, "val_acc": 86.7052001953125, "_wandb": {"runtime": 14}}