{"train_loss": 0.11484576699047805, "_timestamp": 1697059944.8488953, "_runtime": 32.071014404296875, "_step": 209, "val_acc": 86.12716674804688, "_wandb": {"runtime": 30}}