{"train_loss": 0.027304093220790977, "_timestamp": 1697094532.3880775, "_runtime": 29.542067527770996, "_step": 239, "val_acc": 84.97109985351562, "_wandb": {"runtime": 29}}