{"train_loss": 0.11604066841780793, "_timestamp": 1697078841.191132, "_runtime": 28.15227699279785, "_step": 186, "val_acc": 85.54913330078125, "_wandb": {"runtime": 27}}