{"train_loss": 0.15029034596802884, "_timestamp": 1696984117.2309868, "_runtime": 23.911889791488647, "_step": 153, "val_acc": 85.54913330078125, "_wandb": {"runtime": 23}}