{"train_loss": 0.055961925655516775, "_timestamp": 1697094041.925551, "_runtime": 18.573508977890015, "_step": 135, "val_acc": 86.7052001953125, "_wandb": {"runtime": 18}}