{"train_loss": 0.03648331878316957, "_timestamp": 1697121749.449847, "_runtime": 38.36481308937073, "_step": 299, "val_acc": 87.28323364257812, "_wandb": {"runtime": 37}}