{"train_loss": 0.039439308059098586, "_timestamp": 1697079857.7869656, "_runtime": 34.207151651382446, "_step": 281, "val_acc": 86.12716674804688, "_wandb": {"runtime": 33}}