{"train_loss": 0.03913175009819137, "_timestamp": 1697067602.0856907, "_runtime": 22.682925701141357, "_step": 173, "val_acc": 84.97109985351562, "_wandb": {"runtime": 22}}