{"train_loss": 0.12190096491817819, "_timestamp": 1697005850.5470185, "_runtime": 19.742690563201904, "_step": 122, "val_acc": 84.97109985351562, "_wandb": {"runtime": 19}}