{"train_loss": 0.06091308917005568, "_timestamp": 1697029122.0276053, "_runtime": 37.564892292022705, "_step": 263, "val_acc": 86.12716674804688, "_wandb": {"runtime": 37}}