{"train_loss": 0.17080348446358776, "_timestamp": 1697118242.5895896, "_runtime": 12.98494267463684, "_step": 71, "val_acc": 81.50289154052734, "_wandb": {"runtime": 12}}