{"train_loss": 0.04363455725048647, "_timestamp": 1697100662.6417084, "_runtime": 28.97328543663025, "_step": 233, "val_acc": 85.54913330078125, "_wandb": {"runtime": 28}}