{"train_loss": 0.18042944239582434, "_timestamp": 1697055181.7442663, "_runtime": 10.951130390167236, "_step": 63, "val_acc": 82.08092498779297, "_wandb": {"runtime": 10}}