{"train_loss": 0.146954427928079, "_timestamp": 1697061422.8825426, "_runtime": 18.756487607955933, "_step": 113, "val_acc": 81.50289154052734, "_wandb": {"runtime": 18}}