{"train_loss": 3.2945102744324264, "_timestamp": 1696814453.177043, "_runtime": 588.1951270103455, "_step": 9, "_wandb": {"runtime": 600}}