{"train_loss": 0.10870141297752081, "_timestamp": 1696983124.4606516, "_runtime": 14.187915563583374, "_step": 93, "val_acc": 84.39306640625, "_wandb": {"runtime": 13}}