{"train_loss": 0.051725024108363445, "_timestamp": 1697076513.8607981, "_runtime": 15.805247068405151, "_step": 108, "val_acc": 86.12716674804688, "_wandb": {"runtime": 15}}