{"train_loss": 0.1277468882522784, "_timestamp": 1697039352.7494664, "_runtime": 17.1634783744812, "_step": 102, "val_acc": 83.81502532958984, "_wandb": {"runtime": 16}}