{"train_loss": 0.1183998113671361, "_timestamp": 1697005968.7760737, "_runtime": 11.785107612609863, "_step": 71, "val_acc": 84.39306640625, "_wandb": {"runtime": 11}}