{"train_loss": 1.1515666049401028, "_timestamp": 1696918145.9792254, "_runtime": 875.2392084598541, "_step": 21, "val_acc": 0.4566473960876465, "_wandb": {"runtime": 874}}