{"train_loss": 0.16700971421114233, "_timestamp": 1697107099.0819848, "_runtime": 16.128543853759766, "_step": 113, "val_acc": 86.12716674804688, "_wandb": {"runtime": 15}}