{"train_loss": 0.07477766688003443, "_timestamp": 1697111551.2009237, "_runtime": 22.453386783599854, "_step": 171, "val_acc": 84.97109985351562, "_wandb": {"runtime": 22}}