{"train_loss": 0.10711573534590993, "_timestamp": 1697046408.5680013, "_runtime": 30.01198935508728, "_step": 204, "val_acc": 83.23699188232422, "_wandb": {"runtime": 29}}