{"train_loss": 0.03361683594182047, "_timestamp": 1697020887.8450851, "_runtime": 27.930089235305786, "_step": 221, "val_acc": 87.28323364257812, "_wandb": {"runtime": 27}}