{"train_loss": 0.032365835616960686, "_timestamp": 1697079814.3979745, "_runtime": 32.13079237937927, "_step": 260, "val_acc": 84.97109985351562, "_wandb": {"runtime": 31}}