{"train_loss": 0.029818014247169674, "_timestamp": 1697088458.930493, "_runtime": 25.270252227783203, "_step": 200, "val_acc": 87.28323364257812, "_wandb": {"runtime": 24}}