{"train_loss": 0.0903383870717398, "_timestamp": 1697036277.066915, "_runtime": 20.10622215270996, "_step": 147, "val_acc": 84.97109985351562, "_wandb": {"runtime": 19}}