{"train_loss": 0.02892971625768168, "_timestamp": 1697007347.7624245, "_runtime": 29.047959566116333, "_step": 231, "val_acc": 83.81502532958984, "_wandb": {"runtime": 28}}