{"train_loss": 0.1055254356632399, "_timestamp": 1697075217.8120923, "_runtime": 28.59308433532715, "_step": 195, "val_acc": 80.34681701660156, "_wandb": {"runtime": 28}}