{"train_loss": 0.07546007910440135, "_timestamp": 1697083467.6167479, "_runtime": 31.08074688911438, "_step": 252, "val_acc": 86.12716674804688, "_wandb": {"runtime": 30}}