{"train_loss": 0.15977615249061652, "_timestamp": 1697015375.1261988, "_runtime": 15.5532066822052, "_step": 89, "val_acc": 85.54913330078125, "_wandb": {"runtime": 15}}