{"train_loss": 0.1019698669903825, "_timestamp": 1697105801.0376866, "_runtime": 37.88424849510193, "_step": 272, "val_acc": 87.28323364257812, "_wandb": {"runtime": 37}}