{"train_loss": 0.12091048608187499, "_timestamp": 1697028142.5529451, "_runtime": 23.19678020477295, "_step": 150, "val_acc": 84.39306640625, "_wandb": {"runtime": 22}}