{"train_loss": 0.07994223033554505, "_timestamp": 1697044182.8092718, "_runtime": 21.533630847930908, "_step": 161, "val_acc": 83.81502532958984, "_wandb": {"runtime": 21}}