{"train_loss": 0.05548156561535718, "_timestamp": 1697114071.3859324, "_runtime": 38.50250244140625, "_step": 263, "val_acc": 84.39306640625, "_wandb": {"runtime": 37}}