{"train_loss": 0.041009030689290446, "_timestamp": 1697093079.1527283, "_runtime": 31.208951234817505, "_step": 249, "val_acc": 85.54913330078125, "_wandb": {"runtime": 30}}