{"train_loss": 0.046014913577088264, "_timestamp": 1697039139.223798, "_runtime": 21.14841604232788, "_step": 158, "val_acc": 86.12716674804688, "_wandb": {"runtime": 20}}