{"train_loss": 0.07063001830693941, "_timestamp": 1697046110.2384472, "_runtime": 15.716858148574829, "_step": 107, "val_acc": 85.54913330078125, "_wandb": {"runtime": 15}}