{"train_loss": 0.06302308391368147, "_timestamp": 1697000467.6028767, "_runtime": 16.032209634780884, "_step": 110, "val_acc": 84.97109985351562, "_wandb": {"runtime": 15}}