{"train_loss": 0.02233270561623084, "_timestamp": 1697053292.9275365, "_runtime": 33.326268434524536, "_step": 272, "val_acc": 86.12716674804688, "_wandb": {"runtime": 32}}