{"train_loss": NaN, "_timestamp": 1696890281.8137155, "_runtime": 587.3840425014496, "_step": 9, "_wandb": {"runtime": 599}}