{"train_loss": 0.025740338676219242, "_timestamp": 1697066863.7840843, "_runtime": 32.98704433441162, "_step": 270, "val_acc": 87.86127471923828, "_wandb": {"runtime": 32}}