{"train_loss": 0.061156400890890944, "_timestamp": 1697063350.8752375, "_runtime": 18.010753393173218, "_step": 120, "val_acc": 83.81502532958984, "_wandb": {"runtime": 16}}