{"train_loss": 0.1086908023111349, "_timestamp": 1697017056.5000648, "_runtime": 11.624307870864868, "_step": 59, "val_acc": 86.7052001953125, "_wandb": {"runtime": 11}}