{"train_loss": 0.07138877705031962, "_timestamp": 1697129094.0065691, "_runtime": 29.909245252609253, "_step": 201, "val_acc": 87.28323364257812, "_wandb": {"runtime": 29}}