{"train_loss": 0.2549713598780854, "_timestamp": 1696976230.6749055, "_runtime": 9.125989437103271, "_step": 39, "val_acc": 83.23699188232422, "_wandb": {"runtime": 8}}