{"train_loss": 0.4099604515142219, "_timestamp": 1697100903.655709, "_runtime": 7.93782901763916, "_step": 30, "val_acc": 78.61271667480469, "_wandb": {"runtime": 7}}