{"train_loss": 0.13479449595649576, "_timestamp": 1697121175.9467828, "_runtime": 13.047541856765747, "_step": 80, "val_acc": 85.54913330078125, "_wandb": {"runtime": 12}}