{"train_loss": 0.062002347933864874, "_timestamp": 1697085824.7364962, "_runtime": 27.13503909111023, "_step": 182, "val_acc": 83.81502532958984, "_wandb": {"runtime": 26}}