{"train_loss": NaN, "_timestamp": 1696822897.2936993, "_runtime": 579.4223392009735, "_step": 9, "_wandb": {"runtime": 591}}