{"train_loss": 0.06532958896050967, "_timestamp": 1696993024.7018054, "_runtime": 21.22913432121277, "_step": 155, "val_acc": 87.28323364257812, "_wandb": {"runtime": 20}}