{"train_loss": 0.022209376020920137, "_timestamp": 1697005566.155938, "_runtime": 34.52974486351013, "_step": 240, "val_acc": 90.17340850830078, "_wandb": {"runtime": 34}}