{"train_loss": 3.3124387136032416, "_timestamp": 1696830464.427877, "_runtime": 895.2513110637665, "_step": 14, "_wandb": {"runtime": 894}}