{"train_loss": 0.08806044985215332, "_timestamp": 1697108665.0991628, "_runtime": 16.657206773757935, "_step": 93, "val_acc": 86.7052001953125, "_wandb": {"runtime": 15}}