{"train_loss": 0.07782981408283461, "_timestamp": 1697090702.4451816, "_runtime": 15.354283571243286, "_step": 105, "val_acc": 83.23699188232422, "_wandb": {"runtime": 15}}