{"train_loss": 0.06396091768185089, "_timestamp": 1697012670.4923508, "_runtime": 41.19634771347046, "_step": 287, "val_acc": 84.39306640625, "_wandb": {"runtime": 40}}