{"train_loss": 0.026895577499513015, "_timestamp": 1697030447.4315138, "_runtime": 29.582276821136475, "_step": 237, "val_acc": 87.86127471923828, "_wandb": {"runtime": 29}}