{"train_loss": 0.04025663144150099, "_timestamp": 1697074774.984281, "_runtime": 22.985028982162476, "_step": 173, "val_acc": 86.7052001953125, "_wandb": {"runtime": 22}}