{"train_loss": 0.018434879470205064, "_timestamp": 1697087687.4287658, "_runtime": 33.57471179962158, "_step": 276, "val_acc": 84.39306640625, "_wandb": {"runtime": 33}}