{"train_loss": 0.16777257881192273, "_timestamp": 1697094696.1790042, "_runtime": 18.58263921737671, "_step": 135, "val_acc": 82.6589584350586, "_wandb": {"runtime": 18}}