{"train_loss": 0.1712213300904909, "_timestamp": 1697095947.2600594, "_runtime": 17.04683828353882, "_step": 102, "val_acc": 79.76878356933594, "_wandb": {"runtime": 16}}