{"train_loss": 0.12569054138175276, "_timestamp": 1697028961.1587932, "_runtime": 20.888673305511475, "_step": 132, "val_acc": 85.54913330078125, "_wandb": {"runtime": 20}}