{"train_loss": 0.057590314281866124, "_timestamp": 1697074809.9181693, "_runtime": 21.766961336135864, "_step": 162, "val_acc": 88.4393081665039, "_wandb": {"runtime": 21}}