{"train_loss": 0.09442624674980031, "_timestamp": 1697024960.4136188, "_runtime": 12.404040813446045, "_step": 65, "val_acc": 87.28323364257812, "_wandb": {"runtime": 12}}