{"train_loss": 0.10678162691548879, "_timestamp": 1697124158.7769983, "_runtime": 38.91208624839783, "_step": 272, "val_acc": 84.39306640625, "_wandb": {"runtime": 38}}