{"train_loss": 0.13471616386587537, "_timestamp": 1697036392.715259, "_runtime": 11.16528606414795, "_step": 65, "val_acc": 83.81502532958984, "_wandb": {"runtime": 10}}