{"train_loss": 0.056849108207537684, "_timestamp": 1696981401.6618633, "_runtime": 14.795714378356934, "_step": 99, "val_acc": 86.7052001953125, "_wandb": {"runtime": 14}}