{"train_loss": 0.022225744941076913, "_timestamp": 1697086044.638341, "_runtime": 35.37172484397888, "_step": 293, "val_acc": 86.12716674804688, "_wandb": {"runtime": 35}}