{"train_loss": 0.09596011993410282, "_timestamp": 1697019427.9657955, "_runtime": 15.3463613986969, "_step": 105, "val_acc": 84.39306640625, "_wandb": {"runtime": 14}}