{"train_loss": 3.312714100923649, "_timestamp": 1696819881.2857227, "_runtime": 299.3569486141205, "_step": 4, "_wandb": {"runtime": 298}}