{"train_loss": 0.04757835842780011, "_timestamp": 1696981937.2370276, "_runtime": 40.68852257728577, "_step": 285, "val_acc": 82.6589584350586, "_wandb": {"runtime": 40}}