{"train_loss": 0.0298243023382045, "_timestamp": 1696994850.5718467, "_runtime": 37.41918969154358, "_step": 297, "val_acc": 89.59537506103516, "_wandb": {"runtime": 36}}