{"train_loss": 0.23023567502495162, "_timestamp": 1697095177.8055158, "_runtime": 10.279356718063354, "_step": 48, "val_acc": 80.92485809326172, "_wandb": {"runtime": 9}}