{"train_loss": 0.06405298401896711, "_timestamp": 1697090871.7859492, "_runtime": 30.343635320663452, "_step": 246, "val_acc": 87.86127471923828, "_wandb": {"runtime": 29}}