{"train_loss": 0.05574933203413736, "_timestamp": 1697054832.0111425, "_runtime": 17.899083375930786, "_step": 128, "val_acc": 84.39306640625, "_wandb": {"runtime": 17}}