{"train_loss": 0.09163880930417542, "_timestamp": 1697026516.6984, "_runtime": 31.515291929244995, "_step": 215, "val_acc": 82.08092498779297, "_wandb": {"runtime": 31}}