{"train_loss": 0.05617526222052876, "_timestamp": 1697010646.8562376, "_runtime": 24.087434768676758, "_step": 186, "val_acc": 84.39306640625, "_wandb": {"runtime": 23}}