{"train_loss": 0.18194836663991906, "_timestamp": 1697031001.037431, "_runtime": 8.690216064453125, "_step": 42, "val_acc": 83.81502532958984, "_wandb": {"runtime": 8}}