{"train_loss": 0.04528977885181734, "_timestamp": 1697084905.3615952, "_runtime": 34.92190718650818, "_step": 288, "val_acc": 87.28323364257812, "_wandb": {"runtime": 34}}