{"train_loss": 0.15487645754893853, "_timestamp": 1697114142.2620404, "_runtime": 16.429906368255615, "_step": 98, "val_acc": 83.23699188232422, "_wandb": {"runtime": 16}}