{"train_loss": 0.06328947346949906, "_timestamp": 1697030805.467939, "_runtime": 34.78558087348938, "_step": 240, "val_acc": 81.50289154052734, "_wandb": {"runtime": 34}}