{"train_loss": 0.07809114944038176, "_timestamp": 1696980634.6636777, "_runtime": 23.537704706192017, "_step": 180, "val_acc": 87.28323364257812, "_wandb": {"runtime": 23}}