{"train_loss": 0.05969142478479202, "_timestamp": 1697130104.522418, "_runtime": 18.57736301422119, "_step": 132, "val_acc": 83.81502532958984, "_wandb": {"runtime": 18}}