{"train_loss": 0.04600438114856695, "_timestamp": 1697076829.6464834, "_runtime": 26.893404483795166, "_step": 212, "val_acc": 84.97109985351562, "_wandb": {"runtime": 26}}