{"train_loss": 0.10811512137568274, "_timestamp": 1697040725.118326, "_runtime": 12.084866046905518, "_step": 74, "val_acc": 87.28323364257812, "_wandb": {"runtime": 11}}