{"train_loss": 0.07039634323747271, "_timestamp": 1697004036.592439, "_runtime": 38.37683701515198, "_step": 264, "val_acc": 84.97109985351562, "_wandb": {"runtime": 37}}