{"train_loss": 0.04099302224376304, "_timestamp": 1697070809.0524588, "_runtime": 25.59383487701416, "_step": 200, "val_acc": 84.39306640625, "_wandb": {"runtime": 25}}