{"train_loss": 0.05015583780355925, "_timestamp": 1697041871.3522952, "_runtime": 42.43087315559387, "_step": 299, "val_acc": 85.54913330078125, "_wandb": {"runtime": 42}}