{"train_loss": 0.04274011659435928, "_timestamp": 1697105493.908668, "_runtime": 27.0973379611969, "_step": 182, "val_acc": 86.7052001953125, "_wandb": {"runtime": 26}}