{"train_loss": 0.08457627976962993, "_timestamp": 1697004620.6131532, "_runtime": 25.456468105316162, "_step": 164, "val_acc": 87.28323364257812, "_wandb": {"runtime": 24}}