{"train_loss": 0.2047544802907248, "_timestamp": 1697054131.3638864, "_runtime": 9.834042310714722, "_step": 44, "val_acc": 83.81502532958984, "_wandb": {"runtime": 9}}