{"train_loss": 0.11316640033971431, "_timestamp": 1697070298.305532, "_runtime": 20.497787952423096, "_step": 125, "val_acc": 84.39306640625, "_wandb": {"runtime": 20}}