{"train_loss": 0.04637736637621771, "_timestamp": 1697079347.463127, "_runtime": 40.31329798698425, "_step": 285, "val_acc": 83.23699188232422, "_wandb": {"runtime": 39}}