{"train_loss": 0.11879758923422805, "_timestamp": 1697113178.1311467, "_runtime": 17.890219688415527, "_step": 108, "val_acc": 86.7052001953125, "_wandb": {"runtime": 17}}