{"train_loss": 0.1163427067574027, "_timestamp": 1697105909.4319177, "_runtime": 11.878799676895142, "_step": 72, "val_acc": 84.97109985351562, "_wandb": {"runtime": 11}}