{"train_loss": 0.06090118266171018, "_timestamp": 1697043389.1946259, "_runtime": 29.246838808059692, "_step": 234, "val_acc": 85.54913330078125, "_wandb": {"runtime": 28}}