{"train_loss": 0.06667565715196001, "_timestamp": 1697075637.2650356, "_runtime": 24.251619577407837, "_step": 161, "val_acc": 88.4393081665039, "_wandb": {"runtime": 23}}