{"train_loss": 0.9711448442999582, "_timestamp": 1696950849.1235435, "_runtime": 875.8341684341431, "_step": 21, "val_acc": 0.5375722646713257, "_wandb": {"runtime": 875}}