{"train_loss": 0.06301308325816725, "_timestamp": 1696979891.2489352, "_runtime": 15.778085231781006, "_step": 107, "val_acc": 86.7052001953125, "_wandb": {"runtime": 15}}