{"train_loss": 0.02682626421081422, "_timestamp": 1697014653.2997026, "_runtime": 35.79248070716858, "_step": 290, "val_acc": 84.97109985351562, "_wandb": {"runtime": 35}}