{"train_loss": 0.07701783009999713, "_timestamp": 1697007084.4758801, "_runtime": 22.438079118728638, "_step": 170, "val_acc": 86.7052001953125, "_wandb": {"runtime": 22}}