{"train_loss": 0.03982920624142469, "_timestamp": 1697055494.3533123, "_runtime": 27.759133338928223, "_step": 219, "val_acc": 82.6589584350586, "_wandb": {"runtime": 27}}