{"train_loss": 3.296378563309825, "_timestamp": 1696853725.0761719, "_runtime": 583.8039629459381, "_step": 9, "_wandb": {"runtime": 596}}