{"train_loss": 0.09768342587901929, "_timestamp": 1697053247.496549, "_runtime": 18.866631984710693, "_step": 116, "val_acc": 84.39306640625, "_wandb": {"runtime": 18}}