{"train_loss": 0.044939463461686986, "_timestamp": 1697065219.216326, "_runtime": 42.02542805671692, "_step": 293, "val_acc": 84.39306640625, "_wandb": {"runtime": 40}}