{"train_loss": 3.3137130834335506, "_timestamp": 1696855255.17237, "_runtime": 297.93287205696106, "_step": 4, "_wandb": {"runtime": 297}}