{"train_loss": 0.02755734476065913, "_timestamp": 1696981778.2395546, "_runtime": 20.45853853225708, "_step": 152, "val_acc": 83.81502532958984, "_wandb": {"runtime": 20}}