{"train_loss": 0.11236017073645409, "_timestamp": 1697085173.5813107, "_runtime": 34.731061697006226, "_step": 246, "val_acc": 82.6589584350586, "_wandb": {"runtime": 34}}