{"train_loss": 0.22671013594020245, "_timestamp": 1697066422.9545462, "_runtime": 9.56258511543274, "_step": 42, "val_acc": 88.4393081665039, "_wandb": {"runtime": 9}}