{"train_loss": 0.10068281493582872, "_timestamp": 1697014525.147299, "_runtime": 20.37944006919861, "_step": 128, "val_acc": 83.81502532958984, "_wandb": {"runtime": 20}}