{"train_loss": 0.017982211575821735, "_timestamp": 1697046914.859765, "_runtime": 34.010274171829224, "_step": 279, "val_acc": 85.54913330078125, "_wandb": {"runtime": 33}}