{"train_loss": 0.17547922161256158, "_timestamp": 1697113424.0408804, "_runtime": 14.879982471466064, "_step": 83, "val_acc": 86.7052001953125, "_wandb": {"runtime": 14}}