{"train_loss": 0.05510982900836267, "_timestamp": 1697064728.9977694, "_runtime": 24.40691828727722, "_step": 188, "val_acc": 86.7052001953125, "_wandb": {"runtime": 24}}