{"train_loss": 0.036393474121469746, "_timestamp": 1697051731.7725677, "_runtime": 29.87593364715576, "_step": 237, "val_acc": 85.54913330078125, "_wandb": {"runtime": 29}}