{"train_loss": 0.07642872831215648, "_timestamp": 1696979520.0372775, "_runtime": 38.95161056518555, "_step": 276, "val_acc": 82.6589584350586, "_wandb": {"runtime": 38}}