{"train_loss": 0.07213196088492242, "_timestamp": 1697028421.3444037, "_runtime": 34.43161177635193, "_step": 240, "val_acc": 83.81502532958984, "_wandb": {"runtime": 34}}