{"train_loss": 0.06390851914211242, "_timestamp": 1697116184.9392576, "_runtime": 19.05959463119507, "_step": 140, "val_acc": 86.7052001953125, "_wandb": {"runtime": 18}}