{"train_loss": 0.9288818951114609, "_timestamp": 1696927867.5619175, "_runtime": 870.9800155162811, "_step": 21, "val_acc": 0.5780346989631653, "_wandb": {"runtime": 870}}