{"train_loss": 0.031045621791637914, "_timestamp": 1697126159.7146034, "_runtime": 33.793461322784424, "_step": 275, "val_acc": 87.28323364257812, "_wandb": {"runtime": 33}}