{"train_loss": 0.038621808547082595, "_timestamp": 1696974884.6798573, "_runtime": 32.49939823150635, "_step": 227, "val_acc": 86.7052001953125, "_wandb": {"runtime": 32}}