{"train_loss": 0.014472916041403402, "_timestamp": 1697042029.5560436, "_runtime": 31.00840473175049, "_step": 248, "val_acc": 88.4393081665039, "_wandb": {"runtime": 30}}