{"train_loss": 0.04735144703150835, "_timestamp": 1697099583.3734007, "_runtime": 27.78772759437561, "_step": 186, "val_acc": 84.97109985351562, "_wandb": {"runtime": 27}}