{"train_loss": NaN, "_timestamp": 1696821079.7040286, "_runtime": 577.42671251297, "_step": 9, "_wandb": {"runtime": 589}}