{"train_loss": 0.0514394709174413, "_timestamp": 1697031672.3723974, "_runtime": 20.44554352760315, "_step": 150, "val_acc": 86.7052001953125, "_wandb": {"runtime": 20}}