{"train_loss": 0.18539670100002442, "_timestamp": 1697079035.0590425, "_runtime": 15.909247398376465, "_step": 92, "val_acc": 80.92485809326172, "_wandb": {"runtime": 15}}