{"train_loss": 0.020654215596529635, "_timestamp": 1697018912.8673105, "_runtime": 30.92643141746521, "_step": 251, "val_acc": 87.28323364257812, "_wandb": {"runtime": 30}}