{"train_loss": 0.07782397269600255, "_timestamp": 1696980555.6581142, "_runtime": 37.430724143981934, "_step": 266, "val_acc": 84.39306640625, "_wandb": {"runtime": 37}}