{"train_loss": 0.02629573721720209, "_timestamp": 1697029006.4151719, "_runtime": 35.08982181549072, "_step": 291, "val_acc": 85.54913330078125, "_wandb": {"runtime": 34}}