{"train_loss": 0.02798955703998894, "_timestamp": 1697091629.6895533, "_runtime": 25.11474633216858, "_step": 195, "val_acc": 86.7052001953125, "_wandb": {"runtime": 24}}