{"train_loss": 0.049815238251751506, "_timestamp": 1696981303.1468675, "_runtime": 34.60432147979736, "_step": 282, "val_acc": 85.54913330078125, "_wandb": {"runtime": 34}}