{"train_loss": 0.1319604694929927, "_timestamp": 1696977023.0271058, "_runtime": 15.744680881500244, "_step": 93, "val_acc": 85.54913330078125, "_wandb": {"runtime": 15}}