{"train_loss": 0.2120991149527389, "_timestamp": 1697000723.9872448, "_runtime": 9.195919752120972, "_step": 39, "val_acc": 86.7052001953125, "_wandb": {"runtime": 8}}