{"train_loss": 0.2008719986607862, "_timestamp": 1697054663.4780061, "_runtime": 9.199817180633545, "_step": 47, "val_acc": 84.97109985351562, "_wandb": {"runtime": 8}}