{"train_loss": 0.114462468134196, "_timestamp": 1697058994.7449675, "_runtime": 18.879780530929565, "_step": 117, "val_acc": 84.39306640625, "_wandb": {"runtime": 18}}