{"train_loss": 0.05918506394088983, "_timestamp": 1697113623.5571458, "_runtime": 39.13486075401306, "_step": 279, "val_acc": 85.54913330078125, "_wandb": {"runtime": 38}}