{"train_loss": 0.14968437098269893, "_timestamp": 1696996056.5979674, "_runtime": 14.054718494415283, "_step": 77, "val_acc": 84.97109985351562, "_wandb": {"runtime": 13}}