{"train_loss": 0.041624317351771994, "_timestamp": 1697070720.9142838, "_runtime": 29.63742971420288, "_step": 236, "val_acc": 83.81502532958984, "_wandb": {"runtime": 29}}