{"train_loss": 0.15306575799923997, "_timestamp": 1697048901.9042428, "_runtime": 13.908206701278687, "_step": 48, "val_acc": 87.86127471923828, "_wandb": {"runtime": 8}}