{"train_loss": 1.151604140592351, "_timestamp": 1696923450.1607323, "_runtime": 871.360511302948, "_step": 21, "val_acc": 0.43352600932121277, "_wandb": {"runtime": 870}}