{"train_loss": 0.06497054766365436, "_timestamp": 1696981973.4932532, "_runtime": 25.620184183120728, "_step": 200, "val_acc": 84.97109985351562, "_wandb": {"runtime": 25}}