{"train_loss": 0.0236450418184219, "_timestamp": 1697102979.610632, "_runtime": 33.44454383850098, "_step": 276, "val_acc": 86.12716674804688, "_wandb": {"runtime": 33}}