{"train_loss": 0.14877899610545747, "_timestamp": 1697005755.8452814, "_runtime": 18.571279287338257, "_step": 114, "val_acc": 84.39306640625, "_wandb": {"runtime": 18}}