{"train_loss": 0.14108682402171369, "_timestamp": 1697097450.8765926, "_runtime": 14.753796577453613, "_step": 84, "val_acc": 82.08092498779297, "_wandb": {"runtime": 14}}