{"train_loss": 0.16684731893068136, "_timestamp": 1697126282.0767314, "_runtime": 21.501102447509766, "_step": 159, "val_acc": 84.39306640625, "_wandb": {"runtime": 21}}