{"train_loss": 0.05388322893021152, "_timestamp": 1696975767.361476, "_runtime": 33.567548990249634, "_step": 230, "val_acc": 83.23699188232422, "_wandb": {"runtime": 33}}