{"train_loss": 0.05862063454832275, "_timestamp": 1697069214.0139058, "_runtime": 26.01550579071045, "_step": 203, "val_acc": 87.86127471923828, "_wandb": {"runtime": 25}}