{"train_loss": 0.10991333948101761, "_timestamp": 1697120090.8774827, "_runtime": 20.139618635177612, "_step": 126, "val_acc": 84.39306640625, "_wandb": {"runtime": 19}}