{"train_loss": 0.12139416023612369, "_timestamp": 1696993305.1415803, "_runtime": 23.362696409225464, "_step": 146, "val_acc": 87.28323364257812, "_wandb": {"runtime": 22}}