{"train_loss": 0.069568119293382, "_timestamp": 1697066502.1509154, "_runtime": 16.0735604763031, "_step": 111, "val_acc": 83.81502532958984, "_wandb": {"runtime": 15}}