{"train_loss": 0.08348124821367132, "_timestamp": 1697044557.115454, "_runtime": 27.860753059387207, "_step": 186, "val_acc": 87.28323364257812, "_wandb": {"runtime": 27}}