{"train_loss": 0.041835077342490645, "_timestamp": 1697001436.8200874, "_runtime": 35.55991554260254, "_step": 243, "val_acc": 84.97109985351562, "_wandb": {"runtime": 35}}