{"train_loss": 0.03975091783091599, "_timestamp": 1697074282.6955576, "_runtime": 20.708658695220947, "_step": 153, "val_acc": 84.97109985351562, "_wandb": {"runtime": 20}}