{"train_loss": 0.09319416117356268, "_timestamp": 1697077852.3373592, "_runtime": 12.996450185775757, "_step": 83, "val_acc": 86.12716674804688, "_wandb": {"runtime": 12}}