{"train_loss": 0.1553124788455492, "_timestamp": 1697067620.4262, "_runtime": 9.952828884124756, "_step": 54, "val_acc": 84.97109985351562, "_wandb": {"runtime": 9}}