{"train_loss": 0.0611101308577629, "_timestamp": 1697069831.9134302, "_runtime": 32.64914011955261, "_step": 266, "val_acc": 87.28323364257812, "_wandb": {"runtime": 32}}