{"train_loss": 0.2815111088891362, "_timestamp": 1697033806.0720744, "_runtime": 7.704108476638794, "_step": 33, "val_acc": 82.6589584350586, "_wandb": {"runtime": 7}}