{"train_loss": 0.1330040930716191, "_timestamp": 1697068055.4872925, "_runtime": 15.304728507995605, "_step": 86, "val_acc": 85.54913330078125, "_wandb": {"runtime": 14}}