{"train_loss": 0.07859048784472221, "_timestamp": 1697044947.879103, "_runtime": 34.35774087905884, "_step": 233, "val_acc": 82.6589584350586, "_wandb": {"runtime": 33}}