{"train_loss": 0.21056844523653043, "_timestamp": 1697102234.7048862, "_runtime": 11.330713272094727, "_step": 57, "val_acc": 85.54913330078125, "_wandb": {"runtime": 10}}