{"train_loss": 0.035283456417071354, "_timestamp": 1697028056.2640514, "_runtime": 39.2974214553833, "_step": 278, "val_acc": 85.54913330078125, "_wandb": {"runtime": 38}}