{"train_loss": 0.08488998547207217, "_timestamp": 1697095208.4040072, "_runtime": 19.89778709411621, "_step": 123, "val_acc": 85.54913330078125, "_wandb": {"runtime": 19}}