{"train_loss": 0.1068101012537819, "_timestamp": 1697011626.9785783, "_runtime": 18.67277431488037, "_step": 111, "val_acc": 83.81502532958984, "_wandb": {"runtime": 18}}