{"train_loss": 0.09527709447713785, "_timestamp": 1696984145.5321012, "_runtime": 21.410980224609375, "_step": 138, "val_acc": 82.6589584350586, "_wandb": {"runtime": 21}}