{"train_loss": 0.03843924749729245, "_timestamp": 1697046689.3838089, "_runtime": 31.563036918640137, "_step": 257, "val_acc": 87.28323364257812, "_wandb": {"runtime": 31}}