{"train_loss": 0.13887601601349753, "_timestamp": 1697108374.6202374, "_runtime": 10.330405235290527, "_step": 57, "val_acc": 83.81502532958984, "_wandb": {"runtime": 9}}