{"train_loss": 0.05529524877580792, "_timestamp": 1697056910.077504, "_runtime": 40.35858488082886, "_step": 290, "val_acc": 86.12716674804688, "_wandb": {"runtime": 39}}