{"train_loss": 0.06374483553254111, "_timestamp": 1697057992.4830453, "_runtime": 39.78290033340454, "_step": 282, "val_acc": 83.81502532958984, "_wandb": {"runtime": 39}}