{"train_loss": 0.04770859589172138, "_timestamp": 1697012270.9789388, "_runtime": 23.415690898895264, "_step": 179, "val_acc": 86.12716674804688, "_wandb": {"runtime": 23}}