{"train_loss": 0.16425929114569066, "_timestamp": 1697119071.9633248, "_runtime": 20.724990844726562, "_step": 134, "val_acc": 84.97109985351562, "_wandb": {"runtime": 20}}