{"train_loss": 0.08317567754623502, "_timestamp": 1697056077.8797722, "_runtime": 32.75368928909302, "_step": 266, "val_acc": 83.23699188232422, "_wandb": {"runtime": 32}}