{"train_loss": 0.05913467678176456, "_timestamp": 1697017614.2466273, "_runtime": 18.478922367095947, "_step": 131, "val_acc": 87.86127471923828, "_wandb": {"runtime": 18}}