{"train_loss": 0.13935200428200323, "_timestamp": 1697010807.680846, "_runtime": 13.385629892349243, "_step": 87, "val_acc": 86.7052001953125, "_wandb": {"runtime": 13}}