{"train_loss": 0.016627284191917023, "_timestamp": 1697027174.0248537, "_runtime": 32.885870695114136, "_step": 267, "val_acc": 84.97109985351562, "_wandb": {"runtime": 32}}