{"train_loss": 0.04053081542410519, "_timestamp": 1697064357.4227076, "_runtime": 36.270315647125244, "_step": 297, "val_acc": 83.81502532958984, "_wandb": {"runtime": 35}}