{"train_loss": 0.0263849021447281, "_timestamp": 1697090061.4675443, "_runtime": 33.56956338882446, "_step": 276, "val_acc": 86.12716674804688, "_wandb": {"runtime": 33}}