{"train_loss": 0.04583907134960904, "_timestamp": 1697129171.5534475, "_runtime": 25.325867414474487, "_step": 168, "val_acc": 85.54913330078125, "_wandb": {"runtime": 24}}