{"train_loss": 0.1092894965184441, "_timestamp": 1697064403.246936, "_runtime": 35.78535509109497, "_step": 237, "val_acc": 83.81502532958984, "_wandb": {"runtime": 33}}