{"train_loss": 0.16923877796114878, "_timestamp": 1697040279.3014646, "_runtime": 9.808984518051147, "_step": 51, "val_acc": 84.39306640625, "_wandb": {"runtime": 9}}