{"train_loss": 0.22077009695863656, "_timestamp": 1697020108.5077918, "_runtime": 13.360102653503418, "_step": 74, "val_acc": 84.97109985351562, "_wandb": {"runtime": 13}}