{"train_loss": 0.042595733525664654, "_timestamp": 1697110987.1855428, "_runtime": 22.34537982940674, "_step": 168, "val_acc": 84.97109985351562, "_wandb": {"runtime": 21}}