{"train_loss": 0.09542804087382244, "_timestamp": 1697076650.122068, "_runtime": 12.990862846374512, "_step": 81, "val_acc": 86.12716674804688, "_wandb": {"runtime": 12}}