{"train_loss": 0.08853005702190404, "_timestamp": 1697038222.675303, "_runtime": 37.6363000869751, "_step": 264, "val_acc": 85.54913330078125, "_wandb": {"runtime": 37}}