{"train_loss": 0.0961115405310032, "_timestamp": 1697128404.0303767, "_runtime": 11.74585771560669, "_step": 71, "val_acc": 83.81502532958984, "_wandb": {"runtime": 11}}