{"train_loss": 3.2965143572452456, "_timestamp": 1696942881.898688, "_runtime": 869.4065330028534, "_step": 21, "val_acc": 0.04624277353286743, "_wandb": {"runtime": 869}}