{"train_loss": 3.312899114780648, "_timestamp": 1696884801.4805872, "_runtime": 593.6606032848358, "_step": 9, "_wandb": {"runtime": 605}}