{"train_loss": 0.07118561268285957, "_timestamp": 1697001908.8184092, "_runtime": 25.7066593170166, "_step": 165, "val_acc": 87.28323364257812, "_wandb": {"runtime": 25}}