{"train_loss": 0.033124365261755884, "_timestamp": 1696997490.186936, "_runtime": 28.56998896598816, "_step": 225, "val_acc": 84.39306640625, "_wandb": {"runtime": 28}}