{"train_loss": 0.14104698544238195, "_timestamp": 1697071227.4066632, "_runtime": 10.872782230377197, "_step": 62, "val_acc": 83.81502532958984, "_wandb": {"runtime": 10}}