{"train_loss": 0.11176263954663693, "_timestamp": 1697040365.7138507, "_runtime": 23.455381631851196, "_step": 149, "val_acc": 83.81502532958984, "_wandb": {"runtime": 23}}