{"train_loss": 1.1874225749525913, "_timestamp": 1696980893.357362, "_runtime": 14.926023960113525, "_step": 101, "val_acc": 75.72254180908203, "_wandb": {"runtime": 14}}