{"train_loss": 3.4328748673893683, "_timestamp": 1696833186.4578898, "_runtime": 891.3623378276825, "_step": 14, "_wandb": {"runtime": 890}}