{"train_loss": 0.08771103154461787, "_timestamp": 1696986275.6090863, "_runtime": 31.791231393814087, "_step": 210, "val_acc": 86.7052001953125, "_wandb": {"runtime": 31}}