{"train_loss": 0.061177428506536756, "_timestamp": 1697035822.2978303, "_runtime": 34.46447944641113, "_step": 239, "val_acc": 86.7052001953125, "_wandb": {"runtime": 34}}