{"train_loss": 0.14284846122744818, "_timestamp": 1697016392.7479138, "_runtime": 20.323433876037598, "_step": 126, "val_acc": 84.39306640625, "_wandb": {"runtime": 19}}