{"train_loss": 0.20740720369788104, "_timestamp": 1697090923.1837232, "_runtime": 14.534607172012329, "_step": 81, "val_acc": 83.23699188232422, "_wandb": {"runtime": 14}}