{"train_loss": 0.02252130739277142, "_timestamp": 1697007935.909913, "_runtime": 31.948681116104126, "_step": 260, "val_acc": 86.7052001953125, "_wandb": {"runtime": 31}}