{"train_loss": 0.026637509362338933, "_timestamp": 1697051068.3712983, "_runtime": 28.813481330871582, "_step": 230, "val_acc": 86.12716674804688, "_wandb": {"runtime": 28}}