{"train_loss": 1.6836404399461187, "_timestamp": 1696826517.56216, "_runtime": 890.5239291191101, "_step": 14, "_wandb": {"runtime": 890}}