{"train_loss": 0.06352604019217366, "_timestamp": 1697048010.1308875, "_runtime": 18.544934511184692, "_step": 134, "val_acc": 86.7052001953125, "_wandb": {"runtime": 18}}