{"train_loss": 0.053661729730286656, "_timestamp": 1696991824.2769086, "_runtime": 38.77581071853638, "_step": 264, "val_acc": 84.97109985351562, "_wandb": {"runtime": 38}}