{"train_loss": 0.04338593704106156, "_timestamp": 1697128922.31761, "_runtime": 23.788785934448242, "_step": 156, "val_acc": 85.54913330078125, "_wandb": {"runtime": 23}}