{"train_loss": 0.10128565684372429, "_timestamp": 1696976211.1182427, "_runtime": 25.446014642715454, "_step": 167, "val_acc": 85.54913330078125, "_wandb": {"runtime": 25}}