{"train_loss": 0.03523997224049729, "_timestamp": 1697086850.4584394, "_runtime": 31.478808403015137, "_step": 258, "val_acc": 86.12716674804688, "_wandb": {"runtime": 31}}