{"train_loss": 0.10302813901825873, "_timestamp": 1697087437.3168166, "_runtime": 36.266950607299805, "_step": 252, "val_acc": 81.50289154052734, "_wandb": {"runtime": 35}}