{"train_loss": 0.03998592972814993, "_timestamp": 1697064885.3147373, "_runtime": 31.688713312149048, "_step": 258, "val_acc": 83.81502532958984, "_wandb": {"runtime": 31}}