{"train_loss": 0.033901182807397186, "_timestamp": 1697119844.4203463, "_runtime": 26.15591025352478, "_step": 204, "val_acc": 86.7052001953125, "_wandb": {"runtime": 25}}