{"train_loss": 0.03692024394322923, "_timestamp": 1697028357.913283, "_runtime": 32.968064069747925, "_step": 266, "val_acc": 84.97109985351562, "_wandb": {"runtime": 32}}