{"train_loss": 0.24903462342051572, "_timestamp": 1697035777.032537, "_runtime": 9.948713064193726, "_step": 45, "val_acc": 79.19075012207031, "_wandb": {"runtime": 9}}