{"train_loss": 0.3289183798397696, "_timestamp": 1697005944.7873807, "_runtime": 8.653144598007202, "_step": 36, "val_acc": 84.97109985351562, "_wandb": {"runtime": 8}}