{"train_loss": NaN, "_timestamp": 1696845321.7891374, "_runtime": 878.7265634536743, "_step": 14, "_wandb": {"runtime": 878}}