{"train_loss": 0.02492833726154099, "_timestamp": 1697065637.8450139, "_runtime": 30.519226789474487, "_step": 245, "val_acc": 86.7052001953125, "_wandb": {"runtime": 30}}