{"train_loss": 0.03767109473864006, "_timestamp": 1697033048.523132, "_runtime": 35.92618107795715, "_step": 252, "val_acc": 84.97109985351562, "_wandb": {"runtime": 35}}