{"train_loss": NaN, "_timestamp": 1696874747.4670053, "_runtime": 1262.5715272426605, "_step": 14, "_wandb": {"runtime": 1261}}