{"train_loss": 0.07708649629142222, "_timestamp": 1697003036.947214, "_runtime": 20.26298499107361, "_step": 147, "val_acc": 85.54913330078125, "_wandb": {"runtime": 19}}