{"train_loss": 3.426891014672989, "_timestamp": 1696856152.8610249, "_runtime": 886.4229519367218, "_step": 14, "_wandb": {"runtime": 886}}