{"train_loss": 0.12030308636251924, "_timestamp": 1697044800.2419796, "_runtime": 11.33337950706482, "_step": 66, "val_acc": 86.12716674804688, "_wandb": {"runtime": 10}}