{"train_loss": 0.044202758910995364, "_timestamp": 1697014901.307447, "_runtime": 42.21403884887695, "_step": 297, "val_acc": 83.81502532958984, "_wandb": {"runtime": 41}}