{"train_loss": 0.14051480576136086, "_timestamp": 1697122654.2185993, "_runtime": 16.869474411010742, "_step": 96, "val_acc": 84.97109985351562, "_wandb": {"runtime": 16}}