{"train_loss": 0.11017351812239043, "_timestamp": 1696985214.892075, "_runtime": 27.7600519657135, "_step": 180, "val_acc": 84.39306640625, "_wandb": {"runtime": 27}}