{"train_loss": 0.04379476589248191, "_timestamp": 1696995516.5511456, "_runtime": 24.32876443862915, "_step": 183, "val_acc": 84.39306640625, "_wandb": {"runtime": 23}}