{"train_loss": 0.1933736340684253, "_timestamp": 1697028376.5402553, "_runtime": 10.397055387496948, "_step": 50, "val_acc": 83.81502532958984, "_wandb": {"runtime": 10}}