{"train_loss": 2.0251856404681536, "_timestamp": 1697037400.3207512, "_runtime": 8.59526014328003, "_step": 41, "val_acc": 68.78612518310547, "_wandb": {"runtime": 8}}