{"train_loss": 0.05724824171751564, "_timestamp": 1697056861.1053972, "_runtime": 22.28254723548889, "_step": 168, "val_acc": 87.28323364257812, "_wandb": {"runtime": 21}}