{"train_loss": 1.8506204126981378, "_timestamp": 1696811437.6633954, "_runtime": 876.8110313415527, "_step": 14, "_wandb": {"runtime": 876}}