{"train_loss": 0.0853291729919959, "_timestamp": 1697021836.343777, "_runtime": 18.5986750125885, "_step": 113, "val_acc": 84.97109985351562, "_wandb": {"runtime": 18}}