{"train_loss": 0.05567452582249115, "_timestamp": 1697032384.5384116, "_runtime": 20.45695471763611, "_step": 152, "val_acc": 87.86127471923828, "_wandb": {"runtime": 20}}