{"train_loss": 0.10130820494026033, "_timestamp": 1697012880.0611646, "_runtime": 39.9790894985199, "_step": 279, "val_acc": 84.39306640625, "_wandb": {"runtime": 39}}