{"train_loss": 0.10113818735577339, "_timestamp": 1697084410.9973423, "_runtime": 13.948777437210083, "_step": 90, "val_acc": 83.81502532958984, "_wandb": {"runtime": 13}}