{"train_loss": 0.15186263382608114, "_timestamp": 1697040059.408746, "_runtime": 17.057440996170044, "_step": 99, "val_acc": 79.76878356933594, "_wandb": {"runtime": 16}}