{"train_loss": 0.12618636101657568, "_timestamp": 1697121363.4362206, "_runtime": 9.543392658233643, "_step": 48, "val_acc": 84.39306640625, "_wandb": {"runtime": 9}}