{"train_loss": 0.06556796707039655, "_timestamp": 1696990218.8201878, "_runtime": 16.75005078315735, "_step": 113, "val_acc": 84.97109985351562, "_wandb": {"runtime": 16}}