{"train_loss": 0.068225639352445, "_timestamp": 1697089976.8754492, "_runtime": 16.117380142211914, "_step": 95, "val_acc": 83.23699188232422, "_wandb": {"runtime": 15}}