{"train_loss": 0.07969579198072817, "_timestamp": 1697119137.375721, "_runtime": 29.12580895423889, "_step": 200, "val_acc": 87.28323364257812, "_wandb": {"runtime": 28}}