{"train_loss": 0.035661926623000655, "_timestamp": 1697038458.981683, "_runtime": 20.77590298652649, "_step": 156, "val_acc": 85.54913330078125, "_wandb": {"runtime": 20}}