{"train_loss": 0.2880717431476643, "_timestamp": 1697067485.03224, "_runtime": 9.488879919052124, "_step": 42, "val_acc": 80.92485809326172, "_wandb": {"runtime": 9}}