{"train_loss": 0.18692328436516745, "_timestamp": 1697111660.6376853, "_runtime": 11.535705327987671, "_step": 57, "val_acc": 83.81502532958984, "_wandb": {"runtime": 11}}