{"train_loss": 0.10650609924219721, "_timestamp": 1697125160.5970392, "_runtime": 15.403408288955688, "_step": 104, "val_acc": 86.12716674804688, "_wandb": {"runtime": 14}}