{"train_loss": 0.5921140084433001, "_timestamp": 1697091247.064601, "_runtime": 7.745548963546753, "_step": 33, "val_acc": 84.39306640625, "_wandb": {"runtime": 7}}