{"train_loss": 0.03605892049922976, "_timestamp": 1696991158.7794645, "_runtime": 26.508824586868286, "_step": 206, "val_acc": 82.6589584350586, "_wandb": {"runtime": 26}}