{"train_loss": 0.12954767234623432, "_timestamp": 1697122791.5795438, "_runtime": 14.754881858825684, "_step": 78, "val_acc": 87.86127471923828, "_wandb": {"runtime": 14}}