{"train_loss": 0.2241896440296672, "_timestamp": 1697114394.133137, "_runtime": 9.989991903305054, "_step": 47, "val_acc": 83.23699188232422, "_wandb": {"runtime": 9}}