{"train_loss": 0.710996137801991, "_timestamp": 1697062909.402238, "_runtime": 8.742148876190186, "_step": 42, "val_acc": 79.76878356933594, "_wandb": {"runtime": 8}}