{"train_loss": 0.07332136333638499, "_timestamp": 1697102545.0242078, "_runtime": 16.392916917800903, "_step": 114, "val_acc": 83.23699188232422, "_wandb": {"runtime": 16}}