{"train_loss": 3.2945008880870286, "_timestamp": 1696858253.9134777, "_runtime": 594.4396116733551, "_step": 9, "_wandb": {"runtime": 606}}