{"train_loss": 0.25317900281312855, "_timestamp": 1697022026.3858142, "_runtime": 7.566071271896362, "_step": 32, "val_acc": 86.12716674804688, "_wandb": {"runtime": 7}}