{"train_loss": 0.06593523341296025, "_timestamp": 1697122969.783314, "_runtime": 21.77228808403015, "_step": 155, "val_acc": 87.28323364257812, "_wandb": {"runtime": 21}}