{"train_loss": 0.04463950806665559, "_timestamp": 1697064926.4031596, "_runtime": 30.283783674240112, "_step": 243, "val_acc": 85.54913330078125, "_wandb": {"runtime": 29}}