{"train_loss": 0.09072495336362789, "_timestamp": 1697061657.6750462, "_runtime": 12.09312129020691, "_step": 74, "val_acc": 85.54913330078125, "_wandb": {"runtime": 11}}