{"train_loss": 0.05559995123401804, "_timestamp": 1696974947.4959161, "_runtime": 18.257562160491943, "_step": 132, "val_acc": 83.23699188232422, "_wandb": {"runtime": 17}}