{"train_loss": 0.059674676662198604, "_timestamp": 1697065065.6261697, "_runtime": 39.50284457206726, "_step": 278, "val_acc": 83.23699188232422, "_wandb": {"runtime": 38}}