{"train_loss": 0.0807132042300086, "_timestamp": 1697101369.5479765, "_runtime": 23.528772592544556, "_step": 152, "val_acc": 81.50289154052734, "_wandb": {"runtime": 23}}