{"train_loss": 0.2760234935599011, "_timestamp": 1697048990.8387544, "_runtime": 10.212047338485718, "_step": 45, "val_acc": 86.7052001953125, "_wandb": {"runtime": 9}}