{"train_loss": 0.09058436434878427, "_timestamp": 1697098846.742869, "_runtime": 35.06666278839111, "_step": 243, "val_acc": 82.6589584350586, "_wandb": {"runtime": 34}}