{"train_loss": 0.046768293230047144, "_timestamp": 1697063992.9300568, "_runtime": 33.732247829437256, "_step": 278, "val_acc": 87.28323364257812, "_wandb": {"runtime": 33}}