{"train_loss": 0.046308401582199475, "_timestamp": 1697079893.3986127, "_runtime": 28.527875661849976, "_step": 228, "val_acc": 82.08092498779297, "_wandb": {"runtime": 28}}