{"train_loss": 0.07018348520220972, "_timestamp": 1697058834.3399718, "_runtime": 34.900041818618774, "_step": 243, "val_acc": 89.59537506103516, "_wandb": {"runtime": 34}}