{"train_loss": 0.024333246699994603, "_timestamp": 1696991561.4219456, "_runtime": 42.74403762817383, "_step": 299, "val_acc": 86.12716674804688, "_wandb": {"runtime": 42}}