{"train_loss": 0.11488487150758332, "_timestamp": 1697116376.76545, "_runtime": 22.945725917816162, "_step": 147, "val_acc": 85.54913330078125, "_wandb": {"runtime": 22}}