{"train_loss": 0.053943271163937656, "_timestamp": 1697094937.9795942, "_runtime": 23.002018213272095, "_step": 179, "val_acc": 84.97109985351562, "_wandb": {"runtime": 22}}