{"train_loss": 0.033332770982713894, "_timestamp": 1697019715.3011725, "_runtime": 32.50170850753784, "_step": 264, "val_acc": 87.86127471923828, "_wandb": {"runtime": 32}}