{"train_loss": 0.2312964514590973, "_timestamp": 1696972631.0676594, "_runtime": 7.562354326248169, "_step": 32, "val_acc": 82.6589584350586, "_wandb": {"runtime": 7}}