{"train_loss": 0.1257044660079098, "_timestamp": 1697120917.2340236, "_runtime": 13.068257570266724, "_step": 83, "val_acc": 84.39306640625, "_wandb": {"runtime": 12}}