{"train_loss": 0.15967249943939751, "_timestamp": 1697040386.149479, "_runtime": 12.902050971984863, "_step": 69, "val_acc": 87.86127471923828, "_wandb": {"runtime": 12}}