{"train_loss": 0.02482782210274816, "_timestamp": 1697028300.7149096, "_runtime": 32.52494144439697, "_step": 266, "val_acc": 86.12716674804688, "_wandb": {"runtime": 32}}