{"train_loss": 0.07191613650079383, "_timestamp": 1697040335.7763038, "_runtime": 24.510422706604004, "_step": 159, "val_acc": 86.12716674804688, "_wandb": {"runtime": 24}}