{"train_loss": 0.05436245533827216, "_timestamp": 1697124047.7857995, "_runtime": 26.166764497756958, "_step": 177, "val_acc": 84.97109985351562, "_wandb": {"runtime": 25}}