{"train_loss": 0.03259338844881588, "_timestamp": 1697031155.0417116, "_runtime": 28.282716512680054, "_step": 225, "val_acc": 83.23699188232422, "_wandb": {"runtime": 27}}