{"train_loss": 0.09556777796946293, "_timestamp": 1697061182.7143316, "_runtime": 15.91005563735962, "_step": 108, "val_acc": 84.39306640625, "_wandb": {"runtime": 15}}