{"train_loss": 0.22192452362803525, "_timestamp": 1697049510.381973, "_runtime": 12.287864923477173, "_step": 63, "val_acc": 86.7052001953125, "_wandb": {"runtime": 11}}