{"train_loss": 0.04999577912209599, "_timestamp": 1696998326.6496952, "_runtime": 38.899723052978516, "_step": 264, "val_acc": 84.97109985351562, "_wandb": {"runtime": 38}}