{"train_loss": 0.026595931563818783, "_timestamp": 1697043158.7370248, "_runtime": 35.222017765045166, "_step": 290, "val_acc": 84.39306640625, "_wandb": {"runtime": 34}}