{"train_loss": 0.0625894281676115, "_timestamp": 1697018585.8125231, "_runtime": 28.403431177139282, "_step": 189, "val_acc": 83.81502532958984, "_wandb": {"runtime": 28}}