{"train_loss": 0.015316328297769867, "_timestamp": 1697034916.0147479, "_runtime": 36.29328274726868, "_step": 299, "val_acc": 84.97109985351562, "_wandb": {"runtime": 35}}