{"train_loss": 0.1258383303729081, "_timestamp": 1697109883.3525772, "_runtime": 21.088520288467407, "_step": 122, "val_acc": 87.86127471923828, "_wandb": {"runtime": 19}}