{"train_loss": 0.0962828237557957, "_timestamp": 1696996448.2960005, "_runtime": 24.011057376861572, "_step": 152, "val_acc": 85.54913330078125, "_wandb": {"runtime": 23}}