{"train_loss": 0.08494449317655635, "_timestamp": 1697025593.5263886, "_runtime": 31.878870725631714, "_step": 219, "val_acc": 84.39306640625, "_wandb": {"runtime": 31}}