{"train_loss": 0.12461520848947383, "_timestamp": 1696980308.8981862, "_runtime": 27.01210927963257, "_step": 179, "val_acc": 86.12716674804688, "_wandb": {"runtime": 26}}