{"train_loss": 0.2371734819093416, "_timestamp": 1696992248.4810746, "_runtime": 9.375439643859863, "_step": 45, "val_acc": 83.81502532958984, "_wandb": {"runtime": 8}}