{"train_loss": 0.13457381594817824, "_timestamp": 1697096908.7136855, "_runtime": 19.739585399627686, "_step": 120, "val_acc": 80.92485809326172, "_wandb": {"runtime": 19}}