{"train_loss": 0.040662585811819446, "_timestamp": 1697008908.412396, "_runtime": 41.115617990493774, "_step": 288, "val_acc": 83.81502532958984, "_wandb": {"runtime": 40}}