{"train_loss": 0.217984251158182, "_timestamp": 1697030509.4796598, "_runtime": 8.570807695388794, "_step": 42, "val_acc": 83.81502532958984, "_wandb": {"runtime": 8}}