{"train_loss": 0.24669345368652842, "_timestamp": 1697109148.9153783, "_runtime": 14.19098424911499, "_step": 78, "val_acc": 83.81502532958984, "_wandb": {"runtime": 13}}