{"train_loss": 0.05362763795135326, "_timestamp": 1696996627.3008626, "_runtime": 27.223660469055176, "_step": 212, "val_acc": 86.12716674804688, "_wandb": {"runtime": 26}}