{"train_loss": 0.0443194140064216, "_timestamp": 1696992297.5543919, "_runtime": 37.675275802612305, "_step": 254, "val_acc": 84.39306640625, "_wandb": {"runtime": 37}}