{"train_loss": 0.2389431832098337, "_timestamp": 1697090460.320296, "_runtime": 10.394268989562988, "_step": 47, "val_acc": 84.97109985351562, "_wandb": {"runtime": 9}}