{"train_loss": 0.1368429607083631, "_timestamp": 1696978344.6850266, "_runtime": 11.061756610870361, "_step": 65, "val_acc": 84.39306640625, "_wandb": {"runtime": 10}}