{"train_loss": 0.054940709075349016, "_timestamp": 1697104887.0200448, "_runtime": 23.25339984893799, "_step": 177, "val_acc": 84.97109985351562, "_wandb": {"runtime": 22}}