{"train_loss": 0.06903332118269835, "_timestamp": 1697127610.6633732, "_runtime": 25.210020303726196, "_step": 165, "val_acc": 81.50289154052734, "_wandb": {"runtime": 24}}