{"train_loss": 0.9389279346133388, "_timestamp": 1697028438.26744, "_runtime": 10.182626962661743, "_step": 50, "val_acc": 80.34681701660156, "_wandb": {"runtime": 9}}