{"train_loss": 0.04733854344894373, "_timestamp": 1697073164.4107187, "_runtime": 27.382973670959473, "_step": 215, "val_acc": 83.81502532958984, "_wandb": {"runtime": 27}}