{"train_loss": 0.033376831788742956, "_timestamp": 1697039509.063127, "_runtime": 29.57827115058899, "_step": 237, "val_acc": 85.54913330078125, "_wandb": {"runtime": 29}}