{"train_loss": 0.08944326458867033, "_timestamp": 1696974556.4984143, "_runtime": 20.5456223487854, "_step": 131, "val_acc": 83.23699188232422, "_wandb": {"runtime": 20}}