{"train_loss": 0.11388646606572492, "_timestamp": 1697129355.3153658, "_runtime": 17.76363468170166, "_step": 126, "val_acc": 84.39306640625, "_wandb": {"runtime": 17}}