{"train_loss": 0.02395869556375844, "_timestamp": 1697099786.1701772, "_runtime": 35.12972021102905, "_step": 290, "val_acc": 86.12716674804688, "_wandb": {"runtime": 34}}