{"train_loss": 0.06488526180971327, "_timestamp": 1697020319.6351407, "_runtime": 27.10286855697632, "_step": 180, "val_acc": 84.39306640625, "_wandb": {"runtime": 26}}