{"train_loss": 0.02147095936734966, "_timestamp": 1696990880.968903, "_runtime": 37.0857720375061, "_step": 299, "val_acc": 86.12716674804688, "_wandb": {"runtime": 36}}