{"train_loss": 0.02067899594738603, "_timestamp": 1697042527.169053, "_runtime": 33.195013999938965, "_step": 270, "val_acc": 84.39306640625, "_wandb": {"runtime": 32}}