{"train_loss": 0.35652666920146275, "_timestamp": 1697033088.1129153, "_runtime": 8.61050820350647, "_step": 33, "val_acc": 81.50289154052734, "_wandb": {"runtime": 8}}