{"train_loss": 0.12558611028091332, "_timestamp": 1697104484.2602901, "_runtime": 26.94343113899231, "_step": 180, "val_acc": 86.7052001953125, "_wandb": {"runtime": 26}}