{"train_loss": 0.03339893552528824, "_timestamp": 1697105457.088382, "_runtime": 26.37842106819153, "_step": 207, "val_acc": 86.12716674804688, "_wandb": {"runtime": 25}}