{"train_loss": 0.07730593836628073, "_timestamp": 1697026883.408972, "_runtime": 15.434135913848877, "_step": 99, "val_acc": 86.12716674804688, "_wandb": {"runtime": 14}}