{"train_loss": 0.48788090777951615, "_timestamp": 1697101559.7990298, "_runtime": 7.995951890945435, "_step": 30, "val_acc": 81.50289154052734, "_wandb": {"runtime": 7}}