{"train_loss": 0.07647543573795362, "_timestamp": 1697052253.9591992, "_runtime": 21.239699125289917, "_step": 159, "val_acc": 89.59537506103516, "_wandb": {"runtime": 20}}