{"train_loss": 0.026579618906104115, "_timestamp": 1697023531.5727289, "_runtime": 32.62101888656616, "_step": 269, "val_acc": 87.86127471923828, "_wandb": {"runtime": 32}}