{"train_loss": 0.02977912701926259, "_timestamp": 1696999050.9985192, "_runtime": 34.210904121398926, "_step": 270, "val_acc": 84.39306640625, "_wandb": {"runtime": 33}}