{"train_loss": 0.0811908315098303, "_timestamp": 1697083519.4488297, "_runtime": 20.805989742279053, "_step": 132, "val_acc": 89.01734161376953, "_wandb": {"runtime": 20}}