{"train_loss": 0.04940257194387012, "_timestamp": 1697055407.1360707, "_runtime": 24.11133575439453, "_step": 186, "val_acc": 88.4393081665039, "_wandb": {"runtime": 23}}