{"train_loss": 0.038713991031494685, "_timestamp": 1697074983.8229022, "_runtime": 26.914340257644653, "_step": 213, "val_acc": 86.12716674804688, "_wandb": {"runtime": 26}}