{"train_loss": 0.040179855580073455, "_timestamp": 1696983850.6012726, "_runtime": 27.4682195186615, "_step": 215, "val_acc": 86.7052001953125, "_wandb": {"runtime": 27}}