{"train_loss": 0.047631298966142675, "_timestamp": 1697068372.1837456, "_runtime": 39.691930532455444, "_step": 279, "val_acc": 85.54913330078125, "_wandb": {"runtime": 39}}