{"train_loss": 0.17709025328025915, "_timestamp": 1697107879.7183301, "_runtime": 15.375909090042114, "_step": 86, "val_acc": 83.23699188232422, "_wandb": {"runtime": 14}}