{"train_loss": 0.05477036497837236, "_timestamp": 1697003773.323611, "_runtime": 22.747615098953247, "_step": 171, "val_acc": 87.28323364257812, "_wandb": {"runtime": 22}}