{"train_loss": 0.057062657420025316, "_timestamp": 1696978135.363574, "_runtime": 23.00393795967102, "_step": 176, "val_acc": 84.39306640625, "_wandb": {"runtime": 22}}