{"train_loss": 0.1154575100747955, "_timestamp": 1696974720.0256183, "_runtime": 23.707687377929688, "_step": 152, "val_acc": 83.81502532958984, "_wandb": {"runtime": 23}}