{"train_loss": 0.1578668609564734, "_timestamp": 1697037247.4254959, "_runtime": 20.776625871658325, "_step": 134, "val_acc": 85.54913330078125, "_wandb": {"runtime": 20}}