{"train_loss": 0.12509676765347288, "_timestamp": 1697105740.9218044, "_runtime": 25.781139373779297, "_step": 174, "val_acc": 86.12716674804688, "_wandb": {"runtime": 25}}