{"train_loss": 0.04672238229622328, "_timestamp": 1697033604.5566847, "_runtime": 18.61596965789795, "_step": 135, "val_acc": 84.39306640625, "_wandb": {"runtime": 18}}