{"train_loss": 0.04048631300196745, "_timestamp": 1697026235.6129894, "_runtime": 28.405349493026733, "_step": 222, "val_acc": 83.81502532958984, "_wandb": {"runtime": 27}}