{"train_loss": 0.052479026617135764, "_timestamp": 1697037059.8225467, "_runtime": 29.205460786819458, "_step": 233, "val_acc": 83.23699188232422, "_wandb": {"runtime": 28}}