{"train_loss": 0.21354354952656945, "_timestamp": 1697062934.3820791, "_runtime": 12.899269104003906, "_step": 69, "val_acc": 83.81502532958984, "_wandb": {"runtime": 12}}