{"train_loss": 0.027201220918403463, "_timestamp": 1696979030.1181, "_runtime": 35.872917890548706, "_step": 297, "val_acc": 86.7052001953125, "_wandb": {"runtime": 35}}