{"train_loss": 0.043458481357151336, "_timestamp": 1697016435.229556, "_runtime": 31.936694145202637, "_step": 216, "val_acc": 84.39306640625, "_wandb": {"runtime": 31}}