{"train_loss": 0.11644552798595192, "_timestamp": 1696984572.4554975, "_runtime": 14.027003526687622, "_step": 75, "val_acc": 83.23699188232422, "_wandb": {"runtime": 13}}