{"train_loss": 0.046884723194484966, "_timestamp": 1696995086.6618814, "_runtime": 26.38846755027771, "_step": 203, "val_acc": 86.12716674804688, "_wandb": {"runtime": 25}}