{"train_loss": 0.11125929898387471, "_timestamp": 1697045003.3271976, "_runtime": 12.518301486968994, "_step": 78, "val_acc": 88.4393081665039, "_wandb": {"runtime": 12}}