{"train_loss": 0.16016829165435115, "_timestamp": 1697038999.2952838, "_runtime": 15.036742687225342, "_step": 86, "val_acc": 84.97109985351562, "_wandb": {"runtime": 14}}