{"train_loss": 0.06152636228605758, "_timestamp": 1697095478.5189545, "_runtime": 16.49335241317749, "_step": 116, "val_acc": 84.39306640625, "_wandb": {"runtime": 16}}