{"train_loss": 0.13161322165572972, "_timestamp": 1697104197.0822144, "_runtime": 23.753955364227295, "_step": 155, "val_acc": 86.12716674804688, "_wandb": {"runtime": 23}}