{"train_loss": 0.09723320256832034, "_timestamp": 1697046620.25475, "_runtime": 24.52497696876526, "_step": 189, "val_acc": 85.54913330078125, "_wandb": {"runtime": 24}}