{"train_loss": 0.14784687649198744, "_timestamp": 1696983534.0684135, "_runtime": 10.309455394744873, "_step": 50, "val_acc": 83.23699188232422, "_wandb": {"runtime": 9}}