{"train_loss": 0.05076150480944793, "_timestamp": 1697086459.8727787, "_runtime": 27.6718966960907, "_step": 221, "val_acc": 86.7052001953125, "_wandb": {"runtime": 27}}