{"train_loss": 0.08452230655090061, "_timestamp": 1697021522.7046654, "_runtime": 13.9224693775177, "_step": 92, "val_acc": 87.28323364257812, "_wandb": {"runtime": 13}}