{"train_loss": 0.10684216530387138, "_timestamp": 1697065297.6652062, "_runtime": 36.96469521522522, "_step": 255, "val_acc": 82.08092498779297, "_wandb": {"runtime": 36}}