{"train_loss": 0.06632193976601716, "_timestamp": 1697115123.0261986, "_runtime": 29.34787368774414, "_step": 198, "val_acc": 84.39306640625, "_wandb": {"runtime": 28}}