{"train_loss": 0.25865489764269006, "_timestamp": 1697057913.6075416, "_runtime": 17.706148624420166, "_step": 107, "val_acc": 84.39306640625, "_wandb": {"runtime": 17}}