{"train_loss": 0.04224725894773444, "_timestamp": 1697037487.8503866, "_runtime": 33.59974670410156, "_step": 273, "val_acc": 86.7052001953125, "_wandb": {"runtime": 33}}