{"train_loss": 0.0662190146733422, "_timestamp": 1697088489.5409133, "_runtime": 19.916789293289185, "_step": 147, "val_acc": 80.34681701660156, "_wandb": {"runtime": 19}}