{"train_loss": 0.05864182104042536, "_timestamp": 1697028571.0389345, "_runtime": 24.06687641143799, "_step": 159, "val_acc": 85.54913330078125, "_wandb": {"runtime": 23}}