{"train_loss": 0.09396651886446877, "_timestamp": 1697095335.4672396, "_runtime": 17.662537574768066, "_step": 126, "val_acc": 83.81502532958984, "_wandb": {"runtime": 17}}