{"train_loss": 0.05973355146124959, "_timestamp": 1697071876.2330434, "_runtime": 19.7556095123291, "_step": 146, "val_acc": 86.12716674804688, "_wandb": {"runtime": 19}}