{"train_loss": 0.06374831604879609, "_timestamp": 1697127198.496762, "_runtime": 15.961349964141846, "_step": 110, "val_acc": 87.28323364257812, "_wandb": {"runtime": 15}}