{"train_loss": 0.029626354920342133, "_timestamp": 1696991073.3445919, "_runtime": 23.362403869628906, "_step": 174, "val_acc": 86.12716674804688, "_wandb": {"runtime": 22}}