{"train_loss": 0.09381107535473136, "_timestamp": 1697122390.5009558, "_runtime": 12.947101831436157, "_step": 80, "val_acc": 84.97109985351562, "_wandb": {"runtime": 12}}