{"train_loss": 0.12015267080075086, "_timestamp": 1697041051.9965525, "_runtime": 19.45874047279358, "_step": 120, "val_acc": 83.23699188232422, "_wandb": {"runtime": 19}}