{"train_loss": 0.032266687498926076, "_timestamp": 1696985829.120386, "_runtime": 32.53507995605469, "_step": 260, "val_acc": 84.97109985351562, "_wandb": {"runtime": 32}}