{"train_loss": 0.40658857517464214, "_timestamp": 1697086288.2825832, "_runtime": 16.017654180526733, "_step": 110, "val_acc": 84.39306640625, "_wandb": {"runtime": 15}}