{"train_loss": 0.02260061763064546, "_timestamp": 1697042484.2608476, "_runtime": 36.314263582229614, "_step": 299, "val_acc": 86.12716674804688, "_wandb": {"runtime": 35}}