{"train_loss": 0.04591156974391535, "_timestamp": 1697058448.9852324, "_runtime": 21.11263346672058, "_step": 150, "val_acc": 85.54913330078125, "_wandb": {"runtime": 19}}