{"train_loss": 0.11372335175008969, "_timestamp": 1696972991.835677, "_runtime": 13.935068845748901, "_step": 92, "val_acc": 86.7052001953125, "_wandb": {"runtime": 13}}