{"train_loss": 0.1370190402038049, "_timestamp": 1697013732.7261133, "_runtime": 11.421789407730103, "_step": 66, "val_acc": 85.54913330078125, "_wandb": {"runtime": 11}}