{"train_loss": 0.08614353935754057, "_timestamp": 1697009414.8379843, "_runtime": 15.55498743057251, "_step": 107, "val_acc": 84.39306640625, "_wandb": {"runtime": 15}}