{"train_loss": 0.05651939500848828, "_timestamp": 1697054206.8920627, "_runtime": 28.570621728897095, "_step": 227, "val_acc": 88.4393081665039, "_wandb": {"runtime": 28}}