{"train_loss": 0.19257780705946823, "_timestamp": 1697063536.2399764, "_runtime": 11.329095363616943, "_step": 56, "val_acc": 82.08092498779297, "_wandb": {"runtime": 10}}