{"train_loss": 0.06667566141330225, "_timestamp": 1697015678.4753542, "_runtime": 20.82832407951355, "_step": 153, "val_acc": 86.12716674804688, "_wandb": {"runtime": 20}}