{"train_loss": 0.05980527560432376, "_timestamp": 1697003291.2365465, "_runtime": 30.818350553512573, "_step": 207, "val_acc": 82.08092498779297, "_wandb": {"runtime": 30}}