{"train_loss": 0.09236173762474209, "_timestamp": 1697052960.1605153, "_runtime": 40.6987943649292, "_step": 290, "val_acc": 85.54913330078125, "_wandb": {"runtime": 40}}