{"train_loss": 0.06045567728903924, "_timestamp": 1697022643.8314714, "_runtime": 21.518659353256226, "_step": 162, "val_acc": 84.97109985351562, "_wandb": {"runtime": 21}}