{"train_loss": 0.07055636576571783, "_timestamp": 1697072052.700924, "_runtime": 20.543231964111328, "_step": 137, "val_acc": 86.12716674804688, "_wandb": {"runtime": 18}}