{"train_loss": 0.030665590297863927, "_timestamp": 1697031353.9697962, "_runtime": 26.774603128433228, "_step": 212, "val_acc": 85.54913330078125, "_wandb": {"runtime": 26}}